signal_date,quintile,n_bonds,mean_abs_error,mean_return,mean_squared_return,mean_disagreement,past_volatility
2005-07-31,1,570,0.011037232598380806,0.010467491226479882,0.0002582427530099344,0.0008721108046548957,0.014910013750127736
2005-07-31,2,570,0.012737947555486911,0.009185877172243189,0.0005341197261814868,0.0014961865915504471,0.016286292163569575
2005-07-31,3,571,0.011757963244341316,0.011079211899219753,0.00028985651237920483,0.0021446126342793102,0.01533207707220858
2005-07-31,4,570,0.01334647801287926,0.0063608771650474965,0.0006318084303764804,0.003033242201022255,0.01849333411495424
2005-07-31,5,570,0.0161222117705273,0.006264228068922469,0.0011798621280512294,0.0048268318479260455,0.022534963206796814
2005-08-31,1,565,0.02007371617869827,-0.01695283189065913,0.0005185386292829583,0.0009701056486860122,0.01276912193792719
2005-08-31,2,565,0.022482306919137166,-0.019515468962724936,0.0008693340691223284,0.0015983640924995077,0.014848909169376055
2005-08-31,3,564,0.02013409821136927,-0.016697712808644422,0.0005925048989146494,0.0021486013805280422,0.01588437502840142
2005-08-31,4,565,0.019043072509933513,-0.0151713097483987,0.00048665143688867736,0.002920243915959754,0.015803148120913327
2005-08-31,5,565,0.025516851758586524,-0.01996838936531469,0.0022898717628141436,0.00483571978038918,0.02445074066001722
2005-09-30,1,553,0.01662826434902859,-0.012270253162773071,0.0002840436383037363,0.0012353542702118856,0.013428341797766944
2005-09-30,2,552,0.0165534503394814,-0.01219396739211795,0.0003583748318772784,0.0018672581632941862,0.014630765068782357
2005-09-30,3,553,0.016190922867887984,-0.012045479242232668,0.0003594790801493429,0.002439254203034716,0.015870422809439812
2005-09-30,4,552,0.01678485813600778,-0.011232083335379275,0.0004147544826206168,0.0031947857401579418,0.01662522547849043
2005-09-30,5,553,0.01876057936865393,-0.013432224249377206,0.0007031293581391757,0.004808185707905142,0.021670862425722
2005-10-31,1,565,0.005117649659518773,0.0013178584112170713,0.00013051198830163377,0.0009918001553812798,0.01637446988037239
2005-10-31,2,565,0.005809928974258742,0.0013076991299852375,0.00015515662603987122,0.0016278413749684724,0.015835836150646605
2005-10-31,3,566,0.007333716960243831,0.0015584628743152138,0.0004374194462966435,0.0022275457242886903,0.016350909374933758
2005-10-31,4,565,0.007664150206975943,0.003117415929379032,0.00028638213376184287,0.0030141845293669327,0.017232006736777446
2005-10-31,5,565,0.016401590932616998,0.0007576106739590002,0.002097351329620894,0.004730616995660087,0.020674593406212714
2005-11-30,1,553,0.005463072591812286,0.006878083180396443,0.00027630480086214727,0.0011958821741004668,0.014553465476703298
2005-11-30,2,554,0.007564837617578944,0.007543971140045544,0.00018161778535889778,0.0018144674445499506,0.01668698610906052
2005-11-30,3,553,0.007614823471446662,0.00798273056244738,0.00022735094134005145,0.0023819222737083215,0.017145868047552346
2005-11-30,4,554,0.008278482261843972,0.0069680866180589305,0.00037183527952316166,0.003150252094662783,0.01870931349015184
2005-11-30,5,553,0.011350116502654262,0.005316781205399929,0.0006518482014369029,0.0048686255179246135,0.021083806422124103
2005-12-31,1,562,0.008982249198955052,-0.004801975082204424,7.488157945022056e-05,0.0009377426325469968,0.013521844007961407
2005-12-31,2,562,0.008908159322039522,-0.0029670640309943006,0.00013608039269395232,0.0016072641929392804,0.015275875946053504
2005-12-31,3,561,0.009819353630239232,-0.001443137262788383,0.00018241376278751165,0.0022660251129508918,0.016818854462002104
2005-12-31,4,562,0.011853758658146222,0.0008084875183310268,0.000580258216335437,0.0030782306456091997,0.01685799868953282
2005-12-31,5,562,0.017030184741907983,0.005906263351239447,0.0011117069189118588,0.004851096261191507,0.021045779140182647
2006-01-31,1,563,0.0058193837690095045,0.00016673179098958485,4.855829676018091e-05,0.0009348580157384821,0.013407664652257924
2006-01-31,2,563,0.006979950498595652,0.0018647779561789105,0.00010182971385038323,0.0015570860962704836,0.015745040867819027
2006-01-31,3,564,0.007054027678662764,0.001790070912828543,0.0001513299696721223,0.0021573558491241335,0.017085240901792444
2006-01-31,4,563,0.005994595190668345,0.0009766962591563969,9.46922437838915e-05,0.002953407609572933,0.01671581410784372
2006-01-31,5,563,0.011885621510480199,0.004215843743966916,0.0008114244409239722,0.004851111014108279,0.02132156524497227
2006-02-28,1,554,0.016527336082368158,-0.012963447629539299,0.0004052498501620995,0.0009347460903848039,0.013343179706141678
2006-02-28,2,554,0.017805277141640246,-0.012094729240884804,0.0004830779540882615,0.001581757821380536,0.016303836461263436
2006-02-28,3,553,0.01548886243308914,-0.009745732354338931,0.00038162044185922607,0.0021543239372122007,0.016103012741695205
2006-02-28,4,554,0.01687460317883256,-0.008887617280881702,0.00047749413742353384,0.00295383027787893,0.017533651324934653
2006-02-28,5,554,0.023656130557003656,-0.008041245467516764,0.0012332754388380458,0.00487421791217978,0.021857885599987987
2006-03-31,1,564,0.010388123818634175,-0.006961737575461193,0.00014108754772217916,0.0009500740406852291,0.012924703592967877
2006-03-31,2,564,0.010304400903687613,-0.006221276597711336,0.00014761294341472995,0.0015360258641758352,0.014057477642897553
2006-03-31,3,563,0.011473030882242689,-0.0057649733709152495,0.00021571426550225374,0.00215508140707635,0.016640983480788834
2006-03-31,4,564,0.010540075268381641,-0.004595106371082093,0.0001756296778892581,0.003009304384137008,0.017580542865849733
2006-03-31,5,564,0.015206981035055111,0.0012339184436475357,0.0010763917251431063,0.004906618610827126,0.01932431360756066
2006-04-30,1,558,0.00748788189374067,-0.0038227240131496355,5.048513145800485e-05,0.0009303465020963019,0.012246421427476133
2006-04-30,2,558,0.008153311308840524,-0.004509928305516273,7.142346849624856e-05,0.0015942970486675155,0.01388940227387001
2006-04-30,3,558,0.009316420442642356,-0.0052675627357334585,9.829890814252312e-05,0.002274084942855094,0.014291764111774305
2006-04-30,4,558,0.0110776104559136,-0.0044482437187393625,0.00020729696542464633,0.00315983560246541,0.016433591681980057
2006-04-30,5,558,0.012294167561913599,-0.002768494608313618,0.0005384688019379603,0.005067795200933112,0.020529808371039893
2006-05-31,1,563,0.007575779973406746,-0.0038860035773388814,6.212798335361754e-05,0.0009383113693231532,0.011276037364457266
2006-05-31,2,563,0.007640024387155989,-0.0035377264705100026,6.239313174980934e-05,0.0016104814585114718,0.012070690473822369
2006-05-31,3,563,0.009339407255367364,-0.005038294845203713,0.00010647962911068151,0.002304390827078909,0.014961070258249703
2006-05-31,4,563,0.010075138243430402,-0.006071119017096329,0.00014917536795627784,0.003078418902460247,0.015053357070423688
2006-05-31,5,563,0.01142549501096936,-0.0034975311112120542,0.0002447371636124933,0.004967666952883571,0.01877097146901441
2006-06-30,1,552,0.008054471663778961,0.008344220996934671,0.0003145035082514104,0.0011315424596366674,0.01252926455094276
2006-06-30,2,552,0.006685197028737756,0.008493840576997225,0.00017055063559614836,0.0017275374586518163,0.011687974429074726
2006-06-30,3,553,0.009553022687521392,0.0073684629651176925,0.0004896223980322373,0.0023095592255907497,0.013855346159074229
2006-06-30,4,552,0.00960401229099076,0.008257047082567453,0.00039223147479000966,0.0031081531356428626,0.015400944550771645
2006-06-30,5,552,0.012375333876572497,0.007041721026035847,0.0008496235152817899,0.0049845638841060115,0.01788826399553651
2006-07-31,1,565,0.010593638127949957,0.01260180530010566,0.0002684651556418209,0.0008974185145574285,0.011470644044851222
2006-07-31,2,564,0.011149874001171633,0.013475035451924765,0.00031578640511696225,0.0014429495946630074,0.012486175951784874
2006-07-31,3,565,0.011283590885362047,0.012707274353872897,0.0003108036005480511,0.0019716084076025625,0.013737661443327666
2006-07-31,4,564,0.010992945752446977,0.01203916667063113,0.00032499967764648875,0.0026147564324220107,0.014601652003635793
2006-07-31,5,565,0.016402231011872968,0.012388902616458409,0.0008295163471818733,0.004249333203479753,0.018713236516188288
2006-08-31,1,562,0.005365849154796476,0.007143078290604037,9.621105632600761e-05,0.0009285820379710056,0.012319823603813809
2006-08-31,2,562,0.005943725852169624,0.007491387886539637,0.00010877077457360269,0.0014417998207087964,0.013540471806280843
2006-08-31,3,562,0.006694010131235695,0.007123487508074358,0.0002106315077683412,0.0019898698185568282,0.013355238897042642
2006-08-31,4,562,0.00689244930459562,0.00679229537312093,0.00020118249009050933,0.002657937443846384,0.013552700465173503
2006-08-31,5,562,0.010683695338843497,0.005958024916590245,0.0010895177893070907,0.004246100436373871,0.018606667917495674
2006-09-30,1,557,0.003985545267526187,0.00437104129144162,6.01868605042104e-05,0.0008944144635066988,0.011690195102844591
2006-09-30,2,557,0.005634250403340263,0.004506373437178151,0.00021528570844170982,0.001386815993154,0.012248737109915291
2006-09-30,3,556,0.006291013634086956,0.004859928076473271,0.00024134358148961222,0.0018413242330282832,0.013094078399222726
2006-09-30,4,557,0.006543055866577198,0.00637290846136379,0.00018314869757816234,0.00247480754754512,0.012961545444797154
2006-09-30,5,557,0.009789691838414138,0.005565368026212354,0.00043434660335637106,0.004331173296134829,0.01760681102028742
2006-10-31,1,569,0.007916906070381754,0.010016766258344887,0.00017469198561266268,0.0008891983387058297,0.011724073738007375
2006-10-31,2,570,0.008816470539026244,0.009683824562907511,0.00027999024946192175,0.0014667918849943045,0.012696578296650553
2006-10-31,3,569,0.008725830926874048,0.010337715302931334,0.00020545773136687308,0.0020203012497147467,0.012730494785546949
2006-10-31,4,570,0.009764546127845726,0.008378754352458617,0.000666700972639666,0.0027101837503009595,0.012059717361817362
2006-10-31,5,569,0.012684197273928544,0.010001054450361445,0.0009702786033111286,0.0045013110708242,0.014736720201876816
2006-11-30,1,560,0.015554798633412286,-0.010758678583858585,0.00030092112026668957,0.0009028040644725962,0.012190224100884455
2006-11-30,2,560,0.014684327755989456,-0.008765285693522985,0.00037721080642633457,0.001507078607619367,0.01208060733671346
2006-11-30,3,561,0.013142432573243715,-0.007613582895713481,0.00023844633014346868,0.0021041798337427674,0.011109397785514933
2006-11-30,4,560,0.012132665808308943,-0.006927089273001132,0.00022403909799989633,0.0028205083226422027,0.011472283342575383
2006-11-30,5,560,0.012399784420407243,-0.0021711071866255746,0.0003543328214477089,0.004585716312979036,0.01660745229689629
2006-12-31,1,568,0.008191836543943374,-0.002604841558038483,6.749875078651495e-05,0.0010799215108078905,0.012327752787863758
2006-12-31,2,568,0.00827065297346321,-0.0023878873164032716,7.706457274359102e-05,0.0015728522936549918,0.012502752663475709
2006-12-31,3,567,0.006992120202705711,-0.001549576724163859,6.73313543089912e-05,0.0021137234182543544,0.011694738298097852
2006-12-31,4,568,0.007663555205982168,-0.0011072711347968462,0.0001146473622094945,0.0028121079638259504,0.01259240188684081
2006-12-31,5,568,0.009355329694576243,0.0019465669135544732,0.0002728275382090914,0.004461617966732957,0.01546680130932092
2007-01-31,1,565,0.012799673400124428,0.015557079672603766,0.0003691979521247942,0.0010917180610204452,0.011941904642696326
2007-01-31,2,564,0.013438641804299928,0.0140193439412142,0.0005408805203890344,0.0016727319327906663,0.012868798058459153
2007-01-31,3,565,0.013577148168004222,0.014044230107035935,0.0005086077497137243,0.0022622092571791402,0.012480777358420136
2007-01-31,4,564,0.013428950599682982,0.014362429091867872,0.00035522713329451123,0.003031843979931625,0.01220481212749163
2007-01-31,5,565,0.013659363788469,0.013073876135816707,0.00033131672406322665,0.004637459413945639,0.014203968470725213
2007-02-28,1,551,0.011362917951855383,-0.00757691468552135,0.00022725947995948868,0.0009454685458145205,0.012203098142188175
2007-02-28,2,550,0.011559068123534143,-0.007765909104610645,0.0002683544504936433,0.001571183552274331,0.01265998149762238
2007-02-28,3,551,0.010273593568018912,-0.005929401085398581,0.00021979183502701343,0.002125934144553169,0.012496640237232945
2007-02-28,4,550,0.010513157383576817,-0.007029963650539602,0.0002361233018760694,0.0028074646479881713,0.013545324469206282
2007-02-28,5,551,0.011776144736698744,-0.007617513625574889,0.0003356475882094641,0.00447188380392857,0.014529628287609956
2007-03-31,1,563,0.003831075496359913,0.0021435168728041734,4.7388941814863776e-05,0.0009625098299578777,0.011914536258306479
2007-03-31,2,563,0.00486151045536794,0.004162184738472487,9.580289870368873e-05,0.0015939123790575515,0.012495078188562277
2007-03-31,3,562,0.005622638600180611,0.003714056933286071,0.00016518426025176835,0.0021838192126568535,0.012702087312522887
2007-03-31,4,563,0.007049214995312941,0.005148650084606541,0.0006893249109965566,0.0029258861288257235,0.01398224740123637
2007-03-31,5,563,0.008376357258817082,0.006246696246866636,0.00041760282086198975,0.004592240553498595,0.01358852764260155
2007-04-30,1,553,0.015610419565858655,-0.01077656420744678,0.00025299059239580724,0.0008526008616675795,0.012471188742382795
2007-04-30,2,554,0.01716063388469963,-0.00880685915919313,0.0015982407402743812,0.0014556563911168206,0.01307686163454554
2007-04-30,3,553,0.015013885042888434,-0.010088553342208895,0.00033436409144336663,0.002020616927992342,0.01262446625994043
2007-04-30,4,554,0.012552218937053505,-0.006606028907558719,0.00018927816812531087,0.002815249884188676,0.012722294650114705
2007-04-30,5,553,0.013119414228881358,-0.00597314648472573,0.00022783677245799485,0.004407778225842446,0.013707975233101601
2007-05-31,1,563,0.013998233400601384,-0.009933587915682173,0.00018933437203820787,0.0010025969988267734,0.013676271030764704
2007-05-31,2,563,0.01532919535672529,-0.009385204309943756,0.0007077306182006362,0.0015953835649727948,0.013249321808299803
2007-05-31,3,562,0.014852304042319638,-0.009394750857803523,0.0007756864893604811,0.0021269849116263466,0.012612073444600204
2007-05-31,4,563,0.015105963118388053,-0.011640834799829114,0.0003531435639646222,0.0028093542430894067,0.013287962352732446
2007-05-31,5,563,0.016386942075821417,-0.014485310793103282,0.000546381815937964,0.004250697916360523,0.013434341410180519
2007-06-30,1,551,0.01272654921589931,-0.004426606180398129,0.0004686522671885626,0.0009390912432383869,0.013488643389529627
2007-06-30,2,550,0.01472283509836428,-0.006722363633300781,0.0005547118195022657,0.0015135512656313408,0.012850063387906183
2007-06-30,3,551,0.015301127419233847,-0.008773756773754738,0.0005829666565027342,0.0020842029486987995,0.012640082479420469
2007-06-30,4,550,0.018198585896566328,-0.010750200038938519,0.0008217940695889992,0.002799326005881992,0.013012730404495715
2007-06-30,5,551,0.02400126539090986,-0.01778388389532099,0.002274349703219697,0.004292994629902089,0.013477027532565283
2007-07-31,1,561,0.009086204624359573,0.0072132263744468655,0.00020473985156422328,0.000706993485912687,0.012265865375273497
2007-07-31,2,561,0.011293328403937616,0.00629914436810238,0.0003728866434123401,0.0011299005116230116,0.01343441647050986
2007-07-31,3,560,0.013477955864283433,0.005428017793714649,0.0005165751446282291,0.0015492010116808029,0.014552831639361332
2007-07-31,4,561,0.013739617425256069,0.007466399231309031,0.0004664193658432307,0.002126406370591309,0.015305898321490378
2007-07-31,5,561,0.015244609389376464,0.003936880533151833,0.0006580715802542156,0.0037751287593635434,0.01835130687369427
2007-08-31,1,556,0.007791084155818095,0.002902481994640753,0.00014795435260704466,0.0006705746146520214,0.012076723999044567
2007-08-31,2,556,0.00965676200243763,0.0051954316478461824,0.0002674128569540683,0.0010995989174217677,0.01421015752557866
2007-08-31,3,555,0.011225564537805752,0.007342090086944858,0.00038345618728159844,0.0015868620633982808,0.015177588282656267
2007-08-31,4,556,0.01104137233782057,0.007121672645160602,0.00032194717606491227,0.0022183832499651774,0.01508562818770147
2007-08-31,5,556,0.015901146701050948,0.008910827319197007,0.0009715550445937696,0.004011447334931919,0.018337482209220844
2007-09-30,1,552,0.007572983971630237,0.008141884072071094,0.00016334775227744386,0.0006663528200389271,0.012665001512245462
2007-09-30,2,552,0.008956450665924839,0.006832192064005052,0.0002254911027403092,0.0011057645020951649,0.014665215715595111
2007-09-30,3,553,0.009074150665617153,0.007747594915519032,0.0002444588014998986,0.0015515825512446668,0.015143853304307158
2007-09-30,4,552,0.00928400915183008,0.008001920303022547,0.0002327801817634408,0.002229204685917944,0.015523308985426351
2007-09-30,5,552,0.013253443720679702,0.006882699276186189,0.0005567672469177985,0.004207140937516335,0.01869976299536935
2007-10-31,1,559,0.017115571830588393,0.009433577805092665,0.0005506835717084977,0.0006678248950640515,0.012624149673030768
2007-10-31,2,559,0.01752804593384721,0.004890840781251211,0.0006595583311234513,0.0011389013187892581,0.014523571528593822
2007-10-31,3,559,0.016943667562440458,0.002136511644747834,0.000529261569067154,0.0016013462934051812,0.01547625519156951
2007-10-31,4,559,0.01752136782312038,0.0012327727683591164,0.0005566735968833225,0.0022989366836784902,0.016214247198364513
2007-10-31,5,559,0.03065090621695574,-0.016092611790094215,0.0027163927371757902,0.003821040530164878,0.018621083143300462
2007-11-30,1,548,0.010399351421203034,-0.0045423175401030315,0.00020881488189295573,0.0006686584160897108,0.01316881958960793
2007-11-30,2,548,0.010777265103307742,-0.003300894163996657,0.00024017009313255248,0.0011393555141470664,0.015558260362397462
2007-11-30,3,548,0.011219251598454518,-0.0029092883262215553,0.0002789114733825036,0.0016503666373822508,0.015781694026974824
2007-11-30,4,548,0.012014260655845536,-0.004331897794291384,0.0003360662578469409,0.0024155731953233914,0.014948887444431866
2007-11-30,5,548,0.015241811875653835,-0.002785054722372366,0.0008009761128651078,0.004556050472488561,0.01874799798858993
2007-12-31,1,572,0.015863491463266155,0.007620664372438228,0.0004380921329618402,0.000662441529410866,0.013895288953221674
2007-12-31,2,571,0.015899102332593333,0.007392924709581251,0.0004533885239545212,0.001138726684272859,0.015995340048192207
2007-12-31,3,572,0.016840955403333687,0.00581234268115209,0.0004912777185177767,0.0016596414122870284,0.016608692527890698
2007-12-31,4,571,0.020267778388426,0.003762872176842579,0.0009797427574542781,0.0023945404789889858,0.016864948958032776
2007-12-31,5,572,0.02460567686945922,-0.0019491258812691244,0.0019386256524396284,0.004123927722682235,0.020401526562711523
2008-01-31,1,571,0.011299536705744991,0.0033580910568590393,0.00025269505081983976,0.0006502399383603529,0.014331837744762849
2008-01-31,2,570,0.013085042095949124,0.0011597368460411017,0.0003755968015160756,0.0011589676289814152,0.016665972756460444
2008-01-31,3,571,0.014360118774595585,-0.0008694395749168528,0.0005475842844285554,0.001613264515584814,0.0178144028288834
2008-01-31,4,570,0.017062428604669697,-0.0018035263309572832,0.0010152041079154034,0.002295105796252677,0.01824036307475388
2008-01-31,5,571,0.023855580285979706,-0.007019246979695076,0.0020395094872065877,0.003999243421078678,0.022659229188829205
2008-02-29,1,562,0.015976783985842728,-0.010716031973688943,0.0006335234748268899,0.0006815435530775397,0.015246805689714033
2008-02-29,2,562,0.019559580143878846,-0.01349533804880001,0.0012450599276917528,0.001162724611570473,0.01622581487753885
2008-02-29,3,563,0.01947355070366971,-0.011721420976719786,0.0009903934326139239,0.0016589656239155439,0.01647110081765614
2008-02-29,4,562,0.01871518049201652,-0.008616121016322942,0.0008255498822220159,0.0023678323778787446,0.01722120492910166
2008-02-29,5,562,0.02261180522369786,-0.009407508934788353,0.0014695997980485672,0.0041727565807189995,0.02387911354749239
2008-03-31,1,580,0.017911207640011934,0.0007899482618964173,0.0006161613913359802,0.0006876937567167434,0.015483097015453577
2008-03-31,2,580,0.022485354844551626,0.0031917930800334253,0.00113647094729172,0.0011702460919959697,0.017225915090682494
2008-03-31,3,580,0.02312860173045261,0.010641758640554928,0.0014190690147360924,0.0017168076263002802,0.01807975832848891
2008-03-31,4,580,0.026093386853685896,0.013386034436647104,0.0016341213233306124,0.0026072295085497925,0.02024906653828261
2008-03-31,5,580,0.03517453027038974,0.022972568875122997,0.0025321089842046244,0.004714400868385722,0.024942262054797448
2008-04-30,1,575,0.014694366129560215,-0.009447773892847497,0.00031743536433896045,0.0006592497053564423,0.014839380644761731
2008-04-30,2,574,0.016535588414385176,-0.008335679428490337,0.00040673507355817504,0.0011286096060325627,0.018523909398790592
2008-04-30,3,575,0.017907350599164245,-0.007672939098012411,0.0008648679039755525,0.0016087276432118266,0.02068867555882297
2008-04-30,4,574,0.018731597314478512,-0.0049866027772911435,0.0008568995046708796,0.002323937174536899,0.020516269949635416
2008-04-30,5,575,0.02163116870763944,0.0008728869942981122,0.0013773527242880133,0.004047579057087056,0.02432185561223017
2008-05-31,1,584,0.00937326814782132,-0.0001477397242512144,0.00022069110417723554,0.0006721177533441135,0.015592987838382977
2008-05-31,2,585,0.013525838098065927,-0.0035037948896224874,0.0005021401722381455,0.0012708069717177058,0.01983332952752412
2008-05-31,3,584,0.01756333313446589,-0.006946849282846652,0.000808014931957663,0.0018486284788787636,0.022180194847622927
2008-05-31,4,585,0.02271404163888113,-0.014593794899695388,0.0014509078570844815,0.002593174856058749,0.022715825283580803
2008-05-31,5,584,0.033385881230628585,-0.022992671146013194,0.00370364761604339,0.004278005903149199,0.02854432345982667
2008-06-30,1,576,0.012606046830459143,-0.006428576410188371,0.00046825214710216747,0.0007352101308215085,0.017286233105072286
2008-06-30,2,576,0.015586156680148535,-0.008338263876086986,0.0007433063269227966,0.0012994056928793728,0.01937853522935805
2008-06-30,3,577,0.01747099061790236,-0.010954280677552391,0.000954816042231319,0.0019412817580248159,0.021761480018031885
2008-06-30,4,576,0.018888297189922385,-0.012825277762677464,0.0012201349796482702,0.002874876258712044,0.022022725385412962
2008-06-30,5,576,0.035302695678967586,-0.028652013997859486,0.0038498182396515235,0.005228096030964205,0.029425653658315953
2008-07-31,1,589,0.010824056046834788,0.00860974531811744,0.0002789579171284801,0.0006733073864094946,0.016423510054296573
2008-07-31,2,590,0.012261012754350823,0.007987457654235187,0.000415396220787224,0.0011113541865481597,0.01991981263121829
2008-07-31,3,589,0.011268151585196331,0.008565908294486939,0.00031356766758820325,0.001620597085391675,0.01889282554826174
2008-07-31,4,590,0.014494967354535324,0.006100135617261759,0.0007631935122080312,0.00241585994781544,0.02464842527729778
2008-07-31,5,589,0.01938337771243364,0.006285144358054902,0.0012766723315439335,0.004496522935418308,0.031857551229888766
2008-08-31,1,591,0.0439804856342023,-0.04051329956483332,0.0035230552261965725,0.0006432531529537836,0.01610106788066348
2008-08-31,2,591,0.05464412807215353,-0.05117473773131945,0.0054994168750423815,0.0011074574139802922,0.018710532660057913
2008-08-31,3,592,0.04862532777171897,-0.04454738169280628,0.0040800375096517365,0.0016604264753322395,0.02048645938052329
2008-08-31,4,591,0.057348716951147384,-0.05355578680693768,0.007914723398978859,0.0024608713988760306,0.024045328940109023
2008-08-31,5,591,0.1536460601471588,-0.15150556714041946,0.06909399262011252,0.0045842513762368396,0.03220754411773616
2008-09-30,1,579,0.10880274579159006,-0.1027267014409288,0.016698224984240645,0.0007068947444064676,0.01866223999826521
2008-09-30,2,579,0.09852953841877675,-0.08643483588122562,0.01578550188367458,0.0011693459922763507,0.018632999840362867
2008-09-30,3,579,0.10631793446034686,-0.09791604483962618,0.01713170663808545,0.0016948573999521605,0.020336283672544517
2008-09-30,4,579,0.11981421402803982,-0.10527868718789514,0.021942153607005094,0.002502039809400565,0.022866095286971398
2008-09-30,5,579,0.15639185896956706,-0.09934689109063356,0.0440219205019256,0.0042881172903896005,0.03209546275523693
2008-10-31,1,599,0.060650635503345866,0.012333405910079536,0.007239181597943901,0.00077079495321445,0.03996844993662754
2008-10-31,2,599,0.06201652329060714,0.01109333892723552,0.009401200265579347,0.001272834182137079,0.04000652879580886
2008-10-31,3,599,0.07420875319764952,0.009295058543778309,0.014492793275188381,0.001805497598617683,0.04433193271557355
2008-10-31,4,599,0.07971003953434969,0.0036511519868270836,0.016095813493953663,0.0026306110401744247,0.048274103511200255
2008-10-31,5,599,0.09032506035937425,-0.005686494085069191,0.017907909667366134,0.004394948537428984,0.05828679197790104
2008-11-30,1,590,0.06714750303260521,0.04123674565511835,0.00930410566719173,0.0008058042727220757,0.04148654139453932
2008-11-30,2,590,0.07621375706207839,0.05427583042126232,0.011478821819677496,0.0013692472632339237,0.04547454646416792
2008-11-30,3,589,0.07543239071870761,0.05182134115624439,0.011642734286605415,0.0020650309366756427,0.04591378070005524
2008-11-30,4,590,0.08078530484371453,0.04845986457415057,0.014142331604768073,0.0029346221343980027,0.04638776052381116
2008-11-30,5,590,0.08689419060482803,0.03805715239306387,0.019157680636925054,0.0046516523162460285,0.05760984812183205
2008-12-31,1,602,0.04836463537788919,0.028233887086230047,0.006701058837613537,0.0006727040066149932,0.04997884220341956
2008-12-31,2,601,0.05997688575195583,0.029171680407813625,0.007276764471899614,0.0012054285193765634,0.05749744387751069
2008-12-31,3,602,0.06341867687382602,0.030304501714946606,0.009511448643961754,0.0018326097296994452,0.05561574066150467
2008-12-31,4,601,0.06084293890299745,0.024829800248915734,0.008555319313454388,0.0026966381562547313,0.05916118284155317
2008-12-31,5,602,0.09930562686142211,0.03890784058047488,0.02680332708825296,0.004552942531931361,0.07736996382612878
2009-01-31,1,600,0.025923549760833945,-0.004599933216904901,0.002522650084089324,0.0007036340716399036,0.05626476975663971
2009-01-31,2,600,0.03838004202956966,-0.008194266696470246,0.004614131364507557,0.0012550215938360138,0.06514894298251335
2009-01-31,3,601,0.043634886219074055,-0.016985357642373668,0.006964551806977872,0.001961654677460478,0.061546686384289964
2009-01-31,4,600,0.052717048781583016,-0.017837099851797877,0.009162421984731398,0.002829223707233598,0.06818179028201454
2009-01-31,5,600,0.07387425845632732,-0.02308718331598963,0.018505356770897742,0.0047173614193265975,0.07554716944051654
2009-02-28,1,595,0.026921542449045044,0.002672151422100934,0.002433930761051576,0.0007667701340549349,0.059205473561633255
2009-02-28,2,595,0.034037178961347926,0.006132907518175893,0.0059834681614998175,0.0013543211978657964,0.06267584880675427
2009-02-28,3,594,0.03851100908681377,0.009655421021674594,0.00794995751558118,0.002077239047486628,0.06514960132401036
2009-02-28,4,595,0.05202959855980855,0.001473781511203695,0.013284836077441266,0.0029162516198603726,0.07142589276543015
2009-02-28,5,595,0.0955833399659348,0.02593806696161305,0.04557356054667409,0.004894750046797422,0.07890635095494558
2009-03-31,1,600,0.035426230068613014,0.029156866532260513,0.003355586588023929,0.0006659349190813298,0.05273304307600866
2009-03-31,2,601,0.04870190811580799,0.040144492481494175,0.006804969296439772,0.001200662873333087,0.06098835085361277
2009-03-31,3,600,0.05294928581075889,0.04426641658229831,0.007808038533979677,0.0019061157450829984,0.06470740662247117
2009-03-31,4,601,0.07382379850839185,0.06253073216776132,0.0178755367736916,0.002991715751129601,0.07253650121731477
2009-03-31,5,600,0.1354009478382108,0.10912084947718541,0.0693010127537511,0.005368519892146612,0.10149990551293432
2009-04-30,1,594,0.04239027396327766,0.040370033667401765,0.005346015223838685,0.0007264894704809174,0.061537370106456345
2009-04-30,2,594,0.04888174892943957,0.04643319862007292,0.00944717266265933,0.001334765497638106,0.06708029679332034
2009-04-30,3,594,0.0486692806146975,0.04668313129847165,0.00675943970788694,0.002012239115253277,0.06759716570177714
2009-04-30,4,594,0.05495448270514722,0.05137569012925082,0.01178839257314146,0.0028886167127239516,0.06684154135141633
2009-04-30,5,594,0.10396232429249198,0.09813600985245081,0.03331690054580527,0.005074133874787063,0.0945235743534738
2009-05-31,1,602,0.04225922439819031,0.04099131217805562,0.0056831486598005205,0.0007290690266499208,0.0701399455953716
2009-05-31,2,601,0.0368081964051531,0.03370289506649696,0.0037470727127713855,0.0012845323535698226,0.0747640254944613
2009-05-31,3,602,0.038816283891155524,0.034263671186732896,0.003984729760833446,0.0020315742201344007,0.07328253467833128
2009-05-31,4,601,0.04063691629948031,0.03290642270877044,0.005607159284545565,0.002953745614778831,0.07222409972838442
2009-05-31,5,602,0.05852191778433856,0.04265300655757631,0.010157131727492087,0.0051906813292945725,0.09836619442906705
2009-06-30,1,588,0.03922854705922547,0.04146139450554352,0.0027797922253710687,0.0006855191758600145,0.0652759520688266
2009-06-30,2,588,0.04327490903965486,0.03923042512578336,0.0033268772493868295,0.0011449799750741173,0.07841847692925766
2009-06-30,3,587,0.04232402667388359,0.03853243616013649,0.0034098199520902926,0.0017660687675919685,0.07424250345480078
2009-06-30,4,588,0.04608155803435531,0.036445152930027196,0.006383295683948161,0.002586390061379807,0.07749707907699427
2009-06-30,5,588,0.056502659192840074,0.05190615655765152,0.00938377835049207,0.0044635289347571125,0.10546696635111003
2009-07-31,1,597,0.022004669468035806,0.022608174209274464,0.0010947377954391095,0.0009215116057618673,0.06276174015304532
2009-07-31,2,597,0.026401225831590405,0.025723400314965335,0.004354841879141598,0.0016628676771463442,0.06898737821168242
2009-07-31,3,597,0.02402550759261162,0.021614204414808574,0.0019882872378947296,0.0025276413337031265,0.07257179502629002
2009-07-31,4,597,0.032518715604780264,0.032168174139301994,0.005054365849316445,0.0037217859988791266,0.08355912044929881
2009-07-31,5,597,0.04576133795623318,0.04536649905539386,0.006959277977132018,0.006345282882952658,0.09905760703231432
2009-08-31,1,601,0.02025164475281136,0.021907287869469175,0.0011346623221138192,0.0008410286888455235,0.05930261851380728
2009-08-31,2,600,0.024214863936313124,0.026106833362246108,0.002414767877737601,0.0015743950843995114,0.06783936354314063
2009-08-31,3,601,0.02283729450077941,0.023938302810854177,0.001586647272274652,0.0025253250953540408,0.06707592785021221
2009-08-31,4,600,0.028641189068420836,0.030506633411702448,0.0025537010988826497,0.003830491580230333,0.07974983919348538
2009-08-31,5,601,0.05629880830339502,0.05997663872124133,0.01419204332515657,0.007000696754701498,0.10920701463423087
2009-09-30,1,593,0.01173446562764789,0.006006661055885751,0.00032411677127641155,0.0009014228411335467,0.0636928058534895
2009-09-30,2,593,0.014559771554264455,0.007805278233374575,0.0006225564653153406,0.0016192439056301297,0.07095775457013241
2009-09-30,3,594,0.01628429468506331,0.00943639729069001,0.001214468811276083,0.0024140353488394236,0.07751338540408564
2009-09-30,4,593,0.014560960061663639,0.009765615543770399,0.0005867840025624415,0.003549149642287879,0.07530523915594585
2009-09-30,5,593,0.020099090783796666,0.0124850084072087,0.0017531813355856373,0.005838760454908153,0.09218329751431333
2009-10-31,1,604,0.015714775120184273,0.016552367551978493,0.0007644770939922977,0.000877851912799981,0.048014490768038855
2009-10-31,2,605,0.015065782895797098,0.014862396717451567,0.0006775995233216162,0.0014471022060790295,0.05161091335813711
2009-10-31,3,604,0.016847076923522563,0.01717781460305656,0.0007934595594666575,0.0020342226139722164,0.06178185844594735
2009-10-31,4,605,0.015553892625256879,0.015902528912899342,0.0005733527492285005,0.0028877537433733506,0.055954662700182296
2009-10-31,5,604,0.020396813343603624,0.017733079463105483,0.0014842102044977505,0.005040336435540364,0.07441611035805147
2009-11-30,1,594,0.0220537112080069,-0.01168641411653396,0.0007117014517990059,0.0008118465151583678,0.0407207487376897
2009-11-30,2,594,0.021096294461778325,-0.008297929325366297,0.0008392629019795704,0.001381270353019084,0.04569883734572776
2009-11-30,3,595,0.02070044788309207,-0.0058083865412475715,0.0008275322916715362,0.0020100957701526707,0.05092683912956696
2009-11-30,4,594,0.02237875930595809,-0.0011439899421761598,0.0011906366222851977,0.002961333790116017,0.059877465255242436
2009-11-30,5,594,0.024941468754473967,0.01203887207685643,0.0015250449936341321,0.005102293112860614,0.07852333882679688
2009-12-31,1,617,0.02114596120808146,0.02209377632787192,0.0008455815858192384,0.0008236242919691504,0.036333742558470425
2009-12-31,2,617,0.02164475484784845,0.02202680718198385,0.0009281732609123321,0.001426449638001899,0.04297870809752582
2009-12-31,3,618,0.02301054733634486,0.021982038825040934,0.0011040924013991,0.0021246841483194435,0.05049245049782781
2009-12-31,4,617,0.02179570402574704,0.02238291733032372,0.0011666390406707536,0.003137982842915099,0.047394209028674646
2009-12-31,5,617,0.024036880939251517,0.023051361387061667,0.0017685893981673239,0.005342277007615642,0.05993954823688187
2010-01-31,1,618,0.007291640224084766,0.0028911974110546776,0.0001299667008926848,0.000813706595899228,0.033868076580600044
2010-01-31,2,618,0.0072903021643087595,0.003227135929012056,0.00016247834044898606,0.0013652265596418938,0.036457982494850744
2010-01-31,3,618,0.008567563685232068,0.003244304218689567,0.00021104778241199952,0.002029030189078075,0.04338679024226692
2010-01-31,4,618,0.008823081100460626,0.004705614899354601,0.0002895996155662925,0.0030496920160393765,0.04639259645668527
2010-01-31,5,618,0.011112553287218234,0.00457944983365957,0.00039277639308897474,0.005026113501803275,0.05610449230879951
2010-02-28,1,604,0.009708466303403234,0.0029213410607252513,0.00028395960808344847,0.000835179698846211,0.03383441382321983
2010-02-28,2,603,0.01077064725930018,0.0036074627136421537,0.00028142489762048587,0.0014507326516711558,0.03598236335907047
2010-02-28,3,604,0.013282730379618442,0.007589387406357451,0.0005435540932425643,0.0021869716941956964,0.04466478337076633
2010-02-28,4,603,0.014530072439801653,0.007888126032270622,0.0007931054077250522,0.0031493780396807023,0.04083564642828316
2010-02-28,5,604,0.02093753087720463,0.01852562919479446,0.0018186478141965071,0.005173211982065342,0.05152639779394103
2010-03-31,1,617,0.018787537559152693,0.020642123172079276,0.0006356808424583682,0.0008391655009469975,0.028283402569746735
2010-03-31,2,618,0.018113855312054367,0.01998820385906407,0.0006700843877638703,0.0014731029650523044,0.030890313214832682
2010-03-31,3,617,0.01890562145742963,0.020820453786280568,0.0008924259223033704,0.0022081505334559442,0.03659346561779959
2010-03-31,4,618,0.0184677789313079,0.020533834987684605,0.0008118391349407498,0.0032158549507903195,0.04089312176255893
2010-03-31,5,617,0.0228856013883385,0.02484964345800297,0.001777886788265861,0.005350647254133576,0.045722542987267877
2010-04-30,1,611,0.014585578776871404,-0.003005237329328557,0.00036360009692592963,0.0008082808941414571,0.028652540597769404
2010-04-30,2,611,0.016416765699372532,-0.0039556628584066,0.0005496587639373062,0.001471651020127586,0.031068589788831317
2010-04-30,3,610,0.018543590089390317,-0.005740278751659016,0.0008626307024680554,0.0022300648220284678,0.03190363228025009
2010-04-30,4,611,0.017171792822977292,-0.005774877266184318,0.0007492222393285442,0.003263904676454317,0.02941757498741152
2010-04-30,5,611,0.024463259211109527,-0.013877315907328743,0.0015207900937495454,0.00547905921522971,0.039105847885767
2010-05-31,1,637,0.017534219218842306,0.018348037663842548,0.0006362694813133191,0.0007638898896901376,0.02283831773936958
2010-05-31,2,637,0.017167541247476506,0.016044113064143252,0.0006087319573513541,0.0012981216946275345,0.024907797177251865
2010-05-31,3,638,0.017437518218228414,0.017233730411662634,0.000683504049301697,0.0019326429736963914,0.02718086962648113
2010-05-31,4,637,0.02057296483332739,0.018357456825167165,0.0008714073997377916,0.0028364630174328173,0.028094429561711057
2010-05-31,5,637,0.024056239806786155,0.017205117803814073,0.001436215898722906,0.004662469804862708,0.03612852779947121
2010-06-30,1,629,0.013375560445429802,0.014737519867595975,0.0004156387914637777,0.0008425783848197298,0.02109513241556279
2010-06-30,2,629,0.015938818694875092,0.01805187603338923,0.0005791802291162797,0.0013856296293278847,0.02288159568833184
2010-06-30,3,628,0.0166787167505404,0.018580461798516988,0.0007198313916050656,0.0020490032884550066,0.023953745309649967
2010-06-30,4,629,0.019014750274180012,0.02052136719873599,0.0010328817848389577,0.0030490342721017274,0.028281020958614157
2010-06-30,5,629,0.024320133863159163,0.024697599337241555,0.001309851075475739,0.005012264071517424,0.035677213905987104
2010-07-31,1,643,0.01999343045840319,0.02134847589919194,0.0008734634796694504,0.0008100915274241925,0.018703188457367386
2010-07-31,2,643,0.016793478286068857,0.01828208400458344,0.0006816256507694999,0.001407316492436096,0.018657608505838346
2010-07-31,3,642,0.01777058622137183,0.019159267924321547,0.0007930684007535699,0.0020810154820605814,0.020704619244027465
2010-07-31,4,643,0.02000366052026477,0.019184898842857075,0.0009755012859398544,0.0030301675889499607,0.023761282195984963
2010-07-31,5,643,0.021356230850202516,0.01555679625001361,0.0011827971356059975,0.005229209325244921,0.03274201171530916
2010-08-31,1,641,0.008759934894909074,0.004162854905290046,0.00019890741897408357,0.000865170351212755,0.018532778797152708
2010-08-31,2,641,0.01144830544959869,0.008635054610682962,0.00035826132370215885,0.0014830120099969465,0.02038779337115743
2010-08-31,3,640,0.011002233323135139,0.008175156255845195,0.00034296989119627866,0.002198203692358643,0.020273512769593417
2010-08-31,4,641,0.013330447908724794,0.008858642762158827,0.0005226781832083471,0.003283369174616099,0.022508567320747727
2010-08-31,5,641,0.01645626487349692,0.012975460219179903,0.0007751532972707951,0.005522248391837232,0.02853891870669313
2010-09-30,1,635,0.01071638242788677,0.0005169921199764551,0.00025793303840744195,0.0008557832925353247,0.01802731386581819
2010-09-30,2,634,0.011447872830106664,0.0023781861247916592,0.0003023507347111795,0.001404111495751436,0.01910234950577665
2010-09-30,3,635,0.013741645512575593,0.002584677172773637,0.0003995777786274726,0.002084444798126308,0.02093879800478756
2010-09-30,4,634,0.014086544868875853,0.005865299690682632,0.000518526865689842,0.003052894641776325,0.022300600408729353
2010-09-30,5,635,0.017112139694486564,0.011118078735009878,0.000926092759774101,0.0051270748205765266,0.026131718003449638
2010-10-31,1,649,0.010853166643852614,-0.006191140217059909,0.00014720114261079976,0.0008141888489650229,0.017945059606397525
2010-10-31,2,649,0.011437761969873969,-0.006372696447517974,0.0001585541603850577,0.0013575835539857272,0.01836015952258101
2010-10-31,3,650,0.011998620203471961,-0.006270707678990081,0.00025133700026912475,0.002029102365187559,0.01922332078308987
2010-10-31,4,649,0.011842692545041616,-0.004096548527987749,0.00021230685860053493,0.0029732099142349413,0.02147715970719757
2010-10-31,5,649,0.014955016654012776,-0.003596933768285551,0.0007638516745053314,0.005086458579188717,0.027200739335659023
2010-11-30,1,636,0.016620809230738075,-0.010871477995185714,0.00031647344765181064,0.0008394092111554546,0.0186593239219952
2010-11-30,2,636,0.01544249275444727,-0.007578616337019675,0.0003173295027072601,0.0013837991647501911,0.019536263883936113
2010-11-30,3,636,0.01571660369782249,-0.006060597494127153,0.0004114961361747927,0.001987471322527806,0.019491292071394856
2010-11-30,4,636,0.01687907761838281,-0.0039230189045470895,0.0005873767746065404,0.0029072950982746626,0.02063702210406375
2010-11-30,5,636,0.017550100455862746,0.0024232390066841253,0.0008333786985742045,0.004954633806480387,0.0272994053407704
2010-12-31,1,652,0.009048009071391722,0.00518641103645326,0.00018789410261384337,0.000882088307768724,0.018842609103503213
2010-12-31,2,652,0.009927164825472543,0.006271226989714248,0.00023822215823562316,0.0014526309922684416,0.018911215574971475
2010-12-31,3,652,0.010919561711057143,0.0068271165766719865,0.0003321588133335703,0.002081356509228204,0.020305730864271933
2010-12-31,4,652,0.010763514863227276,0.0061463803697516355,0.00035203096649782044,0.003018561923987138,0.01979146960298635
2010-12-31,5,652,0.012816767982013595,0.011502837403811987,0.0005127221774921153,0.0052309703722009104,0.025115064374346758
2011-01-31,1,657,0.006965794476980591,0.006026803667206921,0.00014461905714101457,0.0008146980790159139,0.016767630405247123
2011-01-31,2,657,0.008410810701561584,0.008189345495156056,0.0002220185607951332,0.0013489759848152733,0.018378824505251114
2011-01-31,3,658,0.008794575983034453,0.008581808498676161,0.0002230255236615341,0.0019364012663926219,0.019529653539709466
2011-01-31,4,657,0.009810591399893716,0.009956240494540804,0.00040366579785571134,0.0028731737594980033,0.01954226563518126
2011-01-31,5,657,0.012080343861625258,0.013591902582247076,0.000549795642222087,0.005155420000819144,0.023408282895661107
2011-02-28,1,644,0.0059310814444258645,0.0001450776475315291,7.331830206045001e-05,0.0007902789814258375,0.018276060735769723
2011-02-28,2,644,0.006619946242175387,0.0006112422239560412,0.00010044749779358372,0.0013736986110859694,0.019019800317181246
2011-02-28,3,644,0.006924347532046363,0.0017461645913092792,0.00011632632130323253,0.0020056290986571724,0.019586006399731633
2011-02-28,4,644,0.006866935462682552,0.0016225155169359027,0.000120052594530571,0.002933640776603441,0.020050062286419455
2011-02-28,5,644,0.008089367336704322,0.0015205279270721012,0.00016530239701301845,0.0051721243031111015,0.023455992982690962
2011-03-31,1,677,0.013103121001264107,0.01599162479914932,0.0003468538650388636,0.0007815321222030523,0.01733163977331882
2011-03-31,2,678,0.013717370423056433,0.016417448388125505,0.0003963118650669452,0.0013049123569835194,0.019087780518697185
2011-03-31,3,677,0.01285598948768521,0.015645007394296594,0.0003473860871670065,0.0019396243298545252,0.018540331697049516
2011-03-31,4,678,0.012979830227620986,0.015540707936677597,0.00036473624520017,0.0028734608093253945,0.018581891892031292
2011-03-31,5,677,0.013342121706365355,0.015734800587248667,0.00039411184144042016,0.005004393863172388,0.021539870162564635
2011-04-30,1,669,0.014236147055285026,0.01703376682286491,0.000431873682389642,0.0008136698557522483,0.017688178244714615
2011-04-30,2,669,0.012234723856840641,0.014300149489828523,0.00034244766163345653,0.0013631043861548379,0.017699696878044527
2011-04-30,3,668,0.012627774286460827,0.01412092814002436,0.0003383162685881959,0.002001722993508341,0.01915933972500001
2011-04-30,4,669,0.012148412663004949,0.014379133027251733,0.0003878059267277403,0.0028585231052455935,0.018920174945067227
2011-04-30,5,669,0.0137345099075701,0.011657324359168508,0.0006157737932251664,0.004764082898913312,0.021602778762544322
2011-05-31,1,690,0.012632932028362048,-0.007393304328249634,0.0003989753997764959,0.0008802704778861129,0.01730669957020736
2011-05-31,2,690,0.01196153269768027,-0.007048130423641271,0.0002928558416866868,0.0014949282630667268,0.01603154253120193
2011-05-31,3,691,0.012273009293470813,-0.007861780014595863,0.0002291561894165575,0.0021754456017273314,0.017237128481823925
2011-05-31,4,690,0.012281189270117484,-0.00785328984671598,0.000201227522610604,0.0030994015252062595,0.01659492495518255
2011-05-31,5,690,0.01644381605446766,-0.011374521719662353,0.0004580956345030073,0.0050155174200304095,0.019951839056168784
2011-06-30,1,680,0.02087037244126287,0.023641367640062954,0.0008305162490769918,0.000807209350406986,0.01636957079302892
2011-06-30,2,680,0.018507026026518904,0.02049904410265727,0.0007109329432896207,0.0013712867517846443,0.016439190185025453
2011-06-30,3,679,0.019578024074456604,0.02251029459288788,0.0007839165352795244,0.002029992892030759,0.017308483889314302
2011-06-30,4,680,0.019906833500350916,0.021992867635836934,0.0008110996936887591,0.0029773149630727648,0.01662097299479794
2011-06-30,5,680,0.02004827425075233,0.018365294158855464,0.0009287742229661985,0.004989797010801421,0.018784801444886607
2011-07-31,1,699,0.01742657568612605,0.005568612304116677,0.000598524846592857,0.000860189976596517,0.016338472230669573
2011-07-31,2,700,0.019834035632968174,0.0012936714153797117,0.0007470841273708714,0.0013362590476659753,0.016406512118323505
2011-07-31,3,699,0.023023821478243573,-0.0049792990616391326,0.0009500530800660269,0.001894814629712047,0.01667024749808487
2011-07-31,4,700,0.024176084541959426,-0.003182314294234467,0.0014605935779091238,0.0027408124338476054,0.018260774460516188
2011-07-31,5,699,0.03181072819084965,-0.0161341773981854,0.002617345172799946,0.0046459598684472836,0.018872667853197553
2011-08-31,1,701,0.017967682941003624,0.0038778745078260194,0.0006861747205203646,0.000901590518308041,0.016731319448622016
2011-08-31,2,702,0.020793398528675174,0.004275370305606592,0.0009456182492687557,0.0014312275714398763,0.018220299478058293
2011-08-31,3,701,0.02189649626766998,0.000369500688939349,0.0010377232260528604,0.0020381711606813533,0.018497459672123483
2011-08-31,4,702,0.023722341518023597,-0.000500299170227062,0.0015396024123159702,0.0029326212360295738,0.018659728183341648
2011-08-31,5,701,0.030196985640824448,-0.007214836046351384,0.002724474204855383,0.004954794145382748,0.019444288356564244
2011-09-30,1,693,0.017974927031611677,0.012580432910451996,0.0008470916693743225,0.0010124054820320402,0.017633437664788053
2011-09-30,2,693,0.021496361760386322,0.01798034635409144,0.001257991427138158,0.001767445374943669,0.018132000488483367
2011-09-30,3,692,0.024690644493835227,0.02162508669044061,0.0018695220716289462,0.0026247971900882155,0.019169509087371858
2011-09-30,4,693,0.019074280431905052,0.01585672435730242,0.0011229702952741862,0.003658590755166354,0.01822128246233522
2011-09-30,5,693,0.02580365524143928,0.018705209207349256,0.0033489607737552775,0.00588453377604772,0.01939876770921866
2011-10-31,1,709,0.017220567265243167,-0.010196614955745552,0.0007454902326372802,0.000922358106876156,0.017461990888266925
2011-10-31,2,708,0.016664618204973735,-0.008706370096979556,0.0007144154240059561,0.0015428598871428053,0.018599997503974525
2011-10-31,3,709,0.016383341223529763,-0.008641100159122304,0.0006937626610071047,0.002277895761624997,0.01891352558809325
2011-10-31,4,708,0.017469480556764956,-0.008753700558537086,0.000745095816385425,0.003295239736650284,0.021375202797130496
2011-10-31,5,709,0.024879522307812527,-0.013870521928524648,0.0019032407636102428,0.005385737130942428,0.025789663166384823
2011-11-30,1,701,0.014917918529478883,0.01653427965241757,0.0005731492254800276,0.0008639879644952341,0.018270106629195523
2011-11-30,2,702,0.01427539631759899,0.015361652422557964,0.0005126989801502944,0.0014190373933542035,0.019657890777607406
2011-11-30,3,701,0.01615105369287256,0.01829912983858684,0.0006515495299080219,0.0020391345965020888,0.019711932042308394
2011-11-30,4,702,0.017726582063306986,0.01776047007756318,0.0008533643926146303,0.0029933586763536088,0.021234020579824264
2011-11-30,5,701,0.02208938213411782,0.01998744654009198,0.0014899468046435703,0.00500075888562992,0.02378742615764722
2011-12-31,1,724,0.015433088681842637,0.017562444771604065,0.0006461472806245982,0.0008923773465532613,0.018247505003642323
2011-12-31,2,723,0.017491338571855627,0.019856071900638345,0.0008419867972457475,0.0013926701507369472,0.019245361371315394
2011-12-31,3,724,0.018493810953715006,0.020085662984692745,0.0008991086125518557,0.002067680361306024,0.02013316080696654
2011-12-31,4,723,0.01934545409038598,0.02060835406060495,0.0010265116543911976,0.0030867521426030053,0.02130928591605819
2011-12-31,5,724,0.023726313955028694,0.02351411598238727,0.001833537942863122,0.005210471191789539,0.02486618174735132
2012-01-31,1,727,0.008866027766896156,0.006325268233267007,0.00020006644948751434,0.0008696098346893882,0.018679161383430183
2012-01-31,2,728,0.009438300159834085,0.00725723903949304,0.0002490154993529206,0.0013712714508030508,0.018436961417644563
2012-01-31,3,727,0.011294893777819837,0.009277427781886002,0.00041457725321020206,0.0019811236172840403,0.020242420637985054
2012-01-31,4,728,0.011450976024585318,0.010032211569728383,0.00042295132589268813,0.00286664477237509,0.021499651652730774
2012-01-31,5,727,0.01738196880985185,0.016148775797848913,0.0011795108795947483,0.004973532507072622,0.027384828981110013
2012-02-29,1,718,0.012703617361290684,-0.006303579382209309,0.00028869652473955933,0.0008978834438619175,0.0184429262422495
2012-02-29,2,719,0.012268675172645703,-0.005064311518907793,0.00027080364025515354,0.001441820224178043,0.018289198220418197
2012-02-29,3,718,0.014027134011691506,-0.006323969368877392,0.00042846329375625,0.002113139959094443,0.020806895367410583
2012-02-29,4,719,0.013530096993208892,-0.0037970931831531464,0.00037934483906570314,0.003043555580436604,0.025224484779397822
2012-02-29,5,718,0.0159634029150351,0.0009938579719004296,0.001069553236621999,0.005243605105972517,0.027582988801659013
2012-03-31,1,740,0.011656536259468683,0.013450621619149634,0.00033362165193000427,0.0009393084243565793,0.019094795100366383
2012-03-31,2,740,0.011688954177491176,0.01328989185293648,0.00034041360315730526,0.0015060361730525379,0.01953832456502652
2012-03-31,3,739,0.012729198921817324,0.01445441137869156,0.00040850361671720037,0.0022219009300352755,0.022638329717588765
2012-03-31,4,740,0.012330112279515835,0.013123986509841366,0.000372863872639157,0.0032302862972381882,0.023546055313049322
2012-03-31,5,740,0.014083425983130223,0.012765999990881176,0.000547917941306801,0.005351963269386158,0.028446892497384114
2012-04-30,1,728,0.01128652232409044,0.007749203299921407,0.00033425656296948603,0.0009139659731409688,0.01813466721260288
2012-04-30,2,729,0.011832744886175982,0.006448518524409471,0.00043953311548011606,0.0013966837839527188,0.019974976102536252
2012-04-30,3,728,0.013871510422596158,0.004786799470386521,0.0005348686968522473,0.0019278026339115488,0.02424610963882462
2012-04-30,4,729,0.014411132087206412,0.0067315500432295885,0.000604522648280309,0.002689997114493633,0.024160330535119196
2012-04-30,5,728,0.017869147733947665,0.002653928582541274,0.0010419276994708623,0.004571998743376329,0.030492842497484986
2012-05-31,1,738,0.009308975600693785,0.0022833333322816994,0.0002400522574760532,0.000977520816974985,0.019666356798400644
2012-05-31,2,738,0.009914965728762644,0.004788184260552884,0.00023029452933583512,0.001625365562741131,0.021215565310565638
2012-05-31,3,737,0.010312990241769583,0.0036168792339273947,0.00028194187532958926,0.0023781780209929204,0.02205700481492637
2012-05-31,4,738,0.010897600151723391,0.004647493243226263,0.00027013991762535956,0.003328853645465457,0.02257996272274926
2012-05-31,5,738,0.014420325924611451,0.004213495924485201,0.0007171061985332147,0.00540003369135555,0.02817508461260774
2012-06-30,1,728,0.017562601216276907,0.0203102197597268,0.0007256745543046192,0.0008586790948329049,0.017872517560225152
2012-06-30,2,727,0.01879042922525718,0.021559766163667435,0.0008400411997119639,0.001338790416959246,0.019858604157648643
2012-06-30,3,728,0.020164359673385125,0.02256543952280281,0.0009688964641877074,0.0019175024423447706,0.02191502803023934
2012-06-30,4,727,0.022341812373739896,0.02484041266961492,0.0012208840723421086,0.002831558810673491,0.024318238072882657
2012-06-30,5,728,0.02471039969709884,0.025196291236180505,0.0016289071291594884,0.005084010356951755,0.031110539583095675
2012-07-31,1,734,0.006184176038375244,0.004288610360014457,0.0001022677392846351,0.0012178799727158092,0.015272711990838331
2012-07-31,2,734,0.008395566520692042,0.004419645767598322,0.00016172826088439702,0.0019307154379527944,0.020954312111650483
2012-07-31,3,735,0.010115466491664952,0.004856353724731938,0.0003049418695694081,0.002616107184896474,0.023015421554290323
2012-07-31,4,734,0.01031647876066509,0.006518392386191884,0.0002882163528207368,0.0035513477993577296,0.02359135859797494
2012-07-31,5,734,0.016168012890592855,0.008561743902817408,0.0013053836918060075,0.005721882471850473,0.02833751019980443
2012-08-31,1,743,0.006593923048808422,0.004165437413956691,0.00011201328994063759,0.0011166463542782493,0.016462832335632453
2012-08-31,2,743,0.008530957262907441,0.005807483192508929,0.0001996407913848772,0.0017095878664221977,0.018168939724101437
2012-08-31,3,743,0.008160164765623671,0.00704862718319842,0.00020720938293508612,0.0023481675205043687,0.01850990611257982
2012-08-31,4,743,0.009912062983085447,0.0074953700820599685,0.00032590152654012484,0.0032669671748436126,0.02185631388526876
2012-08-31,5,743,0.015106088600909142,0.0132528937165739,0.0009321446630561207,0.005387256294754541,0.0302194273913301
2012-09-30,1,732,0.007125690111825165,0.006506789620453062,0.000162571226837711,0.0012200699565843376,0.014538945999264618
2012-09-30,2,732,0.010339149983913167,0.010183292346338503,0.0003778501130952416,0.0018381291403399987,0.01913601618491499
2012-09-30,3,732,0.010183337165058204,0.010140683046719475,0.0003268280985344527,0.002443223528689396,0.01879292356042509
2012-09-30,4,732,0.011966721786295592,0.011608702204751953,0.0005760176321648915,0.00333733802771352,0.02145989413260462
2012-09-30,5,732,0.016039997804267642,0.011960245959742509,0.0015390940665630834,0.005360478107587606,0.027228211576156312
2012-10-31,1,761,0.007039294523527883,1.2956630381123431e-05,0.00014840502156992887,0.001118413901660448,0.013534509778888582
2012-10-31,2,761,0.008202350879816989,-0.0001431011917459951,0.00018684055282548235,0.0018092331361564008,0.015593191883572716
2012-10-31,3,760,0.009583482827536833,-0.0002322500218628863,0.0002174501431831969,0.0024840986909203974,0.01807642556985532
2012-10-31,4,761,0.010137828199026772,0.00015697766179690058,0.00029885057403491425,0.003445422765622534,0.019012651414670692
2012-10-31,5,761,0.012719694177213338,0.003352470463997513,0.001108092138312751,0.005594366179620705,0.02568514999723366
2012-11-30,1,751,0.007782227863607309,-0.00211378163855725,9.284905398874974e-05,0.0010894722170348425,0.01426398171991346
2012-11-30,2,751,0.010208138354102596,-0.0006612783030972406,0.00026079336558795677,0.001733245157036236,0.016651421609264635
2012-11-30,3,750,0.008995362918981958,-0.00038917333003579793,0.00021719549597732236,0.0024199971631436983,0.01696925700604001
2012-11-30,4,751,0.00898605634023329,0.0006598002633914093,0.000254557106446303,0.003405142745559222,0.016576174110289336
2012-11-30,5,751,0.011600137519270711,0.005243515296476717,0.0005735790843558009,0.005706872458664625,0.021227671638565357
2012-12-31,1,777,0.009635567878081586,-0.0036154568898994605,0.0001527364546515817,0.0012671563365902075,0.012175769111031121
2012-12-31,2,777,0.013952562042138772,-0.00648347489812089,0.0003061244672151714,0.0018978844328093455,0.01683949565544354
2012-12-31,3,778,0.012809501097771596,-0.003131452453590217,0.00029543368299956907,0.002513042145595133,0.016883559228716316
2012-12-31,4,777,0.013146258932624565,-0.0031055083770041296,0.00039632149819914696,0.003418892850326193,0.017209025071895395
2012-12-31,5,777,0.015423650312979731,0.0038758816081286497,0.0008577346419217003,0.0054070233532865185,0.020203379948023466
2013-01-31,1,789,0.006135342391613513,0.00704813688981355,0.00012966502887171177,0.0010615011084534154,0.012549731778462718
2013-01-31,2,790,0.008204072732034051,0.008418696201877974,0.0002453235699634167,0.0017531627185456296,0.01617718469778007
2013-01-31,3,789,0.007991338513297988,0.007191482924703571,0.00018115137875238013,0.0025309753916643455,0.016821034045795144
2013-01-31,4,790,0.00815088595326749,0.0061866961979324545,0.00021177588928188222,0.0035600168418248547,0.01566965788209
2013-01-31,5,789,0.009794130929773295,0.008468479080654944,0.00024195177148567123,0.0058223529799233155,0.018373441887799356
2013-02-28,1,777,0.004048105881956254,0.002091814665094192,4.0324509203110506e-05,0.0011060097640964697,0.012847531507056923
2013-02-28,2,778,0.005174321053929065,0.0029749742904821635,7.118419655974953e-05,0.0017342469481340913,0.015203191113293936
2013-02-28,3,777,0.005809784035460889,0.003097284422834758,8.7467411430174e-05,0.0023740884707316857,0.01646083942806128
2013-02-28,4,778,0.006395300652398046,0.0036927506409862375,0.00010782684572709635,0.0033097861188886054,0.016413128559181044
2013-02-28,5,777,0.011958519465206189,0.00861077222542188,0.0010430770761167933,0.005503458260433602,0.019487007177506465
2013-03-31,1,824,0.010645409382488832,0.013244708760017267,0.0003365200196039046,0.0011994245107428115,0.011791753880374688
2013-03-31,2,823,0.013598599459316678,0.016680255170318972,0.0005099132213886218,0.0018562544422015663,0.014051884489747854
2013-03-31,3,824,0.015297748507021007,0.018689745148244626,0.0006156143496419313,0.002555570537442311,0.01551005109890139
2013-03-31,4,823,0.01649355310999681,0.018904848117572294,0.001122908130202223,0.0035150407412638217,0.014635725685203091
2013-03-31,5,824,0.016655254955176543,0.017270473262471164,0.0007196757526470904,0.0056763079275026305,0.018401106262059434
2013-04-30,1,812,0.01819639385503281,-0.01404327587279292,0.00045425179275062136,0.0011877170140179273,0.010184526207834046
2013-04-30,2,812,0.02374551256322407,-0.018768374393582275,0.0007328982605404402,0.0018423710086536268,0.013941550331159729
2013-04-30,3,812,0.024963504443149657,-0.018600344803676956,0.000921888802026591,0.0025323032027250373,0.014182752672374541
2013-04-30,4,812,0.02613818634103067,-0.018937931036803295,0.0009568818192365285,0.003502144244003416,0.015237986670777153
2013-04-30,5,812,0.02904214487645205,-0.017496169971394554,0.0012778695590416466,0.005623262692094276,0.021303020988451035
2013-05-31,1,826,0.024136002746087376,-0.020875968542384958,0.0007179965024279409,0.0010080230901772867,0.01260338648194799
2013-05-31,2,826,0.028746261125334405,-0.025151997597483936,0.0009569418674416396,0.0016650591201303633,0.015924373843958787
2013-05-31,3,826,0.028548450498171875,-0.024730302689381162,0.0009753907330591826,0.0023361759211561113,0.015714901227344882
2013-05-31,4,826,0.03129525087847766,-0.027042639226341453,0.0011290703867460514,0.0033786411673852605,0.017146179650918584
2013-05-31,5,826,0.03415302153020793,-0.028620278466423198,0.0012919034850066187,0.005690496547049878,0.0214432841872627
2013-06-30,1,812,0.006890924416358941,0.006923842377156169,0.00014369833163989322,0.0011087227314653357,0.013016199156962994
2013-06-30,2,813,0.008341891724443178,0.008090110702841009,0.0001944147189894566,0.001857740519023278,0.014774386973921874
2013-06-30,3,812,0.009304038160859767,0.008733817722606339,0.00025121511301272494,0.002642477167851234,0.016446595229949307
2013-06-30,4,813,0.010425004012409256,0.009172472323027602,0.00032001458162259674,0.0037193748204868734,0.017800265787440372
2013-06-30,5,812,0.011628096806441906,0.00925833742634307,0.0003024348292017077,0.00607572527847402,0.021851601098387925
2013-07-31,1,845,0.008849532614579464,-0.005511313624696919,9.166351472363373e-05,0.0012061605869962179,0.014025277059698867
2013-07-31,2,845,0.009914191519808423,-0.0057547337213615865,0.00012929846257373677,0.0018171658779603,0.016641795198343193
2013-07-31,3,845,0.010016454320538652,-0.005609550291117654,0.00014421606889861087,0.002376511750785054,0.016646226492416087
2013-07-31,4,845,0.010215012941188532,-0.004734473378987695,0.00015657826711746933,0.0032443381995914,0.01778816721950676
2013-07-31,5,845,0.013586366912254656,-0.004053124280984151,0.0004163157705469889,0.0052731185145491605,0.021723409718179154
2013-08-31,1,851,0.006820236011828036,0.006400105750820786,0.00010964858305250579,0.0011424001734482588,0.013519911567960166
2013-08-31,2,850,0.007318701189734231,0.005660235278846812,0.00011440404611309397,0.0017497957772264455,0.016434444006799664
2013-08-31,3,851,0.008219732200446644,0.007084512349613682,0.00015333400029725935,0.002307044367760251,0.017665028256799577
2013-08-31,4,850,0.008658516028908263,0.007219976473044131,0.00018458131236571333,0.0031118193357593344,0.017765798550638888
2013-08-31,5,851,0.010647699107937805,0.006993595769167325,0.0002578720139066155,0.004989398544641983,0.020967627451133727
2013-09-30,1,841,0.008897385880053258,0.011613923905590146,0.00021120980794456752,0.0013802456679280722,0.014924541651241137
2013-09-30,2,841,0.01132692797254447,0.013996218814157165,0.00033170578489042263,0.0019649466299221335,0.016552674839275278
2013-09-30,3,840,0.012155789353825738,0.014453499995865319,0.0003598572791144685,0.0025165994234972147,0.017258583080592756
2013-09-30,4,841,0.012937298661783626,0.014529298428877698,0.0004878773728767406,0.0032921548391490634,0.018000738680966535
2013-09-30,5,841,0.015293238811645697,0.015604922678003915,0.0005674393167151693,0.005107652085169586,0.02097571260230477
2013-10-31,1,864,0.006162160185111374,-0.0019014120374255003,6.187085738936311e-05,0.001183609947355938,0.013204765073645439
2013-10-31,2,864,0.007676551682108779,-0.0026083217441349982,8.627130212487303e-05,0.0017544649102262016,0.016541010791096794
2013-10-31,3,864,0.008309420956428603,-0.002326527768395358,0.00012835272341000744,0.0023207972549693003,0.017551698727911
2013-10-31,4,864,0.009842308858902027,-0.002362256932500444,0.00018148088675769736,0.003155342234829073,0.018548176864247826
2013-10-31,5,864,0.014095413993119428,0.0009491898466859749,0.0010740042164770636,0.005028819760747144,0.02094435809042451
2013-11-30,1,856,0.007496991356573984,-0.003157768704746797,6.497192622494388e-05,0.0010918921538190832,0.014031681252757623
2013-11-30,2,856,0.008311149269427632,-0.002209509358431843,0.00020344724432540346,0.0016728923720645988,0.017153432644465734
2013-11-30,3,856,0.007879951665145006,-0.002068481309166923,8.514072243283692e-05,0.002199988206145857,0.01823832733652088
2013-11-30,4,856,0.008027425703906957,-0.0014304789669014975,0.00010157956049961692,0.0029713781921285516,0.018704494303593246
2013-11-30,5,856,0.009398078330865176,0.00021110981229850322,0.00017808507777935346,0.004782838314313883,0.02094480440187336
2013-12-31,1,878,0.015475434297152164,0.017669054697294264,0.0005528446813284739,0.0014094917316067013,0.013468144744414946
2013-12-31,2,879,0.019104289392786453,0.021417440275999833,0.0007492497113585601,0.00200922899851406,0.01643435768554363
2013-12-31,3,878,0.019314547830448708,0.021480045605462204,0.0007708231723632191,0.002537977237730374,0.017546285403107605
2013-12-31,4,879,0.019668442446453754,0.020933970449307185,0.0010747922871313616,0.003229887011968413,0.01794125941444875
2013-12-31,5,878,0.019419569895127126,0.019238314314604887,0.001132697952772331,0.004960243207917291,0.02035265967026293
2014-01-31,1,881,0.004567678435348756,0.006297219062804818,7.855519763837991e-05,0.0012621482605562544,0.01452577013244243
2014-01-31,2,881,0.0077774351320039296,0.00964984109397989,0.00021027751324949063,0.001874274799604543,0.017769121763443665
2014-01-31,3,880,0.00857342355339059,0.010891920453125502,0.0002806384500686836,0.0024311439036139868,0.017297457278509037
2014-01-31,4,881,0.009817269084192422,0.012089841095437147,0.00044775146092967684,0.00318595766688511,0.018564322368947905
2014-01-31,5,881,0.013460000653197135,0.013862122620533256,0.0008757396305647218,0.005059250415481505,0.02247114585456477
2014-02-28,1,870,0.005075881288713157,-0.0004159425268253785,3.507736392691897e-05,0.001139452628399247,0.015096040264494336
2014-02-28,2,870,0.005376369108745295,0.00103293103262101,5.25639113243536e-05,0.0017794925797664073,0.018040432854590355
2014-02-28,3,869,0.005645599248330403,0.0012890909048467079,7.359359754763842e-05,0.002364459631966343,0.018824852692427438
2014-02-28,4,870,0.005548339660830251,0.0011294827629924464,7.189632828304661e-05,0.0031856467309693175,0.018704025919215824
2014-02-28,5,870,0.009366339114851605,0.0027063563178671758,0.00043325943618686226,0.005064211659605452,0.022952921100880173
2014-03-31,1,895,0.0062231039806112665,0.008218122917382234,0.00011577122881931803,0.0011097308252255658,0.013946187039239687
2014-03-31,2,895,0.008461081044134934,0.010537541885045682,0.0002170683550017496,0.001781457881230587,0.017028250035875468
2014-03-31,3,896,0.009287537237218577,0.011516908485877561,0.00024898032559479656,0.0024003984123483987,0.01774873779128911
2014-03-31,4,895,0.009752500173833736,0.01208093853261876,0.00026871153239700385,0.0032856310461614412,0.019124865977044138
2014-03-31,5,895,0.012723682096612465,0.013785966490844119,0.0005274451961339773,0.005271574855605247,0.022739265558862378
2014-04-30,1,886,0.009134005959441145,0.011371805879324409,0.00019566568311501115,0.0010870117402260594,0.01478212174948028
2014-04-30,2,886,0.010366997160025815,0.012912595934091766,0.00025592595559046776,0.0018135199045105725,0.016699352780809383
2014-04-30,3,887,0.011404118010736935,0.013524396860291667,0.00035116536209041604,0.002520059415225901,0.018027997209073165
2014-04-30,4,886,0.011297777418169876,0.01317268623066128,0.00034854909880564284,0.0034804084657683344,0.018620579836233407
2014-04-30,5,886,0.014582206836967466,0.015755225753042893,0.0006347124338087865,0.005566293717661144,0.02179468193586885
2014-05-31,1,915,0.003983519873527352,0.00041804371348867206,2.2346905707709995e-05,0.0012571318052529287,0.013102500598453444
2014-05-31,2,915,0.004444091228480766,0.0015044590051178095,4.2297604694984676e-05,0.0018817115741677163,0.014939799256835239
2014-05-31,3,914,0.005456577955757943,0.002870339188823372,9.618551575426264e-05,0.002492208004144696,0.01602735115469286
2014-05-31,4,915,0.005783907765465654,0.002684284149278833,0.0001084418102069523,0.003276132321781308,0.01658092128799221
2014-05-31,5,915,0.009673219555650397,0.00333365030054183,0.0005282066440412518,0.005261422317248876,0.020109860595430434
2014-06-30,1,902,0.004945414161715984,-0.0011408314892030391,4.6604166495334456e-05,0.001095597651211237,0.010654237365646186
2014-06-30,2,903,0.006278532257187022,-0.0018953488363525604,6.575076160678721e-05,0.001693256038471528,0.012483625996670546
2014-06-30,3,902,0.007546392749275383,-0.0026433924684133754,0.00018839846900507178,0.0022815658332454134,0.012596528796109958
2014-06-30,4,903,0.008839404074296824,-0.003025570331627996,0.0004712945947988055,0.003114958957737045,0.013700860513593243
2014-06-30,5,902,0.011897106958870435,-0.004576363631479393,0.000300182032943775,0.005066088263266446,0.01677856713806972
2014-07-31,1,922,0.009022328154060911,0.011433915392845254,0.00023627634176389106,0.0008552607325131424,0.010855502655569858
2014-07-31,2,922,0.01119086563513623,0.011514381766694278,0.0005540890748874595,0.001435948324151543,0.011958015533765949
2014-07-31,3,922,0.01165323684653003,0.013647885024335612,0.0003813372090542797,0.001950661674887378,0.012584535790741674
2014-07-31,4,922,0.013076412351867293,0.015065054220046798,0.0006099167645121255,0.0026765488227216043,0.01342984973507945
2014-07-31,5,922,0.015251881033522164,0.015418600874471338,0.0009102606964191802,0.004398333040752609,0.01598472845581285
2014-08-31,1,926,0.012450961094737003,-0.008635561551131552,0.0002860865598717902,0.0009513545844359144,0.00973225030851035
2014-08-31,2,927,0.015916235822364184,-0.011768295555794964,0.00032856653458172684,0.0015237081709203605,0.012057554745623367
2014-08-31,3,926,0.017804966733839845,-0.013387375808612198,0.000544595825772741,0.0020324500216111845,0.01267612829039581
2014-08-31,4,927,0.01830491847239587,-0.013651154256294123,0.0004672131807296847,0.0027270075340287904,0.012457050288212979
2014-08-31,5,926,0.02411890168221715,-0.018157105820773525,0.0014341418153793798,0.0043339232118320475,0.015329750919524559
2014-09-30,1,914,0.005892335831613959,0.007815503286898565,0.0001486035849972933,0.0009017062604083617,0.010782091733528551
2014-09-30,2,914,0.007675644801523691,0.00897549233072216,0.0002242353279933024,0.001495955892302764,0.011799201965231099
2014-09-30,3,915,0.009377820520969058,0.009129989071130655,0.00028363701527048187,0.002034799904717743,0.012280257908283562
2014-09-30,4,914,0.011637478790075826,0.008544201320267944,0.0008132073626209918,0.0027603169843288477,0.012869541845475093
2014-09-30,5,914,0.015232744491086785,0.006231728631719227,0.001380877020954928,0.004374222776276453,0.014986620512610233
2014-10-31,1,939,0.006411573617771624,0.00571909476325689,0.00013387291416657905,0.0008347527931289513,0.011648807959378577
2014-10-31,2,940,0.008092142388101378,0.004617627635188717,0.0002404694475736263,0.0014107184255889738,0.013002819928771716
2014-10-31,3,939,0.009211057204740549,0.003363471788893243,0.00037554877483988606,0.0019772467767265973,0.013503592537348086
2014-10-31,4,940,0.008590258732317498,0.004119691514770625,0.00030639420445751963,0.0027882288384905576,0.013415402985697914
2014-10-31,5,939,0.012328022242056636,0.0016655591229116694,0.0007612428529017678,0.004542008263668829,0.016932071647111864
2014-11-30,1,927,0.008219702397095092,0.0010917691416239609,0.00012483493162409316,0.000844880970533645,0.011962129870973044
2014-11-30,2,927,0.009459199075768442,0.001429147791953843,0.00017321307468948173,0.0014543280943167046,0.013356036619576855
2014-11-30,3,926,0.011219202048180098,-0.0017788661093215738,0.0004529947469045281,0.0019984858861550932,0.01331855150475327
2014-11-30,4,927,0.013762717882781089,-0.0016885868040774157,0.000896435949716301,0.0027881387645499827,0.013731406286783744
2014-11-30,5,927,0.026305340138394133,-0.0130581661529522,0.004015381483537058,0.004688224603502141,0.016644249646194206
2014-12-31,1,952,0.025752374929166308,0.02748292012408662,0.0013243264083495376,0.0008798978444308858,0.012144811600833257
2014-12-31,2,952,0.025204194958289735,0.02617180669193574,0.0012683991337709686,0.0015289387253794597,0.01289050695407849
2014-12-31,3,953,0.025920199760172402,0.026259265467842137,0.0014531515391299481,0.0021782142362289565,0.013568048761391359
2014-12-31,4,952,0.02612648407838127,0.026449222726496528,0.0017506474011241802,0.0030630469013474748,0.013373594009754757
2014-12-31,5,952,0.03655435679022723,0.02440356089037709,0.00479737498617593,0.005073410680730616,0.01870474023165902
2015-01-31,1,953,0.017122497802583625,-0.00934839451848459,0.0005240975683052728,0.0008980785517954126,0.013555547308283187
2015-01-31,2,953,0.017672686802881598,-0.005946169978899937,0.0005381731652518586,0.0015142513208866249,0.013914306207085099
2015-01-31,3,954,0.020036086399142436,-0.003943826005473417,0.000948651054880814,0.0021081547151328814,0.015334250024382524
2015-01-31,4,953,0.021399037270273858,-0.005666274903003143,0.0010617809682626166,0.0029735415976845786,0.015415856822519449
2015-01-31,5,953,0.02846910987941712,0.0015737775579772063,0.0023787191234272056,0.004872774418860461,0.019148966459981494
2015-02-28,1,941,0.005368980214084329,0.003524686489966368,9.640929540028327e-05,0.0008557339097108703,0.012699582084536892
2015-02-28,2,941,0.006789831872851959,0.004233570635442563,0.0002817520811634784,0.0013906173953277844,0.01429746406722031
2015-02-28,3,940,0.007284822982018899,0.003432297890917943,0.00019485881673195242,0.001917607684680659,0.014831083886071144
2015-02-28,4,941,0.008590028758477664,0.0020260680028863767,0.0002406402388181322,0.0026044593087487,0.016286568201450684
2015-02-28,5,941,0.016058135932892022,-0.003059659941570339,0.0017175920828889836,0.0043789667953675155,0.020269851614509695
2015-03-31,1,960,0.008970304549507879,-0.0028379999907125844,0.00021157084694907908,0.0009320406268152309,0.013411821602209755
2015-03-31,2,960,0.011984329449559183,-0.00593541664818531,0.000408818037054789,0.0015086980150685915,0.015067413334442647
2015-03-31,3,961,0.010992194470737205,-0.003941498429539422,0.00024257982726375192,0.002034830246320757,0.016148244747081143
2015-03-31,4,960,0.01469918805110663,-0.002390874982806205,0.0005500473495692229,0.0027570700836799496,0.018368409738050984
2015-03-31,5,960,0.020593152658641915,0.001433968684678651,0.001847151447481482,0.0045290442498082135,0.024025530128325236
2015-04-30,1,945,0.00996354569747101,-0.005075978831420856,0.00017530877961273222,0.0009779738047829693,0.015177591592097394
2015-04-30,2,944,0.009668105005083095,-0.00463558264167875,0.00016808493907090308,0.001545740352309588,0.01627116630817571
2015-04-30,3,945,0.009865788435349134,-0.004136751312928037,0.00019534307959345103,0.002106576245457686,0.01546712121519813
2015-04-30,4,944,0.009977292583940532,-0.003084364389139209,0.0002087425569284679,0.002873268277448668,0.01619653351829471
2015-04-30,5,945,0.01922731575867065,-0.006534571493564669,0.0017171167996768836,0.004724829298819873,0.026609078928721285
2015-05-31,1,973,0.017637337157894447,-0.013696423437079223,0.000410058825127219,0.0009249900478430693,0.014015186804620437
2015-05-31,2,973,0.01972217226309996,-0.015732332984507377,0.0005087581752865364,0.001541568303672746,0.01569780492355287
2015-05-31,3,972,0.02109461215146353,-0.016759938264975197,0.0006328745738227296,0.0021021662476649735,0.017203010051429022
2015-05-31,4,973,0.022058561623249633,-0.01742728672624293,0.0007836450454790868,0.0028881910011737985,0.018100821603708007
2015-05-31,5,973,0.0324267369468858,-0.025876402903843333,0.003450448947603074,0.0047529715168025235,0.025709391276133177
2015-06-30,1,959,0.0073978391107332635,0.006350667360427951,0.0003079327393525722,0.0009804724029399514,0.01481884361917924
2015-06-30,2,959,0.009556969603162043,0.005091929086216951,0.0005361220430129249,0.0016160918097742082,0.017207440499650242
2015-06-30,3,959,0.011572750434405657,0.0027981125766566683,0.0007341023522891858,0.0022209337970234503,0.01830829977684448
2015-06-30,4,959,0.013918438693101968,0.0021884462922012807,0.0010511556587405662,0.0030732415930405156,0.01981495703490208
2015-06-30,5,959,0.02501178037435113,-0.009222221073969906,0.005046416382096039,0.004983712500714559,0.02412616523368245
2015-07-31,1,969,0.010841650524015934,-0.006005201251419937,0.0005417580277299305,0.0008958710612236752,0.016616467076014968
2015-07-31,2,969,0.012372135107805243,-0.0070363467566456825,0.0005195086290952626,0.0015194254568122205,0.018223113761814378
2015-07-31,3,969,0.012694129575140364,-0.0070840350723579346,0.0003034100136637112,0.0021354305033071358,0.01702241909533446
2015-07-31,4,969,0.01684847791854976,-0.010397368440158037,0.000815573687998376,0.0029933145727880643,0.018974418960805463
2015-07-31,5,969,0.028666149862238654,-0.021268637813558488,0.004168630426985639,0.005148732943175624,0.027358480333321607
2015-08-31,1,976,0.00838143416255739,0.007081362703353139,0.00017114923874054087,0.0008408894885765523,0.014906888931338133
2015-08-31,2,976,0.011106114498865881,0.005270368861784682,0.00047866231973588206,0.001412816035653447,0.01748671063852717
2015-08-31,3,976,0.013927762042576976,0.0008851229652046626,0.0011248125802572728,0.0019940202110947697,0.018435488536160095
2015-08-31,4,976,0.014636408989724807,0.0008081967223274734,0.0010653495425264224,0.002781462969519061,0.019918249963862163
2015-08-31,5,976,0.033010669480081294,-0.0069898771162823945,0.029250123570051998,0.0046828857030350585,0.026997462838612957
2015-09-30,1,965,0.008243627377399464,0.00519919171439646,0.0002229954130854078,0.000854474102879925,0.015974378063609823
2015-09-30,2,965,0.011404676656080928,0.006059419722106293,0.000432349821583012,0.001601775999758931,0.01721354953917329
2015-09-30,3,964,0.012612969762422379,0.0059243361078965585,0.0005206111827179291,0.0022892930337870964,0.018134764097754847
2015-09-30,4,965,0.014580455547397926,0.005247595851752036,0.0006960124878755455,0.003170357319062315,0.017832062344145302
2015-09-30,5,965,0.025914675213637398,0.00616947160812078,0.003554507070213067,0.005451566267700505,0.029414078772825477
2015-10-31,1,991,0.00744878031688684,-0.001678123115567042,0.00019860830840921399,0.0008415296066407679,0.015087165898952487
2015-10-31,2,991,0.010199985486543285,-0.004317114001896404,0.0005841739631075471,0.001394439839146971,0.017598015888041496
2015-10-31,3,991,0.010802753973582015,-0.004433188723856851,0.0004387815762656624,0.0019342347666494938,0.01856565024183714
2015-10-31,4,991,0.014753681569961824,-0.008150555031833356,0.0011864539701724036,0.0027276835570226553,0.019293699512243436
2015-10-31,5,991,0.030431831503529357,-0.020298546851594948,0.004422305749553327,0.004852181771652322,0.030322493848795148
2015-11-30,1,980,0.01085867638525958,-0.0059538979589758255,0.0004853640560139863,0.0008105240970625382,0.015521624341565973
2015-11-30,2,979,0.01228559194528677,-0.007211532159609297,0.0006354769630028094,0.0013360390262455348,0.01866452577894279
2015-11-30,3,980,0.016041548562116682,-0.010681877563636553,0.0013306813532246006,0.0019033670628856136,0.019602728126400862
2015-11-30,4,979,0.02142045085581809,-0.01606492336581219,0.0022458805865081285,0.0027182577078890217,0.019829434610859478
2015-11-30,5,980,0.049437401872456266,-0.040411571451971086,0.011838319954744226,0.004732443154295448,0.03006226446694955
2015-12-31,1,1015,0.012675585332676815,0.008097911317216426,0.00040398276399215876,0.000826618469183815,0.014342064931747396
2015-12-31,2,1015,0.017468324142455808,0.0033203842469205474,0.0009552132014622844,0.0014605034251917665,0.01720954721587445
2015-12-31,3,1016,0.02035794818500334,0.0018894487985727302,0.0015581125310296377,0.0020622485893699114,0.018975158284639696
2015-12-31,4,1015,0.023994413986389573,-0.003187931050482525,0.002151572772037252,0.0029079013911549128,0.022546319722900807
2015-12-31,5,1015,0.043246752710441566,-0.02117194081305023,0.010602645243314168,0.005276709092346664,0.03542662698725747
2016-01-31,1,1020,0.010858175534931612,0.004354794103125516,0.0005488733142680789,0.0009008305567778732,0.01255198466347251
2016-01-31,2,1020,0.012702830255508418,0.005061931373954091,0.0008727793615676747,0.0015569205394565587,0.014403572892839197
2016-01-31,3,1020,0.017964471613598054,0.006505921491788838,0.0024786826737860737,0.0022202051175106334,0.01618977875899611
2016-01-31,4,1020,0.023734156922974644,0.007617215570134445,0.0032202865867858527,0.0031146249777007817,0.02187384090441861
2016-01-31,5,1020,0.047760776610452464,-0.005327245128504657,0.015471460879185514,0.005489289645779213,0.03329201135646605
2016-02-29,1,1011,0.014218565969216052,0.016698427324278974,0.0006039302129960885,0.0007837446337303544,0.011910376977392806
2016-02-29,2,1011,0.024792414803283782,0.02544676564155634,0.003104640530676095,0.0013683448193462953,0.014503526865102598
2016-02-29,3,1012,0.029779309718608923,0.03179746046734803,0.0034578858218682665,0.00201103970688268,0.015984124442579614
2016-02-29,4,1011,0.03680576595632018,0.03915273989431446,0.005458751039233252,0.002908502288195342,0.019635761450446897
2016-02-29,5,1011,0.08732960000200936,0.0873488922737994,0.04783083761475872,0.005184519274241445,0.03406640641631851
2016-03-31,1,1027,0.008116051617140478,0.009796036986165612,0.00021736184166991848,0.0008164382159003827,0.01347984656048465
2016-03-31,2,1028,0.012793086830129176,0.014879484449701299,0.0006103286896020216,0.0014035807090429832,0.01801947076697359
2016-03-31,3,1027,0.01577306312208961,0.01604562799448963,0.0017517317444115546,0.001991832752615507,0.020348933994793345
2016-03-31,4,1028,0.022091113381740312,0.022886186711578087,0.003230389273246801,0.002798324284799548,0.0252040161792888
2016-03-31,5,1027,0.05588454350378837,0.05496819868634917,0.018122807563956934,0.0050391650516599645,0.050078729890439724
2016-04-30,1,1010,0.006600806164981605,0.0015117722722652164,9.379079750905034e-05,0.0007795464976364106,0.015832555231967946
2016-04-30,2,1009,0.008168132888932169,0.0004929534322758135,0.00017644296444410963,0.0013529681008825586,0.01844230420166567
2016-04-30,3,1010,0.008278200892361191,0.0010725346475503625,0.0002182133385666296,0.0019623006290076695,0.019352688896143624
2016-04-30,4,1009,0.009621587693144187,0.0013179088143988158,0.0008054027228143277,0.002875194385038852,0.021290458836985857
2016-04-30,5,1010,0.028170323201784534,0.013509732721765188,0.009019684252605893,0.005064197236897566,0.051134653270281716
2016-05-31,1,1028,0.018226280618284626,0.020766741220863045,0.0007226995712828475,0.0007512907098028038,0.01516646267924587
2016-05-31,2,1027,0.018952650467590062,0.021121402110893348,0.000822048261322033,0.0013098645490008552,0.019002346197466453
2016-05-31,3,1028,0.019217741456219416,0.02119878404522723,0.0008669504948223271,0.0018376402122621245,0.021677570709175278
2016-05-31,4,1027,0.019262738926833486,0.02138384615828597,0.000894130445715537,0.00258038641153869,0.024825852842465225
2016-05-31,5,1028,0.029912042524266262,0.030416342411648062,0.00643325641799849,0.004634333002603163,0.04161509024762653
2016-06-30,1,1007,0.011916485252950502,0.013901459797979828,0.0004268318621970427,0.0008452638797418153,0.01653644050826221
2016-06-30,2,1008,0.012945102716883069,0.014820664681503821,0.0004923409798168695,0.0014350516726985478,0.0181417153506474
2016-06-30,3,1007,0.015264876137125821,0.017298848050979112,0.0006898548432298248,0.0020038344784181978,0.019792584522975946
2016-06-30,4,1008,0.015558514781991368,0.01633336309502435,0.0009599196760623,0.002808935338498768,0.023505979066882184
2016-06-30,5,1007,0.023629066356574868,0.02148174774660366,0.001971472022648003,0.0047411710702767625,0.041685930155450024
2016-07-31,1,1021,0.007008078076323537,0.0021141919748749924,0.0001629468435670547,0.0007359498503553409,0.01504766525662388
2016-07-31,2,1020,0.007854758296574805,0.0027916568922948643,0.0001983127496447966,0.0012542990881788865,0.017822425557359495
2016-07-31,3,1021,0.008181398413126909,0.003902340836222353,0.00022128149047757306,0.001806228506930095,0.018606001979639034
2016-07-31,4,1020,0.00973744631741803,0.005551000004450936,0.0004170199680986254,0.002562832962042697,0.024145726396714362
2016-07-31,5,1021,0.021102189372342296,0.016821655228695647,0.002804023130337037,0.004518303917491858,0.04605842976366434
2016-08-31,1,1026,0.0075917306794467095,-0.0020879727134099943,8.289836795646492e-05,0.0007210650715284488,0.01577446927165148
2016-08-31,2,1026,0.008474086317778707,-0.0021979044777289333,0.00011621404966491515,0.0012507713289444692,0.018125175589352623
2016-08-31,3,1026,0.00849809545079613,-0.0012113840125289998,0.00016507945211986165,0.001838019025707352,0.019866635005242283
2016-08-31,4,1026,0.008377444614864322,-3.510720817061081e-05,0.00019806836428229959,0.002613767996198475,0.023522560114716366
2016-08-31,5,1026,0.011724436416183693,0.004025497071683946,0.0005808809565724035,0.004534316991639894,0.04170215532041039
2016-09-30,1,985,0.01343157885507281,-0.008709086297744877,0.0002445323968879161,0.000788532621870321,0.014979891419121791
2016-09-30,2,986,0.013861161461488414,-0.008429604494317362,0.0002763837308515398,0.001323900264598177,0.01766152939076939
2016-09-30,3,985,0.013434050465747166,-0.006935766482475919,0.0002852103978933769,0.001955753903624467,0.020413105146038373
2016-09-30,4,986,0.012779244575902944,-0.006794736300922065,0.0003053159563331309,0.0028257562815026884,0.019901754517228722
2016-09-30,5,985,0.01570035393378838,0.0021911674594900484,0.0009286318644060478,0.004589195470261162,0.04175988820963278
2016-10-31,1,1007,0.031699206703021086,-0.0271949553451668,0.0011800847963462726,0.0007846113592097625,0.01931995474768627
2016-10-31,2,1007,0.029769015080510126,-0.024607696143707024,0.0010448444136728521,0.0013400485694044855,0.018749470168662893
2016-10-31,3,1008,0.029416352228030497,-0.023322311490989112,0.0010115252416120076,0.0018679419074411577,0.020661674794194295
2016-10-31,4,1007,0.029213730016350484,-0.022562194656093524,0.0010211830590267027,0.0025463278595058724,0.023745016092218
2016-10-31,5,1007,0.028298230454437908,-0.019361916592563946,0.0015576879556641716,0.004201990308649809,0.02934574493203005
2016-11-30,1,994,0.006658988513126242,0.006995030187520513,0.00018038955357437063,0.000777266509238108,0.018909445947407417
2016-11-30,2,994,0.007569900766764484,0.007262786726455277,0.0002555220009892194,0.0012965913905763507,0.02016805566661307
2016-11-30,3,994,0.007402487088620808,0.006978229381150576,0.00022993316408697492,0.0018259446149110426,0.02067164105231998
2016-11-30,4,994,0.008035790474566032,0.007985040218707919,0.0004187062928039484,0.002516952781732679,0.022712656415391413
2016-11-30,5,994,0.012552630964536593,0.012458078493685498,0.0011754879772373312,0.004200130215285087,0.030581973743662703
2016-12-31,1,1011,0.005327418588030755,0.005230672605014361,9.874596159231847e-05,0.0007267286977716755,0.020629346649389986
2016-12-31,2,1012,0.006373419214739385,0.004323409095057487,0.00013842507002571425,0.0012850647611607525,0.023386190825190643
2016-12-31,3,1011,0.006539204066354736,0.005557665686377638,0.00015833710422538056,0.0018191606301095097,0.023144725691646342
2016-12-31,4,1012,0.006963862636913027,0.005111689730015476,0.00015854315459618593,0.0025417834007017905,0.022362391335452654
2016-12-31,5,1011,0.010515600632446007,0.008285410469944859,0.0005684739514606735,0.004158073229989381,0.026476600251115694
2017-01-31,1,1007,0.006869606033512708,0.00975356503630988,0.00017732702770529093,0.0008174253476720244,0.01889551208012598
2017-01-31,2,1008,0.007803424512302634,0.010092698418774821,0.00020331343715756297,0.0013715152988221112,0.02227040805892112
2017-01-31,3,1007,0.00840340166753519,0.011026881827033732,0.0002449026718346197,0.00191417928141194,0.021332117488544706
2017-01-31,4,1008,0.008134960677200279,0.009966468244365098,0.0002237859928050866,0.0026151377410514303,0.021432492401478657
2017-01-31,5,1007,0.010544205096527906,0.010097169841802645,0.00044317993435117795,0.004183977357774338,0.02433470382422006
2017-02-28,1,997,0.0076005988559137054,-0.002622136408729638,8.107312158674154e-05,0.0007373670108267481,0.018759003628226713
2017-02-28,2,996,0.0076615432911375375,-0.0025695783231085042,7.28395419361117e-05,0.0012861100769680127,0.020089336130466793
2017-02-28,3,997,0.00812761774063195,-0.0028158976965313664,0.00010517544927461,0.0018350362034928929,0.021675438343727503
2017-02-28,4,996,0.007925552325714794,-0.0018711847400204333,0.00015764776271363147,0.0025830154537644,0.022128976759508395
2017-02-28,5,997,0.009317728849960976,-0.0026677933968540265,0.00019684795071622796,0.004264052310603591,0.024187121245856827
2017-03-31,1,1012,0.006990216326722495,0.009314278656444658,0.00016910216287332726,0.0007217634734988151,0.016374623815834193
2017-03-31,2,1012,0.006688165754685851,0.009424584990875546,0.00014855775230191305,0.0012196438801629684,0.018037469910633347
2017-03-31,3,1012,0.007462075154709214,0.009909318187490735,0.00017843793424666136,0.001745314070172173,0.017710205020660116
2017-03-31,4,1012,0.007620928878792449,0.009918073114133704,0.00019562783589487627,0.002475322891966048,0.018076601759311885
2017-03-31,5,1012,0.008445213235666155,0.009409219357589269,0.0002580714429001302,0.004169831004301531,0.019746629110372
2017-04-30,1,999,0.0068693996942876855,0.009742542541353323,0.00016482576076805753,0.0007997342943261702,0.015295298874697631
2017-04-30,2,998,0.007870669407724634,0.01020358716202039,0.0002611257848900791,0.0013601192437428704,0.01620009347253419
2017-04-30,3,999,0.008344368455875321,0.01083098096617735,0.00023977217191560097,0.0018972186831959777,0.017050519769672173
2017-04-30,4,998,0.00835805887050812,0.010979148305295438,0.00023863158277804164,0.002606918853588464,0.016695506669800613
2017-04-30,5,999,0.011033923864710114,0.00916870870333424,0.0004515043102455843,0.004283241764233762,0.020623379605168225
2017-05-31,1,1006,0.006372349690037671,0.00021905567760772078,7.357903066780817e-05,0.0008992988866007956,0.014422672527051037
2017-05-31,2,1007,0.006412875274182509,0.0011385402099904015,7.330727480619837e-05,0.001564885169232855,0.015823906262274687
2017-05-31,3,1006,0.006826160611780115,0.0015173260475978465,8.890214274478981e-05,0.0021800365270426606,0.01591396631982813
2017-05-31,4,1007,0.007058175566735045,0.0016659384400103114,0.00010697934497091054,0.0030279814222515583,0.0166470142729847
2017-05-31,5,1006,0.009676332514158528,-0.0003369880804048423,0.00038634537086311324,0.0047998889543142305,0.020515371659336767
2017-06-30,1,991,0.004145367539621979,0.006166680114812243,6.868129841550131e-05,0.000777767917074893,0.012623154197381308
2017-06-30,2,991,0.005006918418256684,0.006457951564658842,9.797720948356853e-05,0.0012981578033332435,0.014856431820078625
2017-06-30,3,991,0.005223128718783252,0.006802734613203046,0.0001037663724494978,0.001849967953097754,0.015092710612786059
2017-06-30,4,991,0.006004848156077514,0.007099576179185225,0.0001214008760534881,0.002659105724776365,0.01658621749528512
2017-06-30,5,991,0.009883498750355062,0.007617759860254956,0.0002922814611668633,0.0044596781599177985,0.019859063725128787
2017-07-31,1,1004,0.0069061324947943354,0.007869511952425043,0.00017208352872614868,0.000596928445649496,0.013253638891422228
2017-07-31,2,1004,0.007014300547542503,0.007048167329850253,0.00016237191875077822,0.0009930521527889821,0.013578679993550254
2017-07-31,3,1003,0.006851901899310239,0.007160608182475934,0.00016761232708281955,0.0013989405897710933,0.013772664008587563
2017-07-31,4,1004,0.007827926306898901,0.008285707148674866,0.00021140736025872876,0.0019307888409012541,0.01449025898816024
2017-07-31,5,1004,0.01096678179870658,0.006428515948295193,0.0004650159281586685,0.0033065813022151763,0.01661744167621649
2017-08-31,1,996,0.0089969639642381,-0.003453383539599453,8.705471241036505e-05,0.0006638357081527047,0.013059857872887383
2017-08-31,2,997,0.008921517760036373,-0.003050471414834124,9.377887250944662e-05,0.0011311161248922362,0.012675974641777681
2017-08-31,3,996,0.009833927650369827,-0.0028613152624449548,0.00013424367812785967,0.001569907812250981,0.013774086428198473
2017-08-31,4,997,0.011074965788204104,-0.0033746840490019563,0.00017511443211010527,0.0021791123242907253,0.014675587905937874
2017-08-31,5,996,0.015037832576682708,-0.001729056217318503,0.0005868548432036598,0.0036081091123092157,0.01694823403672212
2017-09-30,1,992,0.005852410414512809,0.0038095665295699173,0.00010624659604120572,0.0006340674818839442,0.014524404787997219
2017-09-30,2,992,0.005746378579603377,0.003850947571975432,0.00012274897796534946,0.0010108033571576234,0.014714969540508714
2017-09-30,3,992,0.005450516300073835,0.00430007056955571,9.996573765912846e-05,0.0014046325492571544,0.014097561553020433
2017-09-30,4,992,0.005516983589761418,0.003686502002555273,9.703395914857979e-05,0.0019223586450697414,0.013768960150628565
2017-09-30,5,992,0.00846309477745609,0.0031990322499840687,0.00037836565648520796,0.003259716877542354,0.015906115768159822
2017-10-31,1,1010,0.0074700953422765295,-0.0015433069221135966,7.461435186402449e-05,0.0006852242432360235,0.012449563147444661
2017-10-31,2,1011,0.0077629845471340365,-0.0018646884214313347,7.720288531332299e-05,0.0011317917305010824,0.012637380200933334
2017-10-31,3,1010,0.008648983548547632,-0.0025852277290312592,0.00011535387169216184,0.0015729812794574236,0.013036814959662269
2017-10-31,4,1011,0.009305079022033716,-0.0023625914916552975,0.00020963328090527534,0.0021628120117448656,0.01437550418782551
2017-10-31,5,1010,0.01016666041492946,-0.0018182079119496578,0.0006093901840543768,0.00368419906437139,0.01625784389528271
2017-11-30,1,998,0.0075456363102896495,0.008327214420901811,0.00019478886196413125,0.0006781109483839737,0.00900550439120607
2017-11-30,2,998,0.007461170159859643,0.007623617236380804,0.0001862981283826961,0.0011294719013574465,0.008499269584817117
2017-11-30,3,998,0.007406500227632462,0.00772235471593008,0.0001781729642851773,0.0015504283588278843,0.009565318036304891
2017-11-30,4,998,0.00853312478040188,0.007616092183682072,0.00026210387130491615,0.0021341620559303396,0.010145457588500597
2017-11-30,5,998,0.008575119698410114,0.0054061824249148635,0.0005977006182940824,0.0036249028854440334,0.012119958837063375
2017-12-31,1,1021,0.01490170552805681,-0.01019556318211145,0.00021177240640608578,0.0006654212806953857,0.008680893756839655
2017-12-31,2,1021,0.015362909247063124,-0.009952908919962663,0.00025697085015291164,0.0010971935816554484,0.00946402937244963
2017-12-31,3,1020,0.014358989507528046,-0.008874470591338952,0.00020694560852192178,0.0015098625011502264,0.00913386860088803
2017-12-31,4,1021,0.01404104659563444,-0.008192468157130905,0.000240371944550327,0.002088565777340486,0.00928413953909744
2017-12-31,5,1021,0.015760857479396033,-0.002626180229830412,0.0006010711364284465,0.0035131716446885615,0.012622163664323135
2018-01-31,1,1016,0.018841338945190106,-0.015054458660293805,0.00043030186189700257,0.0007211474651786862,0.010386430165171542
2018-01-31,2,1016,0.018187882359006893,-0.014223267716715782,0.00040987174637953426,0.001137845502855689,0.010055564447978298
2018-01-31,3,1016,0.018424256991992242,-0.014199055087703714,0.00041921866235800336,0.001505800106874041,0.009956687312289504
2018-01-31,4,1016,0.018336723787355277,-0.013902775616874509,0.00046534739695490706,0.0019961973613686753,0.010474547533499402
2018-01-31,5,1016,0.021367269227336762,-0.013380236144540526,0.002092900506669363,0.003239490344213844,0.013304193239787368
2018-02-28,1,1004,0.006337131988493276,0.0009211852692827512,7.037830006055255e-05,0.0007097135125828633,0.010275040121909463
2018-02-28,2,1004,0.006427417717488258,0.0006883067751849273,8.030653302818489e-05,0.001152887605747285,0.010091768509654672
2018-02-28,3,1005,0.006491941680784598,0.0003606865742152316,7.469788137342962e-05,0.0015959971386105705,0.010072090108642988
2018-02-28,4,1004,0.007316959175352019,0.000505049800984893,0.0001175576083075136,0.002187212154753419,0.010534691479340486
2018-02-28,5,1004,0.010059021771044955,-0.0009410159383509765,0.00023182288393740636,0.0036197826859010046,0.013420466878138106
2018-03-31,1,1018,0.013074015589827478,-0.009239833017778788,0.0001895555674623386,0.0006303372104287632,0.010668819269826664
2018-03-31,2,1018,0.012981668088035178,-0.00848172888392997,0.00018146979727611012,0.0010454029811914406,0.01118553762064366
2018-03-31,3,1018,0.013389270805352831,-0.008363870329842302,0.00023250737759087107,0.0014656846301015613,0.011573182726076164
2018-03-31,4,1018,0.01323571022414487,-0.007982259352595212,0.00022046663081655839,0.0020408632180741273,0.01201638692408987
2018-03-31,5,1018,0.014444169262347456,-0.005732779927422352,0.0006632319828333243,0.003347496376096963,0.014277447637202942
2018-04-30,1,1005,0.00520891956108262,0.0048956815913897035,8.784520123207524e-05,0.0006283451199557455,0.012017374212912412
2018-04-30,2,1005,0.005339998711280961,0.003953870662357148,8.332313780201028e-05,0.001055624091908871,0.011421992337644692
2018-04-30,3,1005,0.005764219788765992,0.0035763979927931774,0.0001280618966712408,0.001456560308229854,0.01161920388076699
2018-04-30,4,1005,0.005916438636097553,0.0035505870676899747,0.00015030213037448722,0.0020287795357020987,0.011580840207902187
2018-04-30,5,1005,0.007080367192136376,0.004289303457378775,0.00021232571233447653,0.003326328170425211,0.012951216973947629
2018-05-31,1,1023,0.01153341449944465,-0.007984134903978785,0.0001620597050619318,0.0006249139398747421,0.01122763879381631
2018-05-31,2,1024,0.010808542553441325,-0.006611269523784102,0.00014555861958334224,0.001027624523318071,0.011162479173392649
2018-05-31,3,1023,0.010333957511753452,-0.0062086314783931845,0.00013406538367383798,0.0014086325038822072,0.010829450716320457
2018-05-31,4,1024,0.010208268360040684,-0.00554254882278471,0.00015533084508849923,0.001932643883726019,0.010903757927119131
2018-05-31,5,1023,0.011900072755346018,-0.006395767358205704,0.0002467100984543932,0.0031742146091732364,0.013990381333486637
2018-06-30,1,1003,0.007128758801711582,0.0035693519281867355,0.0001282190185785049,0.0006378750649703502,0.011611079126367682
2018-06-30,2,1003,0.0066098453140923125,0.0029304486688615343,0.00010423203738142867,0.0010905431567372697,0.011210362981636173
2018-06-30,3,1003,0.006977580561344862,0.003985872390069618,0.0001385521462849187,0.0015134379741119665,0.01158548882959762
2018-06-30,4,1003,0.007184685392942938,0.0046104287240837155,0.00015325325332303497,0.0020537063051776147,0.011699635390898529
2018-06-30,5,1003,0.00842296441205277,0.004465284162965405,0.00024515442126062407,0.0033702741267868513,0.013463513357262006
2018-07-31,1,1018,0.0059387834464708945,0.007051699402795578,0.00011690880782320641,0.0006484667081209908,0.0117447006174766
2018-07-31,2,1017,0.005361014404891499,0.0057868534958741774,9.520226728816525e-05,0.0010299633768202688,0.010517246721511475
2018-07-31,3,1018,0.005954288820636409,0.006149204326761531,0.00014660551848020407,0.0013699374402897134,0.011391626860473349
2018-07-31,4,1017,0.006214191062664908,0.005419990155435107,0.00015719288941390435,0.0018813538717785561,0.01158795708208153
2018-07-31,5,1018,0.007946501724930975,0.0051593516725376215,0.00028460678414223966,0.003163477610349552,0.01288981415854832
2018-08-31,1,1024,0.011763692799102424,-0.006604824223188643,0.0001282852808729355,0.0006359549691485511,0.012026449130036445
2018-08-31,2,1024,0.010692995009605816,-0.005489853513800824,0.00011600756039844267,0.0010457962643187822,0.011145626472364919
2018-08-31,3,1023,0.009851171829095097,-0.0048500879592791825,0.00013543252995729994,0.001467293562641026,0.01116519126168184
2018-08-31,4,1024,0.009943105204817596,-0.004939531260891528,0.00013475011297796387,0.0020420766274782294,0.011357913757016723
2018-08-31,5,1024,0.009064023114569877,-0.00331478517154693,0.00016109669480154662,0.0032946287132319943,0.011575495184710353
2018-09-30,1,1013,0.0186036736231843,-0.014731135226123099,0.00046782011648130906,0.0006554891357133833,0.011518247015016837
2018-09-30,2,1013,0.017480765830176364,-0.013703938827952119,0.0004263854961944496,0.001103789293725679,0.01058422667617922
2018-09-30,3,1012,0.01840112958660612,-0.01451512843375269,0.00047529665102617464,0.0015481232064292992,0.011281503365080872
2018-09-30,4,1013,0.01964980688240389,-0.01557729516264934,0.0005187674017901826,0.002114605311067303,0.011799640752335696
2018-09-30,5,1013,0.02123018968911846,-0.01736495556331841,0.0008046753905105614,0.0033631943966864674,0.013033357403038945
2018-10-31,1,1030,0.008810685400733903,-0.003233689321602019,0.00017243575638788722,0.000728965508919638,0.011169838593816817
2018-10-31,2,1030,0.008503989449837338,-0.0024425727993112,0.0002005807768987372,0.0011575111210919667,0.011248096474395888
2018-10-31,3,1030,0.008752835540971669,-0.0017885339660724021,0.0001936876607540224,0.0015313101518870569,0.012133241757618174
2018-10-31,4,1030,0.009538414949388735,-0.002617883487908736,0.0002327480731748646,0.0020595248201907873,0.011924646650585695
2018-10-31,5,1030,0.014856320550220988,-0.008235184441109242,0.0009989945545286003,0.0033287481341323522,0.01337892165694338
2018-11-30,1,1015,0.014179829017573444,0.013108591148763117,0.000454632463569285,0.0006689258767719514,0.012955419364829489
2018-11-30,2,1016,0.01361911809791515,0.010949980345008867,0.0004544172154551967,0.00108339472848193,0.01156525670967078
2018-11-30,3,1015,0.013966853545456554,0.009723201961584304,0.00045689726529116377,0.0014922640592980106,0.011531751044010224
2018-11-30,4,1016,0.013781032437854702,0.008519458635490756,0.00048259193340582316,0.002043782912169792,0.012091272253999039
2018-11-30,5,1015,0.01830820918834154,0.001174512268887062,0.0013877143984548492,0.0032988197691534342,0.012892202347439003
2018-12-31,1,1035,0.01696950060758912,0.01864421251364916,0.0007124605572639484,0.0007155926549502438,0.011946909297063662
2018-12-31,2,1034,0.015316173968002441,0.01664822051109271,0.0006608926595094118,0.0012012627449755487,0.011427386217098795
2018-12-31,3,1035,0.01730902967660874,0.018036521741997925,0.0008157520748787803,0.0016755741497344835,0.012824388847597597
2018-12-31,4,1034,0.017098187385955983,0.01655964214056594,0.0008044643571653709,0.002287865923022046,0.013579683011766113
2018-12-31,5,1035,0.021400281198504238,0.02045383578397509,0.0015459324627592628,0.0036841992801549214,0.016235456962903988
2019-01-31,1,1024,0.006550166532832691,0.003798808590190106,0.00011774506822740451,0.0006688144062821757,0.014166507608011393
2019-01-31,2,1024,0.006803375314358623,0.003439648438270382,0.00013563220676853264,0.0010698743561460206,0.014571638513197576
2019-01-31,3,1024,0.006531804007868828,0.0030781933702144215,0.0001258917994358232,0.0014593176118186926,0.01422852751115042
2019-01-31,4,1024,0.0064882842620725915,0.003495117202678699,0.00016860237543965317,0.0020085823439858737,0.013887101841868834
2019-01-31,5,1024,0.010045155734776915,0.005442382804456969,0.0008656788447651519,0.0032703687103051845,0.01645895659495533
2019-02-28,1,1010,0.022372634733978627,0.025884821776344324,0.0009652944292065392,0.0006713026674160701,0.014239779515094735
2019-02-28,2,1009,0.019365610652937692,0.022438711602025565,0.0007891763478600141,0.001130367379670759,0.013643395349027022
2019-02-28,3,1010,0.01850779632756799,0.021462138647494963,0.0007425669029493043,0.0015760800461930918,0.01343500179658706
2019-02-28,4,1009,0.018057792307081603,0.02018615461244895,0.0007115864075211327,0.0021459508118813406,0.014037614619849665
2019-02-28,5,1010,0.01927786952674988,0.018567306938874224,0.001034612775019839,0.0033847104897431844,0.016328840389819466
2019-03-31,1,1025,0.008030608541945495,0.004323102440053268,0.00021915292849811178,0.0007065887955505779,0.015707859552299072
2019-03-31,2,1026,0.006728150181705089,0.003151832359353949,0.00013073764170563683,0.0011468826828713633,0.015290643467557086
2019-03-31,3,1025,0.006906548305011481,0.003524917071719268,0.00016068796667363037,0.001628249958933707,0.015263162917823878
2019-03-31,4,1026,0.007015888050910902,0.0032483333407975945,0.0001546267390921939,0.00228919579302803,0.01609141165498887
2019-03-31,5,1025,0.008915948545076014,0.0033181365604743806,0.0005744689423751475,0.0036475780970970425,0.016677057358916975
2019-04-30,1,1016,0.014558908088703873,0.013198750000911093,0.0006362954676041917,0.0006747104467763629,0.014771453478459286
2019-04-30,2,1016,0.013099818352804965,0.01204747049564682,0.0004304074464334346,0.001087356846580135,0.01415262957443302
2019-04-30,3,1017,0.012430158152441743,0.011863284199927568,0.0004608997058671121,0.0014914160647034283,0.014515302791725304
2019-04-30,4,1016,0.014393542173537806,0.011933877948212908,0.0004993134858224025,0.0020830625986728766,0.016490215287448415
2019-04-30,5,1016,0.01714710109505544,0.006248287387179302,0.000911349925579621,0.0036017678285974616,0.018856094625080002
2019-05-31,1,1027,0.01734973309677839,0.020258549128490396,0.0007013001400551662,0.0007381127994557545,0.01577906076880554
2019-05-31,2,1026,0.015306318147003182,0.018534970769204,0.0005692992071087208,0.001210083173401669,0.01409316807712587
2019-05-31,3,1027,0.014575311828251081,0.01810287243600807,0.0005574931459273381,0.0016696596782812183,0.014597128469689656
2019-05-31,4,1026,0.015255115909587176,0.018681423021307122,0.0005754935411793562,0.002291661374671254,0.01587356651621591
2019-05-31,5,1027,0.0177326662921387,0.0175420253261201,0.0008323615216149717,0.003625472178410599,0.019506700561467444
2019-06-30,1,1015,0.006885459321985288,0.005524788186667496,0.00013224785910072477,0.0007577497158643064,0.01596918756531264
2019-06-30,2,1015,0.007015778588710297,0.004826394083902235,0.0001406688446291778,0.0011406718085886205,0.015149886183107503
2019-06-30,3,1015,0.007021089333309952,0.004150088676088748,0.0001728509859134153,0.001551594895792334,0.01549706745271283
2019-06-30,4,1015,0.007287860555692016,0.005555783240088024,0.00017105236759282257,0.0021279335376039967,0.016232684177642356
2019-06-30,5,1015,0.009404455572016695,0.0034914384355082973,0.00047183081576033576,0.003481643736020384,0.01801216706048472
2019-07-31,1,1024,0.027123736880049876,0.031012646504528618,0.001518721764342034,0.0007059399002116597,0.015469432002520163
2019-07-31,2,1024,0.023650854377124407,0.02655259767112028,0.0013400259927949271,0.0011206605127578998,0.014571396261135763
2019-07-31,3,1023,0.024244915151084158,0.027068602201303783,0.0013719446154004484,0.0014992336024663257,0.015505639422978218
2019-07-31,4,1024,0.02372266483050406,0.026269492199332944,0.0013255138115339476,0.002064628026488817,0.01604332959547839
2019-07-31,5,1024,0.026503797575681148,0.018038710935964986,0.0018375316414061546,0.0034195108204516404,0.019339779317544274
2019-08-31,1,1026,0.013207458974380623,-0.008174064314984771,0.00020312037042780458,0.0006955997292774728,0.01754422505428841
2019-08-31,2,1026,0.012309283930204784,-0.007364288505481521,0.00019497492514329137,0.0011067073635975515,0.015561500471479186
2019-08-31,3,1026,0.011528690386386032,-0.00652622808036462,0.00015356549701309952,0.001517917063840784,0.014985453628101265
2019-08-31,4,1026,0.014440197996988233,-0.00826601365611833,0.0003180748190461502,0.002087863017545293,0.017956486382144126
2019-08-31,5,1026,0.017360317840790798,-0.008563869398815257,0.0006533705508291246,0.0035479588310745034,0.022391487770116392
2019-09-30,1,1007,0.005999893409528324,0.004771469703583808,0.00010659087007852258,0.0007022126509053404,0.019450273050328763
2019-09-30,2,1007,0.00520322147561987,0.004202035747883295,8.765504223406492e-05,0.0010415980067441464,0.01690952535907102
2019-09-30,3,1006,0.005198154419112759,0.004031163023700974,9.783535627921644e-05,0.0013572686434821547,0.0157694345966257
2019-09-30,4,1007,0.006126421309784288,0.0034232869826171623,0.00012100586394290349,0.0018326193809213914,0.01686910917772592
2019-09-30,5,1007,0.009525931191161371,0.002063187655362088,0.0005062438475594602,0.003073769840040699,0.0198542000582319
2019-10-31,1,1015,0.006339707026724394,0.0010453004860142853,6.712378050315668e-05,0.0006924166384209768,0.017731409942270876
2019-10-31,2,1015,0.006383425797329316,0.0003432610942335545,7.916440850522047e-05,0.0010893441572688639,0.015040126505219631
2019-10-31,3,1015,0.006213568176330323,0.00019046305194557323,8.13308016667992e-05,0.0014884558039939596,0.014342139440469054
2019-10-31,4,1015,0.0073350924057734475,0.0006398620712707047,0.00020906824654023554,0.0020523171789748533,0.015921481992533397
2019-10-31,5,1015,0.01054310235308631,0.002371014766514088,0.0005828533165784087,0.0035401481344176883,0.02002104345269194
2019-11-30,1,998,0.008572039037278174,-0.000321472932805837,0.00013628728192930953,0.0007272503002537297,0.018006631028500576
2019-11-30,2,998,0.006563117274094095,0.001013837685652201,0.00012343379292239194,0.0010952935698735164,0.01453188742568187
2019-11-30,3,998,0.006712211428388704,0.0009019639254691133,0.00015491819252096465,0.0014653362510512814,0.01511984898069905
2019-11-30,4,998,0.007342023685358603,0.0026696292384905448,0.00023418316986765272,0.0020054451046083244,0.015886675256263475
2019-11-30,5,998,0.015893264986170785,0.011259809584350546,0.0014761254966195417,0.0034341385942838667,0.01991983769468352
2019-12-31,1,1017,0.025260000227660447,0.028837207516280095,0.0012283855250550938,0.0006402537601498488,0.0182396931384159
2019-12-31,2,1017,0.018463615068605294,0.020958938025982324,0.0008302391689721085,0.0010321786593446313,0.014695836988726441
2019-12-31,3,1016,0.01861933602896288,0.020267637828073642,0.0008645467806644015,0.0014207837726589903,0.014744537228613998
2019-12-31,4,1017,0.019510623556358395,0.020146941997614166,0.0008715395759405885,0.0019690367120646255,0.01595306479062585
2019-12-31,5,1017,0.022229690116126168,0.014295624338245296,0.0013107320448544641,0.0033037548530724034,0.0190128343251636
2020-01-31,1,1013,0.014943808295957518,0.015798568616855982,0.000509411228176288,0.0006618338458112752,0.017724917617004322
2020-01-31,2,1012,0.01331053466003281,0.011553132381788471,0.0004825865530107071,0.0010819791118678226,0.014565927687611568
2020-01-31,3,1013,0.013776207607325988,0.010982211268767845,0.00047934066122957964,0.0014896035790940895,0.014845718329191588
2020-01-31,4,1012,0.014008504564890962,0.010792579056804445,0.0006023059547195644,0.0020534792431249316,0.015375266613144246
2020-01-31,5,1013,0.024319460680749885,-0.002816929890695211,0.002918551843313081,0.0034169534267790035,0.01912140348696782
2020-02-29,1,1001,0.08951809782203443,-0.08428353643722329,0.011044480269938088,0.0006570623837379845,0.018301953939810333
2020-02-29,2,1001,0.08174580233600684,-0.07724349653750955,0.011743906965668464,0.0010679425732974788,0.015582484099515409
2020-02-29,3,1002,0.08507356641276023,-0.08061462084534976,0.014663981208366969,0.0014510876910065703,0.015782949426085057
2020-02-29,4,1001,0.08656130318318536,-0.08212386627844982,0.014974475567896842,0.0019916765229091283,0.015201024806708529
2020-02-29,5,1001,0.12485471054095738,-0.12025400605952283,0.03704687937144354,0.003445557209249804,0.018320743200233077
2020-03-31,1,1033,0.06122144764262277,0.05909178129807463,0.006686969503363818,0.0008021284749634873,0.03485764832755501
2020-03-31,2,1032,0.065870143775903,0.06646948644947417,0.008874083878739253,0.001359938853364979,0.03439059712227313
2020-03-31,3,1033,0.06573239120671505,0.0667451403706004,0.009057760295641083,0.0018885906812411112,0.0329280062174422
2020-03-31,4,1032,0.0655987557900543,0.06006292641775294,0.011372367756085366,0.0026020244657245593,0.033342783170791084
2020-03-31,5,1033,0.08085345351110076,0.059041849000351886,0.026806455729784018,0.004296505185669175,0.03935117463317829
2020-04-30,1,1010,0.018984566076015407,0.01699089112216555,0.0009667066967532666,0.000706367631605858,0.030422525079209423
2020-04-30,2,1010,0.019204990559727634,0.015558128725683448,0.0009707709051670102,0.0011591345300610851,0.028972368149093434
2020-04-30,3,1011,0.023832308708161876,0.02147450046967607,0.0018951929483698407,0.0016616003322369598,0.033095444997509584
2020-04-30,4,1010,0.027438921429239208,0.02429084160190037,0.0029439911527836147,0.002393261067319264,0.03678419625188187
2020-04-30,5,1010,0.047917195467940744,0.03137438590922894,0.01440814784748589,0.0040247818029826845,0.05202705385188055
2020-05-31,1,1025,0.02017320544603972,0.021196156087332895,0.0009266929259711916,0.0006403923437257146,0.040470202542825684
2020-05-31,2,1025,0.019012174787466155,0.019493268286584303,0.000981308924080862,0.0010414086679293953,0.039465296641209506
2020-05-31,3,1026,0.019086418440428087,0.018905321661251775,0.0010207908104423432,0.0014609350361091912,0.03836323473320049
2020-05-31,4,1025,0.021137855988255932,0.020786760989537537,0.0012649775018070799,0.002095522011202799,0.04458523921797087
2020-05-31,5,1025,0.030025655562556642,0.026113385317862038,0.003744191643868745,0.003450529969624894,0.05374246311181218
2020-06-30,1,1008,0.03733422647772425,0.040710267871396526,0.0027263406805329068,0.0007358779319689639,0.043922421211166
2020-06-30,2,1008,0.03279780482246195,0.03564912689947209,0.002583887748120118,0.0011308062387409043,0.03987807918733504
2020-06-30,3,1009,0.031594664957377845,0.03389383553755107,0.0026452216922498812,0.0015413486075280837,0.039103890041498716
2020-06-30,4,1008,0.03010777572832471,0.03290757941037612,0.002082625992907339,0.002139268564348911,0.04243362762683283
2020-06-30,5,1008,0.03781582357994789,0.03610196430409699,0.006431415479094706,0.003528455413107743,0.060103676115295185
2020-07-31,1,1009,0.015149278474016637,-0.008560069359906199,0.0004868773062397454,0.0007334163900468382,0.03560945869458523
2020-07-31,2,1010,0.018699425924700426,-0.010647841592172781,0.0007372582905350726,0.0012800730817484562,0.040288315732022906
2020-07-31,3,1009,0.01944002578966271,-0.008489643200959003,0.0008548435259303328,0.0018295621159765988,0.043873354177672984
2020-07-31,4,1010,0.021505187524148702,-0.00959447525804508,0.0009947908519046035,0.00253973242297017,0.04892442543132458
2020-07-31,5,1009,0.026959401441226983,-0.0037422299344897995,0.004244999387130635,0.004104742413711055,0.05882876071124852
2020-08-31,1,1012,0.008298643084373112,-0.0013929644266013222,0.00014254773937782503,0.0007690280296500325,0.03846645499094894
2020-08-31,2,1012,0.009959837288150433,-0.003635869563583723,0.0002228702612889801,0.0012571145286205127,0.04306384140839968
2020-08-31,3,1011,0.009414633074729893,-0.0032652918005095124,0.00020914109034194764,0.0016913134425808986,0.04126008192316877
2020-08-31,4,1012,0.01123622391943266,-0.0038090711484897056,0.0002898476099312241,0.0023129006653031725,0.04573242967620526
2020-08-31,5,1012,0.014767472112683852,-0.004038201532598811,0.0007487693916792035,0.003898276926867344,0.05975140340385512
2020-09-30,1,992,0.007667921095651431,-0.0010462096630516821,0.00011459452741882478,0.000780860387319129,0.037208612335083574
2020-09-30,2,992,0.008402202215733156,-0.0014457157284552171,0.00015651625270777543,0.001325517440605094,0.03992321910441925
2020-09-30,3,992,0.009368403082597225,-0.0006451209668878824,0.00023988922074552732,0.0018890746083732608,0.041423713493854264
2020-09-30,4,992,0.011042551002638464,-3.2288311232267944e-05,0.0002958074397816415,0.002709672033775121,0.048792169021224616
2020-09-30,5,992,0.016530743785745046,-0.002618366944514697,0.0010295604036655876,0.004324779048599635,0.06998763128047485
2020-10-31,1,1045,0.02012309047704708,0.02353287081056401,0.0010448822210978644,0.0007562896707255419,0.03564914827381074
2020-10-31,2,1045,0.01955720042246011,0.022451521458789935,0.0012383139575456905,0.001236857653142188,0.035415826921333375
2020-10-31,3,1045,0.02348185062362806,0.02642308130014925,0.0017218903887255257,0.0017286043102946282,0.04072446394560317
2020-10-31,4,1045,0.02417227582238815,0.02775463159985642,0.001723832666135084,0.0024076730686784374,0.04481203779553882
2020-10-31,5,1045,0.04153174859932459,0.04560043050741633,0.00835431771096189,0.004076997119052032,0.06620390536874919
2020-11-30,1,1034,0.006594614595092169,0.004310000009224374,0.000121626471643816,0.0007312088880237403,0.04070024054357155
2020-11-30,2,1034,0.006944231960596353,0.0042085396503115475,0.0001457971651684946,0.0011562124466331122,0.04111016431119615
2020-11-30,3,1035,0.007390886414976901,0.005146425110057383,0.00041823621995895296,0.0016360319193962126,0.04140137336322155
2020-11-30,4,1034,0.007943710369785938,0.006267659544015327,0.0005008376203390234,0.002313209501776181,0.04252500253137462
2020-11-30,5,1034,0.017018511957360042,0.01804597680991656,0.0026733958360864343,0.0039020108740045515,0.06481722523560954
2020-12-31,1,1088,0.015025802308319305,-0.010160909926158264,0.0003664819624782356,0.0007250165740384706,0.03693347295846544
2020-12-31,2,1087,0.017783313106932642,-0.012958647664229536,0.0004714487205096145,0.0011661431421695078,0.03909802240875296
2020-12-31,3,1088,0.01594658344969144,-0.01079064337717321,0.0004038347387663537,0.0016316739229130176,0.04084038019184045
2020-12-31,4,1087,0.016400910004310754,-0.01047484820304124,0.00046624679082958234,0.002274182034926433,0.04479740369516145
2020-12-31,5,1088,0.015012506625307802,-0.0026653951893235097,0.0008047974515623268,0.003797976407654227,0.0576246688310627
2021-01-31,1,1093,0.023598892716379532,-0.01951972551656683,0.0007268937645304445,0.0006925342156944936,0.037959452705804066
2021-01-31,2,1092,0.02393601109655935,-0.0190814743610035,0.0007983288875195584,0.0011164895215380693,0.03893890113362244
2021-01-31,3,1093,0.021328945112315457,-0.016903467495260144,0.0006406897805089227,0.0015643369046421903,0.03737807468156372
2021-01-31,4,1092,0.022305218942664514,-0.01675562269955106,0.000713736091785566,0.0022471844987929828,0.04285888182928073
2021-01-31,5,1093,0.022824315528207923,-0.010877813351449125,0.0012199384217193422,0.003727647561140372,0.06008275604057383
2021-02-28,1,1079,0.018694277746280394,-0.014450120476500662,0.00045402267267749796,0.0007988560881440661,0.042371350810898246
2021-02-28,2,1079,0.018912635150799977,-0.014817998111667176,0.0004561108098469122,0.0012937256510407904,0.041229231998762245
2021-02-28,3,1080,0.019214210471197566,-0.015184629639481029,0.00047352145373371913,0.0017687210783284813,0.04155815663498019
2021-02-28,4,1079,0.017255281794911398,-0.013328961999661135,0.00041130380873033104,0.0025061232986950915,0.041431692885476844
2021-02-28,5,1079,0.017289908553512225,-0.012018702557270866,0.0004434511424911987,0.004072874571078536,0.058987438062899626
2021-03-31,1,1100,0.009440450958797803,0.012761409087298406,0.00027419902954325763,0.0006975933053231104,0.027782735443917055
2021-03-31,2,1100,0.009838589544120886,0.013015436370134756,0.000290845098466324,0.0011508939296011654,0.028405825702203753
2021-03-31,3,1100,0.010277534751027873,0.01329684546141917,0.0003061902465113191,0.0016003758385289306,0.03250478697313242
2021-03-31,4,1100,0.011846818625845048,0.015070009080227464,0.000375811810289425,0.0022480014525777447,0.033158634830048335
2021-03-31,5,1100,0.013696601608503028,0.017373827299359785,0.0005388540536223883,0.003639659056196254,0.041683844704075976
2021-04-30,1,1088,0.0050216952893987685,0.006295707733479905,9.372053324584344e-05,0.0006682312302965623,0.024873312370075736
2021-04-30,2,1089,0.004876874278714932,0.006064600563897197,8.786649365965606e-05,0.0011435628938449526,0.02455422071694408
2021-04-30,3,1088,0.004898423687658783,0.006142536768734049,8.741417171729186e-05,0.0016422177493907609,0.023874582382365908
2021-04-30,4,1089,0.0051545115715843914,0.006303296600100396,9.158481788834182e-05,0.0023393745081938104,0.025290992701925415
2021-04-30,5,1088,0.00683172715439731,0.005950441195362627,0.00016688365760433003,0.003908979897673548,0.0307785759342405
2021-05-31,1,1100,0.0151804239260363,0.015854018199792003,0.0005747205431309956,0.000752958994065053,0.02081799377580068
2021-05-31,2,1101,0.01606658333543977,0.016860099933154852,0.000647840919168679,0.0011923192897374975,0.021254494787212457
2021-05-31,3,1100,0.01684188488620724,0.018095236382356564,0.0006925269870117872,0.0016363153582948861,0.022560172691203303
2021-05-31,4,1101,0.017336913141599852,0.018481435066828894,0.0007266124915140666,0.002280830226556677,0.023113660452609458
2021-05-31,5,1100,0.01697762164234515,0.018387927278821405,0.0010057631606016045,0.0038925323935205406,0.027286686078496374
2021-06-30,1,1086,0.01039530223606383,0.013440000018911751,0.0002886419176494301,0.0006348148472686127,0.020113757249518322
2021-06-30,2,1086,0.010546214696217845,0.013403121563833354,0.00029600130100491565,0.0010201160889873803,0.02157274178304839
2021-06-30,3,1087,0.010451174115529498,0.013209852805340027,0.00029132290947208526,0.0014263209769601324,0.02131584480927918
2021-06-30,4,1086,0.010547188520964609,0.013116335190186916,0.00029710067127029343,0.0020216798207071383,0.02168417386652607
2021-06-30,5,1086,0.010266410986090522,0.010458462256045674,0.0002833857202355368,0.0035130987988562412,0.027248233720186792
2021-07-31,1,1096,0.0072931833205149375,-0.0032455200726427347,5.1755959666567806e-05,0.0006376463873014191,0.016387387286671683
2021-07-31,2,1096,0.007841196351093108,-0.0025234306513781508,6.159027017993386e-05,0.0010237358426684671,0.019838230536837642
2021-07-31,3,1096,0.008010580929003837,-0.001896177009702161,7.416355653130014e-05,0.0014203879080448606,0.02044237584598481
2021-07-31,4,1096,0.007646510800307337,-0.0020426916015038555,5.879260322231872e-05,0.0019957287017119234,0.020233025486206355
2021-07-31,5,1096,0.00759928486268295,-0.0019786496372612454,6.116906034100134e-05,0.0032094923965214437,0.019617486724218883
2021-08-31,1,1092,0.013604468618597845,-0.009684441402969774,0.00018206322258054844,0.0006789825526933638,0.016925424243706962
2021-08-31,2,1092,0.013628505630171572,-0.009029056789669608,0.00018698272867459634,0.0011488118587674263,0.018209504820960173
2021-08-31,3,1093,0.014503299517254157,-0.009657520574425496,0.00021943945722793768,0.0016243137857795344,0.019560834479819395
2021-08-31,4,1092,0.014467691322717982,-0.00955555859478482,0.00020780063645169008,0.0022952187581741883,0.01791329202339321
2021-08-31,5,1092,0.01463437528154452,-0.008896730777314421,0.0002387898015592418,0.003598598921462443,0.019103801421207153
2021-09-30,1,1074,0.008891625561968024,0.0023976722456865167,0.0001395700739616932,0.0006436561667186653,0.01695698986843955
2021-09-30,2,1075,0.009485985800939213,0.003349860464195656,0.0001724320749067942,0.0010360670490956604,0.01808831578155338
2021-09-30,3,1074,0.009197431603322221,0.003128398512541581,0.0001624830469913059,0.0014362019567329422,0.018357620711456683
2021-09-30,4,1075,0.009696668523915163,0.004433730238856379,0.0002001844867565517,0.002002396923328259,0.01990102779984543
2021-09-30,5,1074,0.009746541941962653,0.004414832401461704,0.00021517037470225372,0.003157015855832766,0.020939489811321307
2021-10-31,1,1095,0.006373238766941588,0.0006649406450669298,6.823321020104397e-05,0.0006717360638249905,0.01815791472314703
2021-10-31,2,1095,0.006870580174792864,0.00010731507832735679,7.11358185567889e-05,0.0011309882154630568,0.01811059523683323
2021-10-31,3,1094,0.007032227770207098,0.00020914076164662665,7.618987262553147e-05,0.0015695498097320708,0.01772905259406648
2021-10-31,4,1095,0.00687213346758677,-0.00018806393253555857,7.005006557953671e-05,0.0021335309357438546,0.0171993223875358
2021-10-31,5,1095,0.008185592596276813,-0.0009503835697024987,0.00012907456435457074,0.0034128671739595854,0.020517688570013636
2021-11-30,1,1082,0.008533426329959811,-0.0027565988904099392,0.00010329545028942445,0.0006733864551988681,0.016287892377098132
2021-11-30,2,1081,0.008670341514021069,-0.0013984458929135195,0.0001206481840793529,0.0011601344123757656,0.016155232345040786
2021-11-30,3,1082,0.008976739256151434,-0.001057384460819371,0.00012677674616034311,0.0016085579650922009,0.016424430110408818
2021-11-30,4,1081,0.009062009398181525,-0.0007626271953953389,0.0001345821642680175,0.0022074450271366763,0.01699688338084258
2021-11-30,5,1082,0.008946065106573862,-0.000960665427582694,0.00014609995625146022,0.0034709339573253733,0.015915347852852143
2021-12-31,1,1101,0.03305573302919617,-0.029294804703448155,0.0012210171755951437,0.0006549725761610851,0.01457683136493854
2021-12-31,2,1101,0.03597379246033941,-0.031962098111403804,0.0014511429956614024,0.0010969427598302715,0.016038817258240426
2021-12-31,3,1100,0.035477862651509845,-0.03130955453016213,0.0014261543487032338,0.0015440542439426992,0.01629918412940592
2021-12-31,4,1101,0.03553186845443234,-0.03131672117895498,0.0014128532763851116,0.002170439024450246,0.01580914802569107
2021-12-31,5,1101,0.03288316622947054,-0.02910782926678361,0.0013214037404014345,0.003716524460932174,0.014658426171242023
2022-01-31,1,1099,0.022808312162122972,-0.018895177430427002,0.0006091060116994639,0.0007043167922243385,0.016680584668305753
2022-01-31,2,1100,0.025208231310649337,-0.02098168179138156,0.0007660898991850703,0.0011675724271838445,0.017868555541715285
2022-01-31,3,1099,0.024930636170367605,-0.020200027319892063,0.0007388801133852044,0.0016244800154176838,0.01804261611729798
2022-01-31,4,1100,0.02497800028940662,-0.02031570001157723,0.0007325468468938496,0.002233407658817271,0.01781565257586911
2022-01-31,5,1099,0.024610653558840324,-0.01967445859215602,0.0007332709668799715,0.0035306030841172984,0.01769962749176289
2022-02-28,1,1089,0.029103710604485127,-0.025276584031519587,0.0007885333738258995,0.0006066265991981171,0.016690506128361537
2022-02-28,2,1089,0.028623672003971232,-0.024343498607947666,0.0007695535025212329,0.000999437862230147,0.018345815872272256
2022-02-28,3,1088,0.027990479323087306,-0.023991976114419847,0.0007759467328896666,0.001369817971505651,0.016898928992155924
2022-02-28,4,1089,0.026657474691378434,-0.02274373737836918,0.0007055457555596277,0.0018835541307861026,0.016779059518104683
2022-02-28,5,1089,0.02763557132396465,-0.022676152405442365,0.0008133377124741799,0.0031109785787212137,0.017081969042941365
2022-03-31,1,1107,0.05561184534328402,-0.05176332439021472,0.0038841514644213436,0.0006824154507284994,0.018692943433157045
2022-03-31,2,1108,0.05617259032062734,-0.05202194950309042,0.003931957093435484,0.0011570967725249002,0.01882873168280205
2022-03-31,3,1107,0.05499368178227985,-0.050684372070396354,0.003894029120277415,0.001604867875794896,0.018786737054240648
2022-03-31,4,1108,0.05465895854072847,-0.050240848364482574,0.00388083707731056,0.0021904145607995135,0.01881325788145935
2022-03-31,5,1107,0.053505691882445375,-0.048593125638335295,0.003778900805803355,0.0035533075309250994,0.01908518727061645
2022-04-30,1,1097,0.008182020832773059,0.003899225175223302,0.00015520476864196433,0.0007321556295502477,0.017957115587015054
2022-04-30,2,1097,0.008855247784943069,0.002657912483999516,0.00016314948927514453,0.0011971523703920182,0.018602993678820443
2022-04-30,3,1096,0.00908886493734527,0.0034033667976725492,0.00018260651959804155,0.0016607521583114702,0.01904620452426666
2022-04-30,4,1097,0.008947714840529893,0.0038638559675126215,0.00018228458852156092,0.0022501377969459603,0.019170812907293337
2022-04-30,5,1097,0.011101419306312635,0.0027422971945971946,0.0005354836836481123,0.003523156263498332,0.01906270069300307
2022-05-31,1,1107,0.027678845401181432,-0.023970352320407298,0.0008223434732093811,0.0006859182840480521,0.021424325311260654
2022-05-31,2,1107,0.030186253232349827,-0.02616449861661971,0.001042497694546624,0.0011522062442777324,0.022146412236521765
2022-05-31,3,1106,0.03233512081478695,-0.02811210668335433,0.001223390046826715,0.001659779106841735,0.022730541567177336
2022-05-31,4,1107,0.032715795871642056,-0.028309268323017257,0.0012612165995013476,0.0023929392250249815,0.023675535573469266
2022-05-31,5,1107,0.03400882049816661,-0.028580505910771783,0.0017622244868522967,0.003912830749749629,0.02559079176394426
2022-06-30,1,1095,0.02814087696573956,0.03174583565503025,0.0014113008407733627,0.0007241837123814969,0.0209613907656947
2022-06-30,2,1096,0.02896334032111733,0.032702664199879924,0.0015120837703946385,0.0012255906867084596,0.02218735072614964
2022-06-30,3,1095,0.02897729538368973,0.03322934242106347,0.001506443399619,0.0016929200920522902,0.0220503685015826
2022-06-30,4,1096,0.029910679337165434,0.03387916054667704,0.0016383206213888305,0.002366447124341429,0.022295542070644714
2022-06-30,5,1095,0.03254693440030904,0.03597332424301198,0.0018733638483795162,0.0038428962754705432,0.024083832184457914
2022-07-31,1,1109,0.035622611763097986,-0.03202021644141237,0.0013830396101303481,0.0007389276261324384,0.02605032445132726
2022-07-31,2,1109,0.035424864544499,-0.03194303874702967,0.0013980119010988286,0.0011322942317210545,0.026344805650061476
2022-07-31,3,1109,0.03373733006846949,-0.029816257880697895,0.0012583562696389912,0.0015468168445428206,0.025049251992195227
2022-07-31,4,1109,0.03245495439372137,-0.02916110910439852,0.001218567139739431,0.0021651768033383477,0.023863877054666076
2022-07-31,5,1109,0.032185557100502124,-0.026279621277557112,0.0013911476264025155,0.003446173005026065,0.02510003959092941
2022-08-31,1,1110,0.06853733173702277,-0.06428155866913028,0.0049587367002517785,0.0007472201311912489,0.027681717856263104
2022-08-31,2,1110,0.06349174430065636,-0.05955299089728542,0.0046592821942317,0.001172382877602043,0.02635524777682066
2022-08-31,3,1109,0.05960009227500811,-0.055205888234539084,0.004037086470760093,0.0016038962652407459,0.025184880841514896
2022-08-31,4,1110,0.05696029428441005,-0.05330430627831988,0.00392792076733382,0.002209951010278072,0.024719500443624705
2022-08-31,5,1110,0.05903309694982173,-0.05605668464480471,0.004384874805802412,0.0035273017389934637,0.026285284798932745
2022-09-30,1,1101,0.019081010833656233,-0.012366457756545124,0.000528322365759253,0.0007717160001735381,0.026983853078296576
2022-09-30,2,1100,0.01911800564038858,-0.01206581818498142,0.0005351137672363809,0.0011240082601279664,0.026166925664613757
2022-09-30,3,1101,0.020370977423444816,-0.013323160751202294,0.0006346503673880242,0.001482470353511301,0.02723925054858624
2022-09-30,4,1100,0.01893046437978479,-0.011983118169763739,0.0005317414633786323,0.0020302780781117484,0.02674814081506536
2022-09-30,5,1101,0.02005691681166478,-0.009369009991563976,0.0008180762187133219,0.0033958556279644996,0.029275038839681317
2022-10-31,1,1117,0.0471380384546877,0.05030634738716456,0.0034724697285139503,0.0007417156183824235,0.02895065569463548
2022-10-31,2,1117,0.04501095213427543,0.047889543434814955,0.003305303043820638,0.0011179508107718049,0.028447133369221785
2022-10-31,3,1116,0.04319240578513467,0.046138772390331984,0.003130052571430859,0.0015182382139326265,0.02813014579636307
2022-10-31,4,1117,0.04435906160524982,0.04728460156020007,0.003290746886738134,0.002075992833628516,0.028354388581866747
2022-10-31,5,1117,0.04546879022621343,0.046438585396623606,0.003936689782655498,0.0033743273685958187,0.03028288338039095
2022-11-30,1,1109,0.011545607867917152,-0.006404715945024599,0.0001399900806898115,0.00075228977571517,0.03063719624411762
2022-11-30,2,1109,0.01133909021467054,-0.006378476114335068,0.00014153283727109072,0.00116816108056865,0.029744801994005712
2022-11-30,3,1108,0.011266907174520054,-0.006385388072406317,0.00016214373190726717,0.0015989994370347398,0.029080970536486735
2022-11-30,4,1109,0.011477290688007886,-0.006664391335627977,0.00018831777831077587,0.002197559983533959,0.028705488893608844
2022-11-30,5,1109,0.012607760097417087,-0.008590874680905473,0.0003661631661058196,0.003497608780571091,0.028707620805414863
