signal_date,quintile,n_bonds,mean_abs_error,mean_return,mean_squared_return,mean_disagreement,past_volatility
2005-07-31,1,570,0.013075282316786584,-0.004954571895551022,0.0004987968014855728,0.0012579589152273735,0.021266171114523093
2005-07-31,2,570,0.018367179869792184,-0.008983459580077468,0.0009477740727696335,0.0019981227976965553,0.02650447934327311
2005-07-31,3,571,0.01733313044224984,-0.008645984247405243,0.0007416257726991299,0.002582763107088363,0.02666325506975593
2005-07-31,4,570,0.01835339095553427,-0.008991543782918087,0.0007450818589648773,0.00338506323507397,0.029253001573423733
2005-07-31,5,570,0.021827976171554853,-0.007148659787587045,0.0010470220569437948,0.005098498942411475,0.03315944292705047
2005-08-31,1,565,0.010004599377211178,-0.0006805650159315849,0.0002920523117339123,0.0012783504989042267,0.020156789361854426
2005-08-31,2,565,0.01451727519148509,-0.003430853130207531,0.0012576888685211052,0.001954226203575281,0.02425704543897913
2005-08-31,3,564,0.013109161135605464,0.0009377794526538032,0.00040627638872600067,0.0025772865393316052,0.027234576673914736
2005-08-31,4,565,0.015441335387591806,0.0024588916275343257,0.0005548436357165453,0.0033560111844852026,0.030407523573202238
2005-08-31,5,565,0.022208699160711325,-0.0003196030512371768,0.0014505422207210094,0.005328631052803512,0.03618331551362065
2005-09-30,1,553,0.009939781493483985,-0.0017991552599259462,0.0002445323435439373,0.0012171189892676636,0.021972392221856752
2005-09-30,2,552,0.013735038336444216,-0.0014823190499094155,0.0007425363885119634,0.0019863018869251945,0.025434825412453663
2005-09-30,3,553,0.013075437166355114,-0.001414576733983287,0.0005360635095200601,0.0026022197103523366,0.028145348721595815
2005-09-30,4,552,0.01555384866695557,-0.0009019837329652954,0.0006118178524949758,0.0033585337814057248,0.029520609775776165
2005-09-30,5,553,0.018054911576168058,-0.0036306609141471533,0.000794413408172576,0.005028057251891691,0.035220394736466834
2005-10-31,1,565,0.011020857296683428,0.0010131335549161612,0.00034728592555911554,0.001253541304294307,0.02146701778071532
2005-10-31,2,565,0.013007245220631304,0.0003600073261558649,0.0007252257850970022,0.0019632229105585337,0.02409903303669278
2005-10-31,3,566,0.015263650941395722,0.000986154710861312,0.0006456404924894332,0.0025344368741932973,0.027648498826980283
2005-10-31,4,565,0.016275683938994485,0.001899894625484218,0.0007354410369670916,0.003282273930665818,0.028990885318892202
2005-10-31,5,565,0.02101783192240266,0.0006786100365235924,0.001460844082837315,0.005105205628548381,0.03328655135754722
2005-11-30,1,553,0.009380576482797878,-0.002475912257864571,0.00027689052360853025,0.001221002932543032,0.020612305610606618
2005-11-30,2,554,0.01082571958804859,0.001999345215140747,0.0003204203329136869,0.0019784452190442516,0.02687055026689512
2005-11-30,3,553,0.012428384186772804,0.0004284744838060673,0.0003782052111215182,0.002546614561453802,0.027875745009144682
2005-11-30,4,554,0.013334535283544608,0.0006341390765585394,0.0005105177050020439,0.003270941826934593,0.028232986205648226
2005-11-30,5,553,0.015036700216827566,-0.0012011696211067424,0.0005416045208115499,0.005235045477738745,0.0317029554961347
2005-12-31,1,562,0.01149315824475166,0.00616091179812772,0.00038464020740671865,0.0011676488832026634,0.019164805418115667
2005-12-31,2,562,0.013438164290682992,0.009125382224155537,0.0004555606076572011,0.0019133931952511555,0.025645772847906326
2005-12-31,3,561,0.017224929152727952,0.01455982055311765,0.0008258258501801862,0.002508773406361034,0.02716440944070462
2005-12-31,4,562,0.01744415611245873,0.011454473977067588,0.0008835767417776755,0.0032686962624711873,0.02824192606448234
2005-12-31,5,562,0.01864870985576981,0.012883737382483258,0.0009515069882230421,0.005061800447981794,0.029800678085966776
2006-01-31,1,563,0.010140660438633218,0.008001342464014466,0.00024154536347428088,0.0012850943541603947,0.020465670485389657
2006-01-31,2,563,0.01238289053110437,0.009702644003001018,0.0004691341484111135,0.0019657821137840517,0.024037369869305155
2006-01-31,3,564,0.014212135401334753,0.010530981515975526,0.0005358652153550662,0.002508620950343381,0.027365326263770494
2006-01-31,4,563,0.015217526604258638,0.01158473489220852,0.0005210372628930768,0.0032167811711443094,0.02766605824710967
2006-01-31,5,563,0.018729908148676207,0.011520209327975137,0.0011886550906761203,0.0052006132260276694,0.030552106366175835
2006-02-28,1,554,0.008858826170101907,0.002574636778246667,0.00021593188373674003,0.0012200529068521087,0.01985387191926532
2006-02-28,2,554,0.010632122294664453,0.004150521244675461,0.00028967243648990405,0.0018766582792451077,0.023113920181986772
2006-02-28,3,553,0.012921328092282473,0.0064999344919832785,0.00043871918740110035,0.002493243663130307,0.02499308404231078
2006-02-28,4,554,0.014466198587609759,0.008074175351833511,0.0005809178716339683,0.003274195492166551,0.026926799319207224
2006-02-28,5,554,0.018779552906089025,0.009056729249887244,0.0008436380572563138,0.005318398050853898,0.03266172533940011
2006-03-31,1,564,0.00882461955692859,0.0013848518678421136,0.0001836377639689869,0.0012621124067091851,0.017873317571167852
2006-03-31,2,564,0.011487207676570448,0.004193321867566886,0.0003070991875664712,0.001968976337674772,0.020327629278675995
2006-03-31,3,563,0.012334438498932676,0.004917723716956984,0.00046471084803865104,0.0025489253561249052,0.022334055781989527
2006-03-31,4,564,0.01406672357233645,0.006422602391641239,0.00045795191943414623,0.003313194317952911,0.023358169631753543
2006-03-31,5,564,0.016868083420291002,0.011094346477740205,0.0008131866069565239,0.0049988337972316724,0.02691841285519974
2006-04-30,1,558,0.008746808532402757,-0.0019686077782180324,0.00020288344677675717,0.0012124739909927253,0.01588119667093881
2006-04-30,2,558,0.01218208600510094,-0.001179946977435486,0.0005804904463840147,0.0018952069140698408,0.01771515089814195
2006-04-30,3,558,0.01413370232970055,-0.0025993597144106616,0.0006300592255577155,0.002483661969921705,0.020935608403565287
2006-04-30,4,558,0.015283912295535277,-0.0032438915562427915,0.0005510572684409459,0.0032437440542417728,0.023097353309854497
2006-04-30,5,558,0.0148611855888711,0.0006891503076027435,0.0005056145889921813,0.005058090626248506,0.023600834175855873
2006-05-31,1,563,0.012238690948563447,-0.006777543006853062,0.00042772330686237847,0.001242511475830083,0.01533086908213155
2006-05-31,2,563,0.013545732823606228,-0.0080000659097869,0.0004902412030340001,0.0019586563122036996,0.01790686634314322
2006-05-31,3,563,0.014643665489773328,-0.008829813091752561,0.0005342109741444586,0.0025461501148377167,0.019290055376822754
2006-05-31,4,563,0.017893095363118786,-0.011425494195963297,0.0007422098710447396,0.0032769777146639985,0.02142565722038728
2006-05-31,5,563,0.019601817078434322,-0.010682723845396981,0.0007218847106483513,0.0049535349229536604,0.024266103736193666
2006-06-30,1,552,0.007943593438128622,0.0011724643538426776,0.00018402858403090047,0.001208419999277236,0.014490028675042906
2006-06-30,2,552,0.010308206926084425,-0.0009656228995099546,0.0005325502457965633,0.0018572966267268727,0.015518292707508943
2006-06-30,3,553,0.013105021640337293,-0.002732273072035264,0.0010186603372000548,0.002410325082335487,0.018992120749016482
2006-06-30,4,552,0.014547672677234752,-0.0024693132163256582,0.001115608046022211,0.0031833453619529075,0.02156070414919203
2006-06-30,5,552,0.01718827119110754,-0.001098938252323643,0.0007473489180164906,0.005344959721645921,0.02646235300103446
2006-07-31,1,565,0.00896176310729681,0.0037479395834436493,0.00020123437347660704,0.0009159745446756673,0.014498221248403796
2006-07-31,2,564,0.01162279078068258,0.001976992717366602,0.00043013181854254087,0.0016254249750130543,0.016903595810597975
2006-07-31,3,565,0.010694174712810565,0.002940601556854471,0.00027940843724778277,0.0022557197515566483,0.017587882089985823
2006-07-31,4,564,0.013687676693184806,0.003061635325564644,0.0006611403976329299,0.0030780248540508226,0.020304382148527096
2006-07-31,5,565,0.019019214274878727,0.0023421748325978694,0.0011061525414466796,0.004849196299318749,0.025456913022235354
2006-08-31,1,562,0.00669972790017697,0.002756338314420678,0.00014282273730947063,0.0009340259130536863,0.01327332278658374
2006-08-31,2,562,0.008500641106960815,0.0036471088041321064,0.00035546747503919677,0.0016324566133012002,0.01706601725020248
2006-08-31,3,562,0.009582660708095232,0.004028923260051139,0.00029715135316641034,0.0022545966496052643,0.018700418114477108
2006-08-31,4,562,0.009874959074834442,0.005197581773815122,0.0002484547552493058,0.003099663983911806,0.01835646382948646
2006-08-31,5,562,0.012527530965144251,0.006012676687312712,0.0003534084147471348,0.004881272442004045,0.02447383602994796
2006-09-30,1,557,0.009958855661615734,0.007753674766803085,0.00030661011029532633,0.000991410285181135,0.015432959939842818
2006-09-30,2,557,0.012231436063702932,0.007742278721250211,0.0004930076783053053,0.001680644361804015,0.016408045020500032
2006-09-30,3,556,0.013518701016505761,0.008547850520902123,0.0006126145829974584,0.002252798425746524,0.01721047385450688
2006-09-30,4,557,0.014298465790122495,0.00965795120870715,0.0006591433152501676,0.0029455485449832734,0.018356343807740063
2006-09-30,5,557,0.0173833759436782,0.011270560062309825,0.0007035267297310981,0.004779434854828613,0.023877651705218265
2006-10-31,1,569,0.009579332631089139,0.0076747034603587855,0.00029162425633460164,0.0010335085849133958,0.014347005689919869
2006-10-31,2,570,0.011283667571802854,0.007324836589944888,0.000435901456387528,0.0017000234879836378,0.016289267837843336
2006-10-31,3,569,0.010254207849122043,0.006515351916397604,0.00031567267595241006,0.00226964377351869,0.016982411036047192
2006-10-31,4,570,0.011788794285336556,0.007752820483374148,0.00043712445342677686,0.0029575734615049486,0.018893471810575373
2006-10-31,5,569,0.014342489088795315,0.009410983097366302,0.0006437604381815004,0.004644204443325651,0.022054890370987342
2006-11-30,1,560,0.012633464819033487,0.010714598125410443,0.0005421701004044494,0.0010026519629141967,0.014651754155633632
2006-11-30,2,560,0.013176040755753536,0.011923940053566184,0.0005009578585961421,0.0017329360823730975,0.016296803557646688
2006-11-30,3,561,0.016680750606133464,0.013920793335863747,0.00077965743683553,0.0023730157818768107,0.016778703124963393
2006-11-30,4,560,0.014947645437486643,0.012565012414207948,0.0007409227045284544,0.0031039328951117406,0.0159289659087692
2006-11-30,5,560,0.01948251518516579,0.01615202890761793,0.0008597868955695308,0.004786145943001077,0.022613858329555134
2006-12-31,1,568,0.011665951652156196,0.010105426175997167,0.0003343673229368346,0.0009728036142444766,0.014220269563555401
2006-12-31,2,568,0.013120889603063709,0.011588712099964283,0.00041007300517199033,0.0016204003465233768,0.01645142537646704
2006-12-31,3,567,0.01341758166085281,0.011241430542742828,0.0003934525346365223,0.002197377577307061,0.016759223799625144
2006-12-31,4,568,0.014523529770798705,0.01095916147196348,0.0004906373249072359,0.002917610663272603,0.016529901212048892
2006-12-31,5,568,0.018315631825059547,0.014115484017091942,0.0008144884562282502,0.004582179611126809,0.02096027601112842
2007-01-31,1,565,0.010084362115558004,0.0020592023254850204,0.00028722726712105,0.0010125206720145391,0.013524455205748031
2007-01-31,2,564,0.010320753306230413,0.001317766534441086,0.0002317277657858596,0.0016942843037218457,0.015212454594171292
2007-01-31,3,565,0.01138804661551324,-5.9633990082324716e-05,0.0004928707045494448,0.0022653968230930965,0.017186923822157234
2007-01-31,4,564,0.013517974580078135,0.0013240687843506698,0.0006267801479958138,0.002923310909327783,0.0175267976702391
2007-01-31,5,565,0.016183714092628764,-0.001729109309937195,0.0008622851605364623,0.004418296164557264,0.020951008868778966
2007-02-28,1,551,0.01381186075676583,-0.004563966152521684,0.00047995483641218565,0.0010261459009853354,0.015098002868890539
2007-02-28,2,550,0.015301075596844382,-0.0041521307350591416,0.0006429516502768771,0.0017151620652029768,0.014903532092912158
2007-02-28,3,551,0.013485583764328879,-0.0022261777773652457,0.0005348172469214416,0.002285738029535143,0.015592330281726394
2007-02-28,4,550,0.01758490228538386,-0.005587097619374452,0.0010233534796010438,0.0029969571027420863,0.016893922334521083
2007-02-28,5,551,0.01547640143296585,-0.0029492390575336365,0.0008078118639720927,0.004615878226713224,0.02178458179460719
2007-03-31,1,563,0.00966692150469902,0.004806071844142279,0.00024285692054520642,0.00095517730155861,0.014717174258960604
2007-03-31,2,563,0.011223897901157787,0.006395674201446464,0.0004400403504285785,0.0016473922845793517,0.01634275118020155
2007-03-31,3,562,0.012862378286332327,0.005313838264782235,0.00072322164414249,0.0022667497702750527,0.01792396129186498
2007-03-31,4,563,0.014546110648750906,0.0035131534164606843,0.0012219098025712267,0.00299216716211371,0.01784327075452422
2007-03-31,5,563,0.01512975326677501,0.009012896888293855,0.00071695940735722,0.004739899370802738,0.020269520445911755
2007-04-30,1,553,0.011489514077322332,0.007933696717596769,0.00035595407702205,0.0008872177560438994,0.01505442950461703
2007-04-30,2,554,0.014967887722529586,0.012097618208626757,0.0006464245002065575,0.0014977106443709745,0.016854898483948062
2007-04-30,3,553,0.01657307720846896,0.01143434986194683,0.0007593653059571356,0.0020704300522238024,0.016542680498448103
2007-04-30,4,554,0.018281790165821342,0.015445187585327492,0.0009462036400002857,0.0027909918921393074,0.017995385116003963
2007-04-30,5,553,0.020676127111997192,0.01804537260609265,0.0009928395645700612,0.004615261881974819,0.020990606060838603
2007-05-31,1,563,0.020866517581005734,-0.0157815195637552,0.001159427689229904,0.0010379560536561418,0.01630234304744317
2007-05-31,2,563,0.021600126099686374,-0.014716746660056325,0.0014126537917711242,0.0016746168735864541,0.016622563521957522
2007-05-31,3,562,0.020619526575411076,-0.014775218791017654,0.0014749067051857473,0.002237501258672737,0.016006409702417977
2007-05-31,4,563,0.020976440697260075,-0.016190822947241834,0.0013098831261769384,0.002932874667756956,0.017837323049447042
2007-05-31,5,563,0.028240387028274687,-0.024244650696010058,0.002045868319321059,0.004641516089942848,0.021741199914304597
2007-06-30,1,551,0.05870528894434076,-0.05496657107596052,0.0055013208810794035,0.001400974196459045,0.015888841385431212
2007-06-30,2,550,0.061563027686389424,-0.05811631971507185,0.006062977062733099,0.002147781450689288,0.016834755423118238
2007-06-30,3,551,0.060063361265095136,-0.056511075630099064,0.00640983067062301,0.002852422224828965,0.01658690485958047
2007-06-30,4,550,0.05828104962353499,-0.05732650812027383,0.006108514827752273,0.0036685136380517893,0.0165515821089092
2007-06-30,5,551,0.06462549435911617,-0.0642261570281503,0.007004926921086309,0.005195280913391009,0.01898116394228895
2007-07-31,1,561,0.025411741603216607,-0.01665084605576693,0.0014031509947872532,0.0009153420148898091,0.024655542903841268
2007-07-31,2,561,0.028236528625051233,-0.01852326113897199,0.00193672135756425,0.0015809136047809016,0.024683824601002817
2007-07-31,3,560,0.029088477887948005,-0.01811782573799324,0.002424807637902856,0.0022511759643953563,0.02432066271179133
2007-07-31,4,561,0.030407478608031543,-0.020291673108499993,0.0025756397507282636,0.0030756438764266915,0.027342307283000862
2007-07-31,5,561,0.03382970663878821,-0.020880251921982836,0.0035788108749925354,0.0048311937168511974,0.03544757920223335
2007-08-31,1,556,0.02011992544189488,-0.003988985753200049,0.0007429176730048583,0.000945528305306716,0.026199070149475142
2007-08-31,2,556,0.02137566791712945,0.0007257349698585726,0.0008734438156891804,0.001564159748204865,0.027887563856610578
2007-08-31,3,555,0.021634045039162237,0.0012391930681612418,0.0009855697240113077,0.0021951229888160263,0.027615512391760043
2007-08-31,4,556,0.023058821147817935,0.005584684784912333,0.0012459814310287454,0.0030548959065312365,0.03074133545088811
2007-08-31,5,556,0.02553374368674169,0.007868115143858193,0.0014389862814987698,0.00492061529578062,0.0372631188855087
2007-09-30,1,552,0.016104593840268876,0.005728391288252222,0.000527939728748396,0.0009725729935832097,0.029129073574623885
2007-09-30,2,552,0.01644733556776395,0.006649930972811938,0.0005536053824086583,0.0016439944334801495,0.030121622007542183
2007-09-30,3,553,0.016492857367996997,0.005930711313928785,0.0005752392437560733,0.0023155136218999286,0.029705629312182145
2007-09-30,4,552,0.01579941951885498,0.00309784750206218,0.0007143630474929961,0.0031613323246011404,0.02969613300580045
2007-09-30,5,552,0.021078945922104724,0.005992997267979434,0.0011898477700761545,0.005101859595109181,0.03616824382485273
2007-10-31,1,559,0.06584183272232111,-0.06401027400259113,0.006750953490638683,0.0009608091302586816,0.029756965904964645
2007-10-31,2,559,0.0615577418616226,-0.05950949315765992,0.005435842071369162,0.0016284541283500963,0.029871921679104792
2007-10-31,3,559,0.06023394427812391,-0.057806732404388966,0.005220191824012124,0.0022512664161294035,0.028304454523606314
2007-10-31,4,559,0.05926929925867768,-0.057326442784591654,0.005209167308789723,0.00317802649587118,0.030324047420350032
2007-10-31,5,559,0.07546805437344425,-0.07418565803562742,0.010654147220411083,0.004922630095901677,0.038114070694384404
2007-11-30,1,548,0.020225888919969376,-0.008210941259978533,0.0009506436156950217,0.0009476924035013292,0.0311352445289775
2007-11-30,2,548,0.018955222226469455,-0.005962968414399648,0.0007772696791000924,0.001637371279520034,0.030195995099657622
2007-11-30,3,548,0.019105908616226245,-0.006002574868671882,0.0007705548793634508,0.0023115815653932223,0.030199061979662052
2007-11-30,4,548,0.020411454824245605,-0.0044571754407401265,0.0010267934586062235,0.003224107760307423,0.03217939206406114
2007-11-30,5,548,0.021938622979343035,-0.0038250954768994957,0.0016457499106867736,0.005279802608007737,0.03727452528246746
2007-12-31,1,572,0.03942110266269423,-0.03667304768918053,0.002586991408396831,0.0009913060798995585,0.037027305359186184
2007-12-31,2,571,0.041093620308416845,-0.03770447697036898,0.0029680610673409723,0.0016343440935342622,0.03566192003879673
2007-12-31,3,572,0.039243965384395084,-0.035690704013953245,0.0024799661020322274,0.0022762357466638173,0.03698789566751299
2007-12-31,4,571,0.04143794783485512,-0.03585888446531819,0.0029554709891862273,0.003142959776597496,0.03729831382076717
2007-12-31,5,572,0.03844147804982104,-0.03312005280826703,0.004121912383082813,0.004977086842366077,0.040058160861126055
2008-01-31,1,571,0.025982774320256013,-0.019696496136352173,0.0014415752266963015,0.0009854278923010652,0.03770999320187412
2008-01-31,2,570,0.02459413032187797,-0.017544802599239344,0.001316167509776241,0.0016735896506306041,0.03699601025708289
2008-01-31,3,571,0.025244664117151844,-0.017512251407225527,0.0014795919419298758,0.0023011493329353045,0.037885316889940825
2008-01-31,4,570,0.02507359845496393,-0.016224494283169247,0.0015036601159421883,0.003104008142872767,0.038581949277419036
2008-01-31,5,571,0.02596326991015887,-0.015430086869771167,0.0022022707727310424,0.004799178419374064,0.041068021796325994
2008-02-29,1,562,0.03867251763284058,-0.0354998693534246,0.003398929148629841,0.0010452856913180785,0.036337743075869504
2008-02-29,2,562,0.03957354484780451,-0.0367755761379229,0.0033782477817218635,0.0017798257757539934,0.039692232612850126
2008-02-29,3,563,0.04012073440640122,-0.036091844031011656,0.003627348292496823,0.0024132826356252418,0.041270641917550206
2008-02-29,4,562,0.043133538475534784,-0.03634025980369071,0.005925715463764956,0.0032302539442087943,0.03986847718511786
2008-02-29,5,562,0.027910249161632514,-0.02178690834204654,0.0021027472741921888,0.005074305790596365,0.040289204749260496
2008-03-31,1,580,0.03773168032825875,0.034362580228217074,0.0021477799092506364,0.0010805028673311738,0.03635082367496735
2008-03-31,2,580,0.03861835163814852,0.034324461697203865,0.0022484685249674324,0.0017980020859352747,0.039764620035357114
2008-03-31,3,580,0.041244711252864115,0.03728778096166056,0.0025344072197187,0.002460361681293278,0.04037643454087937
2008-03-31,4,580,0.04491497199405828,0.0421028248423305,0.002952100774809264,0.0033248784594809367,0.04281294947991749
2008-03-31,5,580,0.04757362908704863,0.036450890375046334,0.0034992547808385677,0.005329276410864389,0.043974706160217945
2008-04-30,1,575,0.017985268238361253,0.013453588965681062,0.0006536730999145056,0.0010280922361329285,0.03879108415286637
2008-04-30,2,574,0.019865919459353946,0.013519093571932,0.0007987865361096836,0.0017261955803733297,0.041569474400833625
2008-04-30,3,575,0.019270968431924187,0.01252481241461836,0.0007576379765853481,0.0023621719054908456,0.04348225342161214
2008-04-30,4,574,0.020654546067119764,0.013534906287196948,0.0009089832845903991,0.003197730814954211,0.04086477085651333
2008-04-30,5,575,0.021018302932285765,0.014494772203109713,0.0009855435261964165,0.005031667695497107,0.04189828025587593
2008-05-31,1,584,0.023529925957522728,-0.014884515932112352,0.001048551647414528,0.001018270421794625,0.04009632635043626
2008-05-31,2,585,0.026706857263226528,-0.020457920670101635,0.0017736030380259948,0.0017167696828453043,0.04437034557650248
2008-05-31,3,584,0.02799678123554015,-0.0210669584566173,0.0019114051217040844,0.0023817926123019823,0.044082842220777595
2008-05-31,4,585,0.028814106015953345,-0.02167033068863098,0.002126856118038235,0.003258618804973396,0.045491494335695985
2008-05-31,5,584,0.03742512809268279,-0.027894514248538605,0.00297708689319043,0.005121575336470436,0.047929746306962666
2008-06-30,1,576,0.019699187259769536,-0.015114358478840018,0.00076300790941489,0.0010440349311662258,0.043032228115518635
2008-06-30,2,576,0.02379841706109181,-0.01967715616867041,0.0013077487487214176,0.001749656559424005,0.042871025865890595
2008-06-30,3,577,0.024937115950022414,-0.01934831282590871,0.001967923082081616,0.0024844470130182196,0.043979008606152295
2008-06-30,4,576,0.026865339832749593,-0.021368620510325325,0.0021228819060618675,0.003440164116829838,0.04648794629014312
2008-06-30,5,576,0.03226919788264166,-0.027929314293500183,0.0028395763750214795,0.005383523980329614,0.05085243517892064
2008-07-31,1,589,0.013738624868553557,-0.005324118366991559,0.00037694562567589055,0.0011015620464450771,0.03890117401842041
2008-07-31,2,590,0.014289497808363803,-0.0051309767880272795,0.0004377900467855109,0.0017388992523878592,0.04131451803842033
2008-07-31,3,589,0.01355903211687111,-0.0045533017643684575,0.00036329068065206347,0.0023114466763534945,0.0389060460011719
2008-07-31,4,590,0.01702021608572071,-0.007795828298869803,0.0007817541259832717,0.0031130179217531326,0.0401422369442124
2008-07-31,5,589,0.019241737848789773,-0.005544266557465335,0.0009761576467698542,0.004874205055744337,0.045756316933103634
2008-08-31,1,591,0.09303849809902415,-0.09250308599700448,0.020361205977253858,0.0010084609302944752,0.03744868582967223
2008-08-31,2,591,0.08763027703628566,-0.08738958284399388,0.012894486681506289,0.0017034807926091685,0.039080977524504415
2008-08-31,3,592,0.09706565421246834,-0.09703934252357195,0.021838526636763694,0.002358810689125396,0.03897098629888607
2008-08-31,4,591,0.12112332518961483,-0.12012648376739721,0.09119254364127749,0.0031941339466351106,0.04138014334998038
2008-08-31,5,591,0.1376552196954338,-0.1385823249939613,0.11162419144911385,0.004841210572403128,0.044008332500645904
2008-09-30,1,579,0.12207416483971906,-0.11967954418023996,0.020785157961421587,0.001172712876235653,0.03830012199853481
2008-09-30,2,579,0.1201113024573295,-0.11533733571138448,0.020788793993197732,0.0019365552110226906,0.04074317264590846
2008-09-30,3,579,0.12710742551216817,-0.11340352394360734,0.022929527110021334,0.0026223793771667377,0.04098547304825639
2008-09-30,4,579,0.13834791727535167,-0.12088924093256816,0.02848171200344261,0.003445624788423165,0.038807793270112856
2008-09-30,5,579,0.13224688093451512,-0.1189525766284201,0.029219482026008128,0.00536338789118231,0.043493453207105646
2008-10-31,1,599,0.04954146354786555,-0.036163399331831374,0.004779718136350774,0.001263582587883521,0.06059656894521336
2008-10-31,2,599,0.045457949219605664,-0.03389854976612787,0.0043611589461646965,0.002119963801425579,0.059374603189892426
2008-10-31,3,599,0.046338290096595056,-0.03454930845210691,0.005096479407720285,0.0028792647740889937,0.05994871118163209
2008-10-31,4,599,0.048464956616545464,-0.03147853469949563,0.008126888549126583,0.0039110494965875825,0.06402158270175327
2008-10-31,5,599,0.05370008985222688,-0.030888206816835403,0.008040006961521861,0.006056514523292621,0.0661381689380465
2008-11-30,1,590,0.036168963166883915,0.00917575887674348,0.002386043521460849,0.00133287157103205,0.062017146997080476
2008-11-30,2,590,0.03866255715033586,0.017055587351945685,0.002516098930912095,0.0022524427940897,0.061500904589078226
2008-11-30,3,589,0.04167152022373258,0.01461005219153021,0.0035740297575531346,0.0031088898522521635,0.06223966123484579
2008-11-30,4,590,0.039228389233197464,0.012645017739191258,0.0037316747780822912,0.004283528722755123,0.062037601530347486
2008-11-30,5,590,0.04592059049628134,0.014188369596093375,0.005213472792044702,0.006621643845178645,0.06386129839674423
2008-12-31,1,602,0.053119151644520225,0.050614010809726474,0.003965062448346089,0.001240364594910495,0.056289322588816325
2008-12-31,2,601,0.05555625922158395,0.046503032956669646,0.004331216080181683,0.0021421100339267633,0.06287353765882825
2008-12-31,3,602,0.053294570496110354,0.04819096646608999,0.004183498271448981,0.002974331296111517,0.06684426116525138
2008-12-31,4,601,0.06163567765564001,0.039320361805437284,0.02882409244904911,0.0039867375985063284,0.06522532020336355
2008-12-31,5,602,0.057806251940053774,0.03396810260868208,0.009409464657657293,0.0061678578752670426,0.06908646403945375
2009-01-31,1,600,0.028089677918271973,0.008992989628227406,0.0023586627632385853,0.0012442848715920006,0.06511957199974781
2009-01-31,2,600,0.02980542890570708,0.001627632185930755,0.0020365758808413535,0.0021377471294570026,0.0685332204679127
2009-01-31,3,601,0.035524299664228334,-0.005913612172895446,0.003350142720009132,0.0029978758335211285,0.06838564408955251
2009-01-31,4,600,0.051825289168138514,-0.023118194291497883,0.05485243823674106,0.00407790875324078,0.06976520408285426
2009-01-31,5,600,0.039996491185240596,-0.00338498552719102,0.003699816979301361,0.006465024990769924,0.06877685422273687
2009-02-28,1,595,0.03164929165847328,-0.021857305477958312,0.0027624806982488063,0.0012813892787482948,0.06726611300769023
2009-02-28,2,595,0.03389992762739026,-0.023016912127089756,0.0025932723025347236,0.00221512322655889,0.06973042426530152
2009-02-28,3,594,0.033719729505214034,-0.016133763524576905,0.005231151135098149,0.0030457135057347425,0.07212263183130203
2009-02-28,4,595,0.033012294045535996,-0.018577674842361818,0.003195103459989311,0.004025103819746073,0.06921714493061323
2009-02-28,5,595,0.06852602402689459,-0.01319371389451108,0.04665856133060768,0.006411334068918253,0.07110420609579866
2009-03-31,1,600,0.05174355609563496,0.049455205288650175,0.0038285639985949547,0.001066686997844168,0.06526935640530321
2009-03-31,2,601,0.04976094700075529,0.0470404891471941,0.0035315517116011387,0.001825647888161832,0.06706109081223956
2009-03-31,3,600,0.051306849248864916,0.04819701849955891,0.003946044141462595,0.0025931074526026735,0.06845629483699893
2009-03-31,4,601,0.05690410955516638,0.0520951843569861,0.006595051090398752,0.003745037385407277,0.06869967454445192
2009-03-31,5,600,0.06683101490266291,0.055921742357701684,0.008459016067975014,0.00650725669570593,0.08199777838191775
2009-04-30,1,594,0.05371080227422252,0.052086479639451636,0.004218273518876541,0.0010928395806183177,0.06716699775347491
2009-04-30,2,594,0.05147820477410345,0.04870337018521106,0.004223173213844261,0.0018360153030648535,0.06788248809801428
2009-04-30,3,594,0.0529263644761899,0.05044139909955064,0.004191988335196063,0.002531518409310671,0.0687311275184011
2009-04-30,4,594,0.0536293976784408,0.050467819289968414,0.004324782945338411,0.003508785360847787,0.06692544823465979
2009-04-30,5,594,0.05567818407160809,0.050052184360342394,0.005268686748284694,0.0059723482541733704,0.07631313350590396
2009-05-31,1,602,0.045869063906928846,0.04363639418669213,0.0032486085776047874,0.0010973655993291628,0.06923312577985319
2009-05-31,2,601,0.042525250440269724,0.038535620566132474,0.002820000863117105,0.001825601974649212,0.07227989447804178
2009-05-31,3,602,0.04579769958598324,0.04148857858217827,0.0034390600611938684,0.0025158265181924196,0.07341837401784215
2009-05-31,4,601,0.04781196741578771,0.042245363696305334,0.003267511349311635,0.0035079825660339335,0.06918826245628056
2009-05-31,5,602,0.0526356468003572,0.043405436179660604,0.004654571748539576,0.0061176151095763175,0.0787224702413335
2009-06-30,1,588,0.05332082289429971,0.04955080875461259,0.003911095320808942,0.0011018377442025217,0.06941990538383046
2009-06-30,2,588,0.05181166634221046,0.049291370607905415,0.0037278978057912323,0.001848907103300155,0.07452441370413015
2009-06-30,3,587,0.05148993479650787,0.049070581800924704,0.0035865306662098612,0.0025268850444653984,0.07529455167176001
2009-06-30,4,588,0.048482994476418184,0.04436234845426185,0.003426689497503807,0.003515348999420653,0.07396451317187389
2009-06-30,5,588,0.05347813221181353,0.03809059773060789,0.004627364290141141,0.005798945513360498,0.08055436759113174
2009-07-31,1,597,0.02945627758760632,0.02057467061269709,0.001542444457410649,0.0013568222248926,0.06991839738446104
2009-07-31,2,597,0.029783716825061445,0.020895347958546674,0.0015672212766223539,0.0022150303453255297,0.0738281894397914
2009-07-31,3,597,0.0258702737753098,0.016372416147659375,0.0012992383546769168,0.0029679595087175542,0.07698093580559955
2009-07-31,4,597,0.02954578859183792,0.02038378071744257,0.0017573962037449574,0.0038902401747670768,0.07467877987314024
2009-07-31,5,597,0.03887900282720656,0.02668981799653808,0.0031906708867888026,0.006234005311280493,0.07865559316889448
2009-08-31,1,601,0.026176817442323596,0.022342540597569367,0.0013141383383586116,0.0012505564233320904,0.07107701350422069
2009-08-31,2,600,0.026305053011528797,0.021411867232527585,0.0013204043544641413,0.0020676604269691053,0.07293288969520559
2009-08-31,3,601,0.026850676065865567,0.0222635612206465,0.0014351520181157854,0.002841506016792011,0.07368499555722322
2009-08-31,4,600,0.030322866379271656,0.023358834641306506,0.0017974353997608772,0.0038136869650299693,0.0747015894349803
2009-08-31,5,601,0.034957539530179604,0.028652165934536258,0.0026663023317452777,0.006023818951197795,0.07973438573824293
2009-09-30,1,593,0.021449892636796534,0.017055494952651937,0.0007950566825701237,0.0013444675621052198,0.06692612544496157
2009-09-30,2,593,0.021183347945652596,0.015531883955875044,0.0008148571791326482,0.0021879420387810626,0.06878995862898417
2009-09-30,3,594,0.022515077756087565,0.01564799465012146,0.0009287053496556422,0.002902584540189852,0.06909433055735363
2009-09-30,4,593,0.02341999454431515,0.016446893096531273,0.000990999001161591,0.003754792219363133,0.07027579166777174
2009-09-30,5,593,0.023978333934374253,0.014312188844410973,0.001283963087426483,0.005639104709448658,0.06782593750344035
2009-10-31,1,604,0.014762894472934801,0.0009675643600319938,0.0003857917945394512,0.001172367469236714,0.04442483520648374
2009-10-31,2,605,0.015784055608660048,0.0029438719982262085,0.0005043241352761958,0.001983160151801259,0.04731566663272883
2009-10-31,3,604,0.017395803482029865,0.0034148274746260824,0.0006527623462001499,0.002750535050492635,0.0488088631123476
2009-10-31,4,605,0.016033675557889912,0.00364050668940763,0.0005112496974767339,0.0036263757792736485,0.049979109461209044
2009-10-31,5,604,0.02022305422058919,0.0034314787039875227,0.0009009825689897883,0.005335697940195861,0.05235572960911525
2009-11-30,1,594,0.032039575441218895,0.030814959613690313,0.0015087475250130061,0.00106935177940468,0.04167046525363019
2009-11-30,2,594,0.03467608983500683,0.03323153210009146,0.0017694757005289245,0.0018631312658664325,0.04345706065429188
2009-11-30,3,595,0.03570643767004488,0.03460160483622791,0.0019422030231340936,0.00265334872933148,0.044128522062237586
2009-11-30,4,594,0.03733230769637232,0.036831110242659365,0.0021188826149901286,0.0036090917919000954,0.04693624118562146
2009-11-30,5,594,0.039084980239812356,0.03890890695763397,0.0021696660710201154,0.005819816702884358,0.048070558154246566
2009-12-31,1,617,0.026634875767391337,0.013984629937298645,0.0011795653048389627,0.0012182459354199262,0.04031544932798488
2009-12-31,2,617,0.026635152258226415,0.012314344107483196,0.0012765367140365207,0.0019977655075083564,0.04050953348978639
2009-12-31,3,618,0.02608485154521343,0.01287978959903136,0.0011547475914890728,0.002673921884056649,0.04134699397687455
2009-12-31,4,617,0.025144834177352686,0.009604102773850367,0.0011039260613320274,0.0035554144586315236,0.04222803380549334
2009-12-31,5,617,0.025517740519912506,0.007483028482559052,0.0013140647359683388,0.0053883368235762025,0.04390458424778583
2010-01-31,1,618,0.013094560799569471,0.0005406387156957256,0.00035905289012943414,0.001163595039481373,0.03652606675917827
2010-01-31,2,618,0.015696055709329575,-0.0006911628157044088,0.000542489040582507,0.0020027734233037573,0.040906050862686824
2010-01-31,3,618,0.016085805011724776,0.0021765555951770315,0.0005502380473230999,0.0027157409125739673,0.04221291471151759
2010-01-31,4,618,0.015982579395717872,0.0011075407610729587,0.0005679462493436821,0.003567817650489456,0.04078814618546885
2010-01-31,5,618,0.016387780829091567,0.0024895541721868856,0.000694580203621888,0.005513311616189551,0.0407358543880388
2010-02-28,1,604,0.025834813910385397,0.024438280766254133,0.0010397688708356785,0.0012870827263066738,0.03693563785200414
2010-02-28,2,603,0.027413436746748242,0.025214469340335652,0.0011193438847427516,0.0021312575901206014,0.03954602692343294
2010-02-28,3,604,0.0287167890878015,0.026755714923758615,0.0013566435185680269,0.002845119195502833,0.03962962381904217
2010-02-28,4,603,0.033630405537822705,0.031266238715564894,0.001966286874241024,0.003752430831988939,0.04168864640987186
2010-02-28,5,604,0.03203652552869365,0.030463132788671955,0.0018239572087568412,0.005446998439051519,0.03901831720733112
2010-03-31,1,617,0.02294958039986592,0.019616567973400372,0.0009613101120918361,0.0011881272004694878,0.03338791448572277
2010-03-31,2,618,0.021806938473006254,0.018909873980247984,0.0008240812253411036,0.0020174614204736116,0.03384223903445691
2010-03-31,3,617,0.023884558426361946,0.01590863536233591,0.0011209258840719752,0.002773639475138676,0.03501533531669887
2010-03-31,4,618,0.021391193693269625,0.01569590725169124,0.0008718576656884906,0.0036647789616907336,0.034917523319613473
2010-03-31,5,617,0.021736059250565373,0.01741883462397224,0.0008179848004662181,0.0054580634406852565,0.03723810849654891
2010-04-30,1,611,0.052040524016137846,-0.04907765899148103,0.004031317849257468,0.001276130565307432,0.032279523433864935
2010-04-30,2,611,0.050758485655440555,-0.04886074927980354,0.003853682128683618,0.0021502280607647523,0.033744669134182594
2010-04-30,3,610,0.0508572803136722,-0.04905166056557734,0.003941563302708805,0.002938097837211701,0.03451628519555734
2010-04-30,4,611,0.046621763959803546,-0.04610736928048541,0.003987420427120987,0.0038783118516268608,0.0334088552232944
2010-04-30,5,611,0.04597907479364673,-0.0449745750091204,0.003671702002992527,0.005822384672471483,0.03497657589294072
2010-05-31,1,637,0.020074427894781588,-0.005368712897431394,0.001442945710267443,0.001190628899635816,0.03733524550856966
2010-05-31,2,637,0.019055531237532473,-0.00641840754805211,0.0013540832594366571,0.0020181252869560275,0.03692816865812361
2010-05-31,3,638,0.01820633809750747,-0.004283898265718354,0.0007483124424492935,0.0026981654989723706,0.03790300210216754
2010-05-31,4,637,0.01854293183923676,-0.0013703122730557408,0.0007342602566949987,0.003609846622746436,0.03779151119413857
2010-05-31,5,637,0.019496944303387106,-0.0004944479328664634,0.0008267286447643706,0.005539140646700736,0.03918156877679177
2010-06-30,1,629,0.021568213006856022,0.018285277141258584,0.000779828918155395,0.0011563585556434285,0.03498179296965074
2010-06-30,2,629,0.022302837784357925,0.018761254937068,0.0008114321951617433,0.0019091580350838724,0.03611475897719877
2010-06-30,3,628,0.023861156694418347,0.01987160657162853,0.0009756218959666892,0.0025711229763970647,0.03776203635895006
2010-06-30,4,629,0.025737615920578025,0.019570196793254304,0.001349974272553705,0.003431850334665584,0.038272465115832634
2010-06-30,5,629,0.02442446503767637,0.01885179240789208,0.0010804389021605554,0.0054403359806839075,0.037425746595108514
2010-07-31,1,643,0.018390485864672092,-0.003008727677956565,0.0005918542879216458,0.001141137306817754,0.03286622328656529
2010-07-31,2,643,0.01841491281794805,-0.005269992545982233,0.0007228579624604591,0.0019598342662820296,0.03312603195581049
2010-07-31,3,642,0.01780225085900248,-0.0020308770730468988,0.0005997573700376396,0.002670874898642672,0.033899600286881576
2010-07-31,4,643,0.017330124344813156,-0.0026210898581532326,0.0006753146169158874,0.0034963749380747654,0.033817161114018175
2010-07-31,5,643,0.01815325980550752,-0.0008051850111785013,0.0007326440627459734,0.005316140071077253,0.03499803495578828
2010-08-31,1,641,0.01691504242136164,0.013004151832301176,0.00054045821639898,0.0010588435366403902,0.031900294244227106
2010-08-31,2,641,0.016094620953399707,0.012150243173972671,0.00048408738112016523,0.0018435915346816786,0.03270127520747089
2010-08-31,3,640,0.01671555033523662,0.013559093816388668,0.0005268389464642467,0.002550845660696129,0.0327876609088401
2010-08-31,4,641,0.018499181907354542,0.013889751487313305,0.0007335314352402943,0.00343395377487013,0.03308215287168416
2010-08-31,5,641,0.02046464380100787,0.01801446801797232,0.0009298502016162314,0.005507824842144928,0.03416030397157078
2010-09-30,1,635,0.01788558780096741,0.012515953694874472,0.0005940640084390125,0.001155003744472611,0.03285829586702164
2010-09-30,2,634,0.015776841362940518,0.011160353737619224,0.0005138642473199192,0.0019351332516804403,0.032649532752967614
2010-09-30,3,635,0.01563872106988507,0.010535947096146327,0.0004832743599834242,0.0025963394996712306,0.032998296212048986
2010-09-30,4,634,0.016372736333094325,0.009001563296111811,0.0006002852416205243,0.0033612312512424068,0.033114128845401054
2010-09-30,5,635,0.019312236380671123,0.011613596605462862,0.0007907098675309864,0.00528681317107014,0.03374954271287258
2010-10-31,1,649,0.012909683209107934,0.004298755325336089,0.00034532806694458204,0.0011363765122308362,0.03059961485357699
2010-10-31,2,649,0.014406529679812393,0.0024839599041654964,0.00038622559521166026,0.0018703646543086834,0.03195458112012678
2010-10-31,3,650,0.01522852140929169,0.0006473376660925659,0.00047491417969339585,0.002523678113619457,0.03267165241627328
2010-10-31,4,649,0.015689884994708872,0.002034378081919964,0.0005435115868907923,0.0033273672878455884,0.03210897517152065
2010-10-31,5,649,0.01784564269950005,0.00437517892296371,0.0009469744136199679,0.005267836310816323,0.03182399576914975
2010-11-30,1,636,0.022444057812118823,0.019017730750391412,0.0008951437122667963,0.0011531600447449043,0.031497392143665245
2010-11-30,2,636,0.02330354550354409,0.02074092086434764,0.0008971698451526655,0.001939454900970944,0.032589130049997264
2010-11-30,3,636,0.024019142050878024,0.0205173345408104,0.001050294208916133,0.0026238986943508957,0.03257205347514391
2010-11-30,4,636,0.023426280521994542,0.019313446668321896,0.0009388975955686792,0.0034727256389188135,0.031767966512544085
2010-11-30,5,636,0.02720884232833235,0.02470724765065733,0.0012165970275036192,0.005180053820726006,0.03421414818700633
2010-12-31,1,652,0.01678362150810411,0.013175604298892142,0.0005668257491767848,0.0011668120778184565,0.029621857161706566
2010-12-31,2,652,0.019197920297318677,0.015538426615583297,0.0006760024958896626,0.0019403224884561217,0.031833035222404174
2010-12-31,3,652,0.018436423852097934,0.01519595936706035,0.0007131324038016675,0.0025897511333703607,0.030113891970716317
2010-12-31,4,652,0.018553844131091526,0.014239521963985893,0.0006711216864456848,0.0034211230600068934,0.029916377117095504
2010-12-31,5,652,0.020147350770572815,0.014539559193491728,0.0008375223970932118,0.005231744210543486,0.03174934922774484
2011-01-31,1,657,0.018769818898448306,0.01683779622524185,0.0006389635704584147,0.0010755175307157303,0.029034394510017783
2011-01-31,2,657,0.021370848454135078,0.019802517606192938,0.0008217920910865976,0.0018349686774566558,0.029509246130624105
2011-01-31,3,658,0.02087127933522148,0.01939061275231261,0.0008268844678909423,0.0025203630219283613,0.029814686235032056
2011-01-31,4,657,0.01960228394109784,0.01749940230694523,0.0007973884682527168,0.0033386796406377497,0.028589747647243827
2011-01-31,5,657,0.0213070197221976,0.019103556993303086,0.0009016339505724744,0.005227345448826945,0.031679193725003454
2011-02-28,1,644,0.012870196313495475,0.005938136360246006,0.0003462832382478063,0.0011425291850973567,0.029631824008206593
2011-02-28,2,644,0.014221935986073127,0.0058320096256087575,0.00040943405557963987,0.001902815344351623,0.029881159765235667
2011-02-28,3,644,0.013663392119097466,0.005324146090474614,0.00038314937844638247,0.002618529402712499,0.029733358865996398
2011-02-28,4,644,0.015554233004896098,0.005542235666433055,0.0005199454293840415,0.0034959242283023172,0.03091164502478216
2011-02-28,5,644,0.01578874047171066,0.006338153630760802,0.0005860489498820573,0.0053953532419576,0.03179430644887376
2011-03-31,1,677,0.012340221295138476,0.008314894761290385,0.0002963147221379691,0.0011050042228673562,0.02789474199072283
2011-03-31,2,678,0.013614877208720693,0.00911444900996961,0.0003747969558945042,0.0018395619866130072,0.028440923946251286
2011-03-31,3,677,0.013241482486419157,0.00793025293686249,0.00031063574557700055,0.0024680479366235753,0.02770042426963635
2011-03-31,4,678,0.01373765859391912,0.00788294147130615,0.0003673868748576938,0.00329005807164532,0.028502634730739856
2011-03-31,5,677,0.015365162914886403,0.008027089588623033,0.0005369846634538438,0.0051842663567883565,0.030551111489327293
2011-04-30,1,669,0.012829229787753785,-0.005810054757108359,0.00029067137565827456,0.0010131749489086116,0.02840248676798166
2011-04-30,2,669,0.013667412597410784,-0.005089560423718001,0.00042743118687020294,0.0017573156008600785,0.027906637351894203
2011-04-30,3,668,0.013642758140853375,-0.0037503531774457435,0.00040974892430564123,0.0024941692064377424,0.0286203920985766
2011-04-30,4,669,0.01534772354639987,-0.007683432598109909,0.0004872309612386483,0.0033837434696061645,0.028726347608759938
2011-04-30,5,669,0.01582318533966291,-0.003660926634592132,0.0005637370000944949,0.005433823272798545,0.030844619397232206
2011-05-31,1,690,0.013196629422990186,-0.006558852811853601,0.00035749333275201525,0.00106477657113117,0.02194720681480924
2011-05-31,2,690,0.01322851320527132,-0.007223148618878981,0.0003575675678729794,0.0017754253601705988,0.021968921114903704
2011-05-31,3,691,0.013942948827315954,-0.0066022174898282306,0.0003785254929071111,0.002436530419860028,0.023064122015076547
2011-05-31,4,690,0.016127078540685146,-0.00878780801273103,0.0005844771425708563,0.0032056052582785047,0.022420207012844015
2011-05-31,5,690,0.016128418063561346,-0.010099769292039285,0.0005867099216513231,0.0050055245636805665,0.02250257161771679
2011-06-30,1,680,0.013216549654098178,0.003724960015193467,0.0003738213090602656,0.0011250065730900578,0.020910184995652854
2011-06-30,2,680,0.014060286058363474,0.005091774932851181,0.0005018293323006028,0.0018529636194962147,0.02137883833561665
2011-06-30,3,679,0.014462959803608798,0.005575794743412395,0.0004732440429399521,0.0025271963627527087,0.02141979962846644
2011-06-30,4,680,0.014603626695078998,0.004870529211235835,0.0004563991787776365,0.0033686889352553826,0.021569216851430165
2011-06-30,5,680,0.015548025186269378,0.0021701594867997356,0.0005782972986038234,0.005168182028707077,0.02299842987006685
2011-07-31,1,699,0.06167329882339514,-0.05990246009774099,0.005123834419674391,0.001046015892615878,0.020155500876217102
2011-07-31,2,700,0.06835911299895057,-0.06654803436831572,0.006377156648593597,0.0017787468168764947,0.021237319216052142
2011-07-31,3,699,0.06750749753757322,-0.06628370182483773,0.006205104045172359,0.0024681687046932883,0.021789531951538845
2011-07-31,4,700,0.06639201915995954,-0.06471568342032177,0.006436405384154482,0.003282377985817476,0.02200036007752177
2011-07-31,5,699,0.06616284055444947,-0.06409256783637064,0.006410091606909997,0.004905849850468983,0.021983664779158838
2011-08-31,1,701,0.02933925095750303,-0.02325001324670056,0.0014048595235452246,0.0010272678641904287,0.029996773429105724
2011-08-31,2,702,0.02924792393420714,-0.023312060140351008,0.0014071789885318345,0.0017448821463076861,0.02949261362997893
2011-08-31,3,701,0.030067596164929614,-0.0244133704980364,0.0016401279722139748,0.002423905917333973,0.02983674385483236
2011-08-31,4,702,0.03472704549717359,-0.0297250343590717,0.002300580977141048,0.003287453577795131,0.03270877566329924
2011-08-31,5,701,0.0340045808910844,-0.025480726906485784,0.002503461892521992,0.005086007886007548,0.03041118269321273
2011-09-30,1,693,0.03440301067722844,0.031019323214758886,0.0018672207519954305,0.001233810115971678,0.031779717060648485
2011-09-30,2,693,0.034691542697184746,0.031200534491067345,0.0019357227712544557,0.0021140932372203103,0.030626403761849497
2011-09-30,3,692,0.036055244760684155,0.033175201762325135,0.002073075240365155,0.002943992449296957,0.031617732662968794
2011-09-30,4,693,0.0354976070487456,0.03319047356382954,0.002074746122670861,0.00394920973377325,0.031833259132119644
2011-09-30,5,693,0.032292384773770305,0.028839069013045376,0.001992732362579335,0.006075152038237725,0.029755898798978258
2011-10-31,1,709,0.029409588905802777,-0.024928413092125526,0.0015457146305724928,0.0010728169043572272,0.033168026040300856
2011-10-31,2,708,0.031826284855890154,-0.026893442728316463,0.0020674013561082327,0.001837759232219115,0.03383021238288109
2011-10-31,3,709,0.033469498722567985,-0.027389686808056327,0.0025248627190942335,0.002475141213441299,0.03322725752146571
2011-10-31,4,708,0.033178298609612994,-0.02628749458938209,0.0024544588353364147,0.0033341227309168853,0.03421985071702529
2011-10-31,5,709,0.03652490825924,-0.028842752702237445,0.0027931534748630166,0.005254422747276803,0.036472390758172095
2011-11-30,1,701,0.016719685750513243,0.009546170454534288,0.0005570981413564706,0.001082799298188482,0.03383517049313358
2011-11-30,2,702,0.017867622194473756,0.009795245429817691,0.000661578614420556,0.001811947484026628,0.03450347413507056
2011-11-30,3,701,0.018227372092790635,0.010640854705325208,0.0006626774456471298,0.0025055927287714096,0.0345348099132138
2011-11-30,4,702,0.017519980754499315,0.012551175983047808,0.0006219055231574849,0.0034082045417153217,0.03441473375161566
2011-11-30,5,701,0.022381279034127097,0.015862428511254762,0.001024632375635003,0.005667635736672064,0.03846887742837665
2011-12-31,1,724,0.022518409742198063,0.019993703455095165,0.0008952302079409151,0.001068553950380794,0.03595191412405657
2011-12-31,2,723,0.02759200456111264,0.0249735067225888,0.0013465388569855249,0.0019271011908849652,0.03569976106835797
2011-12-31,3,724,0.02814700317150438,0.026281521962676614,0.0014436080704825736,0.0026855976309627288,0.03682660912635115
2011-12-31,4,723,0.026767162549452723,0.024747525508662705,0.0013840974102447604,0.0036812474985886746,0.03437945146535702
2011-12-31,5,724,0.02709005152508263,0.023717655242868223,0.0014144081391812544,0.0055443258285914525,0.03622681203764277
2012-01-31,1,727,0.028226512731930487,0.028459042282982013,0.001277226380508373,0.001003104700962042,0.039323123356306396
2012-01-31,2,728,0.02804672988091347,0.028329421959974604,0.0012634685154193448,0.0017298997863283943,0.035180640592254626
2012-01-31,3,727,0.027109248819845312,0.027278472421779856,0.0012015034956907944,0.0023655767884809705,0.03594694218799078
2012-01-31,4,728,0.026398746741768633,0.02706710713661508,0.001156021227237302,0.0031596025867890736,0.03636801998155091
2012-01-31,5,727,0.028145856574389925,0.0288817848210134,0.0014143862961430228,0.005022212756166332,0.03663298839945429
2012-02-29,1,718,0.017353319272515773,0.01327712956661643,0.0006388007865316936,0.0011152934888545038,0.036826558453038116
2012-02-29,2,719,0.01681563397058475,0.013211515432864286,0.0006183720111540302,0.0018628888759442406,0.03827923767490777
2012-02-29,3,718,0.016525917987213774,0.012780687356891455,0.0005538789512859868,0.002489969850860773,0.03748225613967502
2012-02-29,4,719,0.019048035246369548,0.013818155275556578,0.0008390527997620204,0.003325488882184957,0.037053933694953224
2012-02-29,5,718,0.01974070583374312,0.014128188412427927,0.0010529363659770733,0.005314716329972313,0.037072055901497564
2012-03-31,1,740,0.013509364959556808,-0.005305280874007794,0.00033242705696551476,0.0010596722196108647,0.03897951535778318
2012-03-31,2,740,0.012689278926228823,-0.003178177868112225,0.00034045741362789274,0.0017533844788304544,0.03717388800390228
2012-03-31,3,739,0.012408634789945477,-0.004168527988730921,0.0003229915622676896,0.0024416614470205277,0.03663894826277162
2012-03-31,4,740,0.013267525353258052,-0.001349738738095717,0.00039847037504087796,0.0033533819353713493,0.03676344920338518
2012-03-31,5,740,0.014708137612383364,-0.0006395750911316419,0.0005146060125448235,0.0051232705244727466,0.04003484246563238
2012-04-30,1,728,0.024383595361846314,-0.0196554661675731,0.0010385594551313782,0.0010121971892289394,0.037070300085331
2012-04-30,2,729,0.026505636580047863,-0.022174390434931527,0.001139503251016948,0.0017667973414972492,0.038767789076029194
2012-04-30,3,728,0.026438272483675255,-0.021864418396814602,0.0011930226202055544,0.0023597772313675275,0.03936609536478904
2012-04-30,4,729,0.02378604642614131,-0.01829281960924546,0.001079884935084308,0.0030738200636058234,0.03858726965793028
2012-04-30,5,728,0.027531100621555917,-0.019236098538165828,0.0014053464276799264,0.00469846897111782,0.04232685452210982
2012-05-31,1,738,0.01591826110478437,0.009813354963269124,0.0005085641625835309,0.0011014720763265094,0.03702873148813331
2012-05-31,2,738,0.01666763609748886,0.01253690420823504,0.0005528033776598389,0.0018834863587370578,0.03831827396289022
2012-05-31,3,737,0.01860430094181024,0.013625323817428812,0.0006269271527926005,0.0025786124167779994,0.039377234839545174
2012-05-31,4,738,0.01593600079881202,0.012220580794169886,0.0005334683101049249,0.003461447729875684,0.03688730347943257
2012-05-31,5,738,0.018824927860127665,0.01361952287423358,0.0007845984767211393,0.005309476984424987,0.039000461031050884
2012-06-30,1,728,0.026065566799098064,0.02476937974347243,0.0011255053690631183,0.0009593948856913394,0.03940876481565043
2012-06-30,2,727,0.023216627466849674,0.022218685617317806,0.0009066297151421144,0.0016289739292241854,0.03847513767864168
2012-06-30,3,728,0.023762601020697424,0.02225086849203253,0.0010447943562721638,0.002250762837269025,0.03995837878720946
2012-06-30,4,727,0.02229687353871521,0.021769753487467354,0.0009080608446919303,0.003100960727576945,0.03883543498198871
2012-06-30,5,728,0.023220096962443662,0.021692992549045872,0.0010727976401744745,0.005017619885159897,0.04075931699572654
2012-07-31,1,734,0.014928434500486962,0.008954164046278,0.0004829679312135119,0.0012186307988353948,0.03780825028270055
2012-07-31,2,734,0.01631036361859946,0.012664879439468035,0.0005488103089580237,0.0019329036750163468,0.037437225061597315
2012-07-31,3,735,0.017478692458038764,0.013041036297769332,0.0006218114243750734,0.002590530967490563,0.040102723012343244
2012-07-31,4,734,0.01726912358880248,0.013066165968203189,0.0006311581845714376,0.0034914109465486974,0.03885690880574152
2012-07-31,5,734,0.01707582181565291,0.013335158654255138,0.0006840777040140498,0.005513857748128922,0.03820392117283052
2012-08-31,1,743,0.0209386864348151,0.020699470370209933,0.0008414860902331179,0.001078472285375494,0.031891993051000274
2012-08-31,2,743,0.021252324217279097,0.021131714999561842,0.0008885589993129937,0.001691116303768315,0.030891019777448753
2012-08-31,3,743,0.02043596363974022,0.02027463904074199,0.0008075947620889933,0.0022620412660491495,0.03155737098493834
2012-08-31,4,743,0.019388811431223663,0.01869741296789129,0.0007417995634256619,0.003056558509968492,0.03091519755252687
2012-08-31,5,743,0.02083639534280434,0.02102794638851502,0.0010045658016654647,0.004962220013460025,0.03265712185359076
2012-09-30,1,732,0.02579608114274268,0.024051035127238798,0.0012790815801893157,0.0011104068933213986,0.03058391835344919
2012-09-30,2,732,0.023695167186415563,0.022447320003211545,0.0010136519868617084,0.0017961333114109041,0.030757747694744597
2012-09-30,3,732,0.024373985227958587,0.022327585668159382,0.001151580041121235,0.002432626755981365,0.029213894125151883
2012-09-30,4,732,0.024547995311362654,0.023159902380517013,0.0011269849299086012,0.003277318922659793,0.029681124611872976
2012-09-30,5,732,0.02608361024283811,0.022851962027937694,0.001276759879700826,0.005240167045262678,0.0304566000158329
2012-10-31,1,761,0.019934867800000183,-0.010203347518368846,0.000794391741796494,0.0011666943280382281,0.02778320888906339
2012-10-31,2,761,0.01915912463390305,-0.01001397176278332,0.0008004812073765788,0.0019099712760178892,0.028575484646427625
2012-10-31,3,760,0.018663455474119336,-0.008528480986091094,0.0007591993047212002,0.002617769113707522,0.027728378325468362
2012-10-31,4,761,0.02034698495226886,-0.009879692923903866,0.0009098338587206077,0.003592266644223163,0.029046875890246644
2012-10-31,5,761,0.020838097143747847,-0.009196785685608251,0.001063928734911982,0.005991368789668153,0.02874930083423213
2012-11-30,1,751,0.01326365504179243,0.00852427573854596,0.00040884937185282005,0.001079798866781829,0.025047385863973173
2012-11-30,2,751,0.014104296018152112,0.010135167281362479,0.00041087786889151687,0.0017724303491971614,0.025465377825452225
2012-11-30,3,750,0.01270684439793768,0.008008209207648179,0.00039734505664062216,0.002446678924149119,0.02454471060139958
2012-11-30,4,751,0.012938853181426438,0.008267894199680364,0.00041243082302220744,0.0033523559600780687,0.025189917623548583
2012-11-30,5,751,0.014877186185227228,0.009197851482304214,0.0006096008112261057,0.005458671352852551,0.025687740375934492
2012-12-31,1,777,0.016801850325430773,0.013376250404528394,0.000624428936590085,0.0011695752565427343,0.025108416351095945
2012-12-31,2,777,0.017738816909516855,0.01477195647239475,0.0006649805115923666,0.00182294232977112,0.025535545245877856
2012-12-31,3,778,0.017589463004403026,0.01364783664351969,0.0007612142314660808,0.0024475051672091146,0.02537550856802431
2012-12-31,4,777,0.017790614019435047,0.013759183586446466,0.000637972591119517,0.0032418286892397998,0.026401959367538967
2012-12-31,5,777,0.019638163279975935,0.01302112153387397,0.0008561982055862544,0.00491082049317123,0.026242042222893346
2013-01-31,1,789,0.012271808696345676,0.004108631591295361,0.0003327343725133389,0.0011153971941963612,0.024393041098995066
2013-01-31,2,790,0.01192667632927155,0.00357708239638139,0.0003609056017605805,0.001788497169231261,0.024632280420714574
2013-01-31,3,789,0.012061301243046232,0.003831829373223907,0.00031083203163017643,0.002473436682435658,0.025594298052466276
2013-01-31,4,790,0.012365969798377913,0.004532020717419119,0.0003965154189302623,0.0034084243331538888,0.025531035673453103
2013-01-31,5,789,0.013037303493789535,0.003939134234543372,0.0003786079028900286,0.005386156727055136,0.02526152325467451
2013-02-28,1,777,0.009652312458513609,0.003756770937003354,0.0002368314664973512,0.0010799496148515477,0.024849240279412477
2013-02-28,2,778,0.010527410931076245,0.00510335617040124,0.00028365622429945815,0.0017918563472641156,0.023421194122389726
2013-02-28,3,777,0.011290161461323587,0.0050162887231263754,0.00028646781523599443,0.0024811555910601137,0.02414698670701539
2013-02-28,4,778,0.011126052605599962,0.005199436330073618,0.0002728529439233666,0.003376664125374534,0.025592771103821157
2013-02-28,5,777,0.012397373786903736,0.007151057612303881,0.00046839710271771493,0.005360312758761652,0.02593828750374451
2013-03-31,1,824,0.012050405897950825,0.008214872894084303,0.00034385625797585413,0.0010812976821689877,0.02379198340952123
2013-03-31,2,823,0.01301557203026155,0.009323089477042572,0.0003943145066871464,0.0018245085874142814,0.023453899903128374
2013-03-31,3,824,0.01465779881979899,0.011911668678225533,0.0004685542896587865,0.002555176910116273,0.02353887550814566
2013-03-31,4,823,0.013836884353269747,0.010498551706197366,0.00041212054993350285,0.0034953092884374578,0.024026379247363772
2013-03-31,5,824,0.015864526935649808,0.011553824640005471,0.0005892997901794947,0.0053772335311701525,0.02451226566943055
2013-04-30,1,812,0.012321538261773743,0.005881470699610254,0.00029505946416121524,0.0009554289570236832,0.02466390203899654
2013-04-30,2,812,0.01327936233652548,0.004780666384002929,0.00038882630960077307,0.0016465920317256188,0.02346373557037861
2013-04-30,3,812,0.01364454714818362,0.006335005160249709,0.00042275639962034234,0.0023191899769098977,0.023747394828609603
2013-04-30,4,812,0.013697969939645324,0.005524871991974802,0.0003881302282797949,0.003221708828886198,0.024307349466110385
2013-04-30,5,812,0.014346551247456412,0.00838595734859858,0.0004365951355865006,0.005244213531461244,0.024584763773256812
2013-05-31,1,826,0.024747985091332962,-0.022078438741816676,0.0010328740630997286,0.0011068867399564226,0.020634900933983298
2013-05-31,2,826,0.02678620089945863,-0.024303064742774595,0.001211892918703631,0.0017666033936774958,0.020663489365930238
2013-05-31,3,826,0.02735081882362283,-0.024949931930206587,0.0011862444676045988,0.0024209006703591364,0.021227115078747437
2013-05-31,4,826,0.027360130791989266,-0.02401926975279255,0.001264722346056246,0.0033167257511367604,0.02084931036986
2013-05-31,5,826,0.02992855373596955,-0.0263288852104682,0.001683795219932431,0.005207096071089255,0.022675960779010313
2013-06-30,1,812,0.02182610786272955,0.01846564515795458,0.0007543928213947432,0.0011988877711495954,0.02064505674040101
2013-06-30,2,813,0.021999755277045546,0.019618607123153657,0.0008047688319543358,0.0019146883226851886,0.020999050564318174
2013-06-30,3,812,0.02234137397315352,0.019877164555827907,0.0008301347946826952,0.002695677827496224,0.021093655233084953
2013-06-30,4,813,0.02299710560186807,0.020802318296258993,0.0009280678035824599,0.0037382315366821695,0.02144515054525573
2013-06-30,5,812,0.02408488312108785,0.024289698593590935,0.001069441330316464,0.005885844972983642,0.022523851137076854
2013-07-31,1,845,0.011165523996138222,5.9437284373696175e-05,0.00024225232943222153,0.0015734924111196207,0.022390683101483465
2013-07-31,2,845,0.01200610375791092,0.0016973534170181708,0.00030446280277511404,0.0023636640292394994,0.022265637021531844
2013-07-31,3,845,0.013122449837749883,0.001593995156886544,0.00037624072311599754,0.0030335440011038653,0.02387930715330649
2013-07-31,4,845,0.011660761229958056,0.0030116508633355383,0.0003240212553319051,0.003922151338583997,0.023450308542311823
2013-07-31,5,845,0.013151663049580117,0.00587367228698459,0.0004996441381814524,0.006073875003655237,0.025010032562606963
2013-08-31,1,851,0.013047481389011179,-0.005999901425687203,0.0003272408985921945,0.0015124207670127183,0.022170058872863583
2013-08-31,2,850,0.012058258985414762,-0.0027206271342669532,0.0002867186491420832,0.0022206842732083545,0.02230454962207285
2013-08-31,3,851,0.01201975492171635,-0.000383552081555185,0.00029804656914381785,0.0027649069140870527,0.022573107119662417
2013-08-31,4,850,0.012467424403183557,0.0008109368099437287,0.0003262259446726206,0.0035125595644624205,0.023614068068940643
2013-08-31,5,851,0.01356492501681449,0.0024329676705300528,0.00041130988613051163,0.0053113956217297155,0.025204596538179157
2013-09-30,1,841,0.01577143828390229,0.014654079201279233,0.00045072195511059344,0.001578208001351549,0.022519719901749845
2013-09-30,2,841,0.018964428905950566,0.01793493723205618,0.0006256155016746772,0.0023026930560756985,0.022721432387590203
2013-09-30,3,840,0.016822373786885784,0.014808344179558237,0.0005016382028120197,0.0028222407818811485,0.022994356867124224
2013-09-30,4,841,0.01872028941884855,0.016352099490140583,0.0006833571124545512,0.003525372857974721,0.022681184959363342
2013-09-30,5,841,0.020495399933400243,0.01888931334543009,0.0008333752367607,0.005183480682414507,0.024596672365926338
2013-10-31,1,864,0.011854953247913233,0.00745134234630082,0.00025173601420825845,0.0015205633687147978,0.02159496565426937
2013-10-31,2,864,0.012397982008682326,0.008058480845044692,0.00028005199125409066,0.0022008496928379484,0.021568366064362705
2013-10-31,3,864,0.012605769516224927,0.007866842040891065,0.0002891755427392819,0.002743092927392158,0.02186870743103
2013-10-31,4,864,0.012674025418417124,0.008451573591628403,0.00034334037961934906,0.0034208720035720894,0.02128493607134651
2013-10-31,5,864,0.01344450589838402,0.009465194292187317,0.000551758318538243,0.00513066333594271,0.021916256111583435
2013-11-30,1,856,0.020745363063169233,0.01956836062046048,0.0007553441360137245,0.0015284984077296154,0.020413924075392165
2013-11-30,2,856,0.022370806860374664,0.021066476589881672,0.0008231171595876104,0.0021391945281831024,0.02041359991828586
2013-11-30,3,856,0.020117152332943773,0.018366127351532032,0.0006985538327168814,0.0025973596827933575,0.020423889922244774
2013-11-30,4,856,0.020969864074803002,0.018502563057043977,0.000757578963519731,0.0032503856272928996,0.020566475109976758
2013-11-30,5,856,0.02184501656494524,0.019823533891816215,0.0008398478279959283,0.0049167513123603845,0.022150090360484195
2013-12-31,1,878,0.015834030221777158,0.0028831454767654107,0.00046199458087525536,0.0015665626014482262,0.021408875615673062
2013-12-31,2,879,0.015031369634606124,0.005148138707518973,0.00044297029453783346,0.002268887031923857,0.020557334602561362
2013-12-31,3,878,0.015573081550579317,0.006506352882969786,0.0004930199550835392,0.00280525837105484,0.021023057259059327
2013-12-31,4,879,0.01683179654859882,0.006669376821629696,0.0005992650817073285,0.0034808368967634727,0.02058105778371471
2013-12-31,5,878,0.02028657861408027,0.007967217509841354,0.0008964686849101405,0.005127389472310521,0.021330912376995182
2014-01-31,1,881,0.013588908988374686,0.009759243407138409,0.00036479063304056645,0.0014930984533901054,0.021066903360172373
2014-01-31,2,881,0.0157580084118369,0.013632418981494263,0.00048567673898724346,0.0022112896648462687,0.02139791455504524
2014-01-31,3,880,0.014698271171259927,0.012609049864634223,0.00045294973003429616,0.0027479775057778436,0.020990445514917293
2014-01-31,4,881,0.016295485120822073,0.0146608699920415,0.0005951474929396175,0.0034919808965266468,0.02043147586309969
2014-01-31,5,881,0.018284834812983177,0.016596713872045272,0.0009842048825642632,0.0054086349389339365,0.021835922510804438
2014-02-28,1,870,0.012516875713723891,0.006976758569153494,0.0003128169685056224,0.0015049508534876659,0.021755969737613724
2014-02-28,2,870,0.013533779687672493,0.009219464241346292,0.0003471714396143993,0.002168838572857311,0.02156795670846992
2014-02-28,3,869,0.014061959257753035,0.009445976883943821,0.0004011726555975233,0.0027164780714298586,0.021588049357102918
2014-02-28,4,870,0.013717022104447574,0.009107631479849354,0.000445280989621856,0.0034030522817878072,0.021895403304960905
2014-02-28,5,870,0.01506893341815568,0.011078914398767037,0.000513888792400137,0.005240794454641051,0.021056350683021648
2014-03-31,1,895,0.013676511156534921,0.011193700527318516,0.0004254721466072,0.001477079291770859,0.021917396683764027
2014-03-31,2,895,0.01415706109180828,0.012395796961461288,0.00041560687987951664,0.002179859095035786,0.021403236530531576
2014-03-31,3,896,0.013269019931756675,0.010408974762591632,0.0004364382264811711,0.0027477104820769877,0.02112042503072239
2014-03-31,4,895,0.013029916214174259,0.010593662843755777,0.0005758341300904279,0.003538493463000854,0.020923528839365515
2014-03-31,5,895,0.014329673089352908,0.012281875000232437,0.0005208600265565051,0.005523664839476249,0.021473503506899104
2014-04-30,1,886,0.010418847325171492,-3.124262442084465e-05,0.00024019218646276016,0.001397995041986235,0.022474480338912195
2014-04-30,2,886,0.010330872258764525,0.0014174375108219305,0.00022236425161107845,0.002169922070435224,0.022376959965209213
2014-04-30,3,887,0.011116888636623018,0.0013491220340708589,0.00027500324345419106,0.0028181822030168666,0.02181016986509238
2014-04-30,4,886,0.01165319163984378,0.003434493937539642,0.00041272628926789727,0.0037219692788527984,0.022475351124825394
2014-04-30,5,886,0.012339886124003734,0.0052225829022350834,0.00041264781571954414,0.005871726542730877,0.020073127724687778
2014-05-31,1,915,0.010979286681844355,0.007758352839914924,0.00029838652297834866,0.001481583929593287,0.020979326416247536
2014-05-31,2,915,0.011335395033742372,0.008540389695888018,0.0003099105109081988,0.002206675094751276,0.0216905916771931
2014-05-31,3,914,0.012010506820120271,0.009363798970656602,0.00031882945800982914,0.00281512192069594,0.02087686053498112
2014-05-31,4,915,0.013566592145836352,0.01064429674858973,0.0004057517948343386,0.0035703607927079464,0.021630882156634657
2014-05-31,5,915,0.01289965631732397,0.009940661663099514,0.00042491496081544384,0.005340972659304597,0.021716248275069103
2014-06-30,1,902,0.012538694509859751,-0.0014736732568065513,0.0004085706041119141,0.0015556337972113634,0.01942513351635401
2014-06-30,2,903,0.012510971747532915,-0.0007333734297243995,0.0003437528556370585,0.002286350976256785,0.018422205714114546
2014-06-30,3,902,0.012930447417794571,-0.0028537890079890767,0.0004125404957022715,0.0028456768597492628,0.019441716518473443
2014-06-30,4,903,0.013091026620193333,-0.00248464279875175,0.00037549995072305964,0.003573140891437884,0.018700819571773875
2014-06-30,5,902,0.015599051949204842,-0.0024895842360519622,0.0005299757204134816,0.005304921043786409,0.01917212470185995
2014-07-31,1,922,0.010130736327613101,-0.003911893874676909,0.0002560896194989804,0.0010220431722941853,0.016876327263394116
2014-07-31,2,922,0.010185967803355633,-0.0030568140777277792,0.00022909328189524335,0.0016865560128356619,0.01675537211270893
2014-07-31,3,922,0.011977203580699272,-0.002188011181904806,0.0003763179961860683,0.002291946066659467,0.018064848758591406
2014-07-31,4,922,0.011335200615633999,0.0020816831664791343,0.00036212001768601184,0.0030674418898039867,0.01892219616144839
2014-07-31,5,922,0.015397734454511125,0.007935235934455942,0.0007531833891655693,0.004990333194009525,0.021333879097109796
2014-08-31,1,926,0.013212215863283819,-0.007707843312218403,0.0003876566074036293,0.001084114311535903,0.01686767389040639
2014-08-31,2,927,0.014876362673447246,-0.009442833852160526,0.0005185247871031787,0.0017655468508771552,0.01783145231754601
2014-08-31,3,926,0.017833578124919314,-0.012183879678469246,0.0007488159535258349,0.0023298776688245016,0.01829856699126452
2014-08-31,4,927,0.017979783323720144,-0.012269389862082418,0.0006850059199325188,0.003060221031760427,0.01852512095388001
2014-08-31,5,926,0.02346487272056503,-0.015063806822617041,0.0013182062931255442,0.004753488001330656,0.0202519704741552
2014-09-30,1,914,0.014824768675165067,-0.01114880685722919,0.00042929115878067816,0.001115898301686179,0.01592532463315973
2014-09-30,2,914,0.0158793437448403,-0.009801347973430173,0.0005070150994703486,0.001857005306420194,0.016943790721477617
2014-09-30,3,915,0.017407014828163543,-0.0076523845551382495,0.00061958604284259,0.0025177213268032235,0.01813939327593327
2014-09-30,4,914,0.017896431469432622,-0.0020466154429041863,0.0006946100586379953,0.0033572501118353123,0.01912331311947587
2014-09-30,5,914,0.01957588930804462,-0.0005039478681410441,0.0009467093221256799,0.0050937227959930356,0.020830727972062025
2014-10-31,1,939,0.014739454790703268,-0.010346671207381164,0.00046479587304042955,0.0010940500308892125,0.01801517261145534
2014-10-31,2,940,0.015954658338850253,-0.010973845099002535,0.0008700011524205083,0.00185148124274326,0.019081236583624296
2014-10-31,3,939,0.017838382489767667,-0.011414696414790627,0.0009948623190126481,0.0024912918997924984,0.020106284071777992
2014-10-31,4,940,0.018294929183859696,-0.012051578157734957,0.0010563078328460146,0.0033036360437084782,0.02005601856075874
2014-10-31,5,939,0.01762704325663632,-0.008816048284054434,0.0008901784699514746,0.005087697738629764,0.021123945392622245
2014-11-30,1,927,0.012777469763995433,-0.0031518203532538303,0.0004908692588407953,0.001077910218105802,0.01819152338039471
2014-11-30,2,927,0.016011677200755466,-0.006698071759605789,0.0008018862839466885,0.0018203150517180364,0.019126812480848493
2014-11-30,3,926,0.016926861020862737,-0.00753465352853499,0.000844366689459842,0.002494221728924697,0.02071859113412951
2014-11-30,4,927,0.018310119770566995,-0.00800622358721794,0.000967685132572636,0.0033479606345318694,0.0211929632958103
2014-11-30,5,927,0.01881848669449831,-0.004955335096346068,0.0021983991144219777,0.005440986238925461,0.02109412924562261
2014-12-31,1,952,0.013066120967945884,-0.002989863050634314,0.0003532798824640892,0.001145021997106866,0.017369117708984243
2014-12-31,2,952,0.015667329203277604,-0.006003409048454549,0.000573062880850178,0.0018541670615319307,0.01887000009595303
2014-12-31,3,953,0.016149110029043196,-0.00587705278400436,0.000520176467489622,0.0024965444952051614,0.02029043355038982
2014-12-31,4,952,0.017535687623918918,-0.005322191034250283,0.0007339518448511829,0.0033732176943866237,0.02142628432173784
2014-12-31,5,952,0.018823265159233327,-0.004348355748311214,0.0012625978081759449,0.0053053256193727385,0.0218249084907541
2015-01-31,1,953,0.017213237823154016,0.013845102484960374,0.0006441654185938777,0.0011100872359549397,0.017120410236299902
2015-01-31,2,953,0.022094451232274746,0.02037552374289874,0.0009489985246607165,0.001862173886006182,0.01870213789169471
2015-01-31,3,954,0.025087048106017622,0.023944338463523507,0.0011968527768069365,0.0025608998249831406,0.020200622271384052
2015-01-31,4,953,0.02519153643297883,0.023862626122689964,0.0012912236102776663,0.003413973987849939,0.020916017856866535
2015-01-31,5,953,0.025389241688395237,0.026470551395234947,0.0014533196913322627,0.005271016313678463,0.022125329010977208
2015-02-28,1,941,0.011926053708710449,-0.006135307368715112,0.0002585541249926965,0.0010941673103619506,0.01580672488574651
2015-02-28,2,941,0.01289146919142882,-0.005658017165827002,0.00034349748050398074,0.0017543302509304979,0.01821050421683554
2015-02-28,3,940,0.01503653822338082,-0.007637193222793978,0.0006242503222528879,0.0022975639987179147,0.019782296641702495
2015-02-28,4,941,0.015752160415146505,-0.006897005730510023,0.000588646313529469,0.0029994232580812107,0.02103889708735965
2015-02-28,5,941,0.016821304327133073,-0.0065639324107291145,0.0006758420788702982,0.004594801581213022,0.022259269015094993
2015-03-31,1,960,0.00957815997565555,0.0031785785273768853,0.0002135885542134724,0.0011449920845320908,0.016805420232918585
2015-03-31,2,960,0.011613617204436181,0.005146095483039895,0.0003372685059445917,0.0018924249537597526,0.019538316809359284
2015-03-31,3,961,0.013730417015046504,0.007251960270005459,0.0004364575096935173,0.002522692148375288,0.021702149049714247
2015-03-31,4,960,0.01378550947017499,0.007867141601999113,0.00048608291191398734,0.0032689447685569297,0.02198254196051251
2015-03-31,5,960,0.016368853293306593,0.009301254398652266,0.0009152413454962777,0.004925064031210217,0.02383546915540056
2015-04-30,1,945,0.010845895044849145,-0.005055831342321302,0.00025526810056611756,0.0010862290546156572,0.017301729252011743
2015-04-30,2,944,0.01185543305201197,-0.004060645144332831,0.00031269257569177495,0.0017563335772241302,0.018909988366108684
2015-04-30,3,945,0.013451931201907706,-0.0032841908151572436,0.000395842837553519,0.0023630724936513285,0.020759857753428045
2015-04-30,4,944,0.013730399511913613,-0.001384365998986187,0.00042720857697137085,0.0031500934349364563,0.02295403240141909
2015-04-30,5,945,0.015183162717849369,0.0007506899700837537,0.0006018440707748081,0.004923094459564908,0.0236408183651447
2015-05-31,1,973,0.017212662493538446,-0.013706411542221209,0.0005568200234552444,0.0011830720923791283,0.016892799109336477
2015-05-31,2,973,0.01718677292745893,-0.012844342404694212,0.0005357214232518639,0.0019051350956493546,0.019517283691061118
2015-05-31,3,972,0.01757129553226036,-0.012506570455164817,0.0005703244187615042,0.0025508910865911522,0.021533303099589753
2015-05-31,4,973,0.017844433085721773,-0.011015474969893682,0.0006261120190852785,0.0033643903314078266,0.02316322062546104
2015-05-31,5,973,0.01987678998064101,-0.011379741197572867,0.0014520920548912672,0.005152284111553856,0.022835470321681792
2015-06-30,1,959,0.01362044060920259,-0.006876479811590277,0.00041266263839078105,0.0014142841432988067,0.016848337969793778
2015-06-30,2,959,0.014671257434365152,-0.007587957016531031,0.0005228475954111643,0.002158382056817547,0.018789568248572978
2015-06-30,3,959,0.017825974830523915,-0.009377134904383974,0.0008195043212622779,0.002779890323625069,0.02162396935318033
2015-06-30,4,959,0.018545191353135898,-0.010580419149103841,0.0009940516650289082,0.0035327422023645255,0.02201255751265244
2015-06-30,5,959,0.02458543626414805,-0.015014111260981785,0.0028919397694011795,0.005166519927337793,0.025652481026674567
2015-07-31,1,969,0.016340551457033677,-0.01098883931257861,0.0006022644438617584,0.0010283686744845721,0.018799084320978765
2015-07-31,2,969,0.01833636426202366,-0.012783441137813963,0.0007453055157916536,0.00168761842954122,0.019811074827931725
2015-07-31,3,969,0.019845604768060975,-0.013816611366370468,0.0008035811154195125,0.0022862513415489645,0.021248395184549882
2015-07-31,4,969,0.019706450184376095,-0.013451897775543127,0.0009065813232786382,0.0031044893602186962,0.02257037600547228
2015-07-31,5,969,0.026201082012783792,-0.018938538125460314,0.01640150827505216,0.004964617667816321,0.023539583565258773
2015-08-31,1,976,0.014175192815728394,-0.00584028399161719,0.0004972454187155385,0.0009901808957061148,0.018359559647110946
2015-08-31,2,976,0.018094151801339952,-0.010257481964110233,0.0009895977426028905,0.0016070281933019482,0.02038392144816397
2015-08-31,3,976,0.017953326090307687,-0.009064215353029542,0.0008122421279831783,0.0021791402634447226,0.02086229177747163
2015-08-31,4,976,0.018466859840222904,-0.00984865822059963,0.0008946838000669689,0.0030061956883359314,0.02143649212927296
2015-08-31,5,976,0.032861000774817975,-0.008400622711966938,0.04979238538096213,0.004976818545305782,0.027877132314659346
2015-09-30,1,965,0.01933953317111817,0.016077992742473422,0.0007325680108442492,0.0010719540474046377,0.01921314100300107
2015-09-30,2,965,0.022685837330847856,0.016276719730644165,0.0011967561543954708,0.0017319389499485466,0.020535379315689713
2015-09-30,3,964,0.022650819260543423,0.017835690512840445,0.001082859934381158,0.00235204326397901,0.02137921155661
2015-09-30,4,965,0.022445409667337667,0.01584956064214123,0.001276795568978043,0.003225919284077469,0.022250605067666327
2015-09-30,5,965,0.024699360174064995,0.01945150660824723,0.0017209637636103985,0.005286331260757881,0.025131071652551514
2015-10-31,1,991,0.014618067228542819,0.006978314606884797,0.0005774665771436745,0.0009668366492057557,0.02003752537160195
2015-10-31,2,991,0.01654427908159427,0.00377959177681229,0.0006859148236869389,0.0016162033801921003,0.021423296411943994
2015-10-31,3,991,0.01711845897304323,0.002099329076306591,0.0009520046515348417,0.00222154785836886,0.0219587928608972
2015-10-31,4,991,0.017260898524768434,0.002474233556857494,0.0011369100551214832,0.0030900448889472736,0.02269355584301912
2015-10-31,5,991,0.02078985752551789,-0.001870271152578596,0.0009815063899300672,0.005254742145176221,0.02958801488092536
2015-11-30,1,980,0.013572420944392274,-0.005304592275330592,0.0007535377247831832,0.0009876083419884812,0.019131124007415786
2015-11-30,2,979,0.01718511382302186,-0.008663187590331897,0.0010724386910907378,0.0016091018280030866,0.02123495053632023
2015-11-30,3,980,0.023422360161222136,-0.014503970052099212,0.00200850862880626,0.002210133691469197,0.02263111128283404
2015-11-30,4,979,0.023226243615136154,-0.014970571571459666,0.0018583825141276773,0.0030659647395655056,0.023854919120847338
2015-11-30,5,980,0.03397143047699477,-0.022547309732426028,0.01777722871387491,0.005119681501860617,0.029546668176954803
2015-12-31,1,1015,0.030309461547996353,-0.027057545335781003,0.0014649454238186144,0.001136562592597217,0.01947222077969991
2015-12-31,2,1015,0.034249393514021224,-0.030446296781711533,0.0022203984470017413,0.0018176409051198059,0.022410251305311924
2015-12-31,3,1016,0.036716574417699765,-0.033043856198695376,0.002797146203567779,0.0024740376815982515,0.023678894123675676
2015-12-31,4,1015,0.037987343690820595,-0.03306123902147564,0.0030411447664592463,0.0034125585384665613,0.02528335490576161
2015-12-31,5,1015,0.04706538876030687,-0.04071274618034232,0.019474974803584132,0.0055804708106323014,0.030530654060976638
2016-01-31,1,1020,0.0193383601566867,-0.007601096398591871,0.0007804202392886921,0.0011380638656518125,0.02206932369820816
2016-01-31,2,1020,0.020645205151724046,-0.006400847798659907,0.0009916009284521286,0.0018821735511683477,0.023514456535804088
2016-01-31,3,1020,0.021365036744374174,-0.0061172600393048,0.0010808331659809096,0.002596404002973843,0.026275972297508988
2016-01-31,4,1020,0.02270523574581966,-0.00766189522063916,0.0012882534703292023,0.0035569640674870673,0.027190288968003417
2016-01-31,5,1020,0.034231434045378026,-0.004561583139986718,0.009845014365340748,0.005845842695693107,0.031445082862430605
2016-02-29,1,1011,0.031750370142741645,0.030530909763007843,0.001623284112681144,0.0010146057028472323,0.021425483845720777
2016-02-29,2,1011,0.03341622518644813,0.033253223074784455,0.0018917914039332053,0.0016954849893697724,0.022662469880765188
2016-02-29,3,1012,0.03786078936120579,0.03710337059077315,0.0025760884299090695,0.00241547937008687,0.02483910597616839
2016-02-29,4,1011,0.04242142278837519,0.039081778103838,0.0037629297766737656,0.0034014735634463993,0.02678018667409517
2016-02-29,5,1011,0.0590854707913961,0.058781709778552974,0.02974801080418451,0.005832111847247596,0.03026350861949424
2016-03-31,1,1027,0.02623928310160284,0.025445100397810484,0.0011802429141342847,0.0010631252958730173,0.026502408505170893
2016-03-31,2,1028,0.027896014187475053,0.028313409326279435,0.0013418388557944643,0.001739151996026724,0.027941040293895193
2016-03-31,3,1027,0.028531789532615887,0.028668344613348752,0.0015257953632733141,0.002405459535310782,0.02901227855593845
2016-03-31,4,1028,0.030554980991901542,0.030049908313064515,0.0018447526257931023,0.003298468541938061,0.030741244337691834
2016-03-31,5,1027,0.03446966402040817,0.03255569801563171,0.0034820411572362843,0.005406819476077556,0.03681359081131187
2016-04-30,1,1010,0.011474934365175304,0.0044381597238111,0.0002965178109550168,0.0010368746919473502,0.02481076001483492
2016-04-30,2,1009,0.012955362926414622,0.0034118573266886756,0.00036908327016011794,0.0016984016218764058,0.02828075116566526
2016-04-30,3,1010,0.014273859109798082,0.0032618530628938194,0.0004799437315071392,0.0023011784825360676,0.03136386873664568
2016-04-30,4,1009,0.014785604791214001,0.0034958964450619375,0.0005767878306292125,0.003149904442103426,0.03046798369387875
2016-04-30,5,1010,0.022709403238558565,0.0026626544773733097,0.008520512736385986,0.004983535274711394,0.03666362382207621
2016-05-31,1,1028,0.01759818701004964,-0.00988658095798466,0.0005021441072639856,0.0010085236481556688,0.02644486379162504
2016-05-31,2,1027,0.017465663534583006,-0.007737641824887042,0.0004928595182179251,0.0016572498928314708,0.02832917584236221
2016-05-31,3,1028,0.019037336692121494,-0.006492971261045232,0.0006693675561648665,0.0022151064516810304,0.031306872357692604
2016-05-31,4,1027,0.01921262765718561,-0.00581016913936219,0.0008090580446975919,0.0029586148526213143,0.03239635141285425
2016-05-31,5,1028,0.01904377715819427,-0.0045063740520549,0.0007978356244967918,0.0047596931560556395,0.035302125753326
2016-06-30,1,1007,0.019343168910063695,0.018896041975139936,0.0006771014898203719,0.0011708108490093923,0.028665617681193373
2016-06-30,2,1008,0.02253588423865999,0.0218413277764104,0.0009182607966481696,0.001916423786244855,0.03141841536734477
2016-06-30,3,1007,0.022332257871090857,0.021593160772918216,0.0009207540749230373,0.002572849522418138,0.03223051518905235
2016-06-30,4,1008,0.0222111401717416,0.021126800814777705,0.0009527011035622864,0.0033979425399790425,0.03168152717239424
2016-06-30,5,1007,0.02215743514391518,0.020078727134402903,0.0010255088898778078,0.005299606310350451,0.03294965733303396
2016-07-31,1,1021,0.017359972407338442,0.01780936223205677,0.0006164021394854101,0.0009102173478694146,0.028326111896961107
2016-07-31,2,1020,0.02077404992015154,0.019483206405208217,0.000978442669179315,0.00147015450974061,0.031659998622982306
2016-07-31,3,1021,0.019312572244672525,0.01860623384566231,0.00084349898266372,0.0019870031531011864,0.031632577302218634
2016-07-31,4,1020,0.02034015272744272,0.020417756130370668,0.0008666142514915992,0.0026686618647291907,0.03034973857061492
2016-07-31,5,1021,0.021361417875572483,0.020187883845940755,0.0011826348827481366,0.0042479869645446955,0.03466137956000427
2016-08-31,1,1026,0.009698933335398905,0.0005347809305549979,0.00019488700096890438,0.0008607996863833855,0.03078025539029165
2016-08-31,2,1026,0.010532708198536316,0.0010608410206486508,0.0002604085964222083,0.0014167194418764717,0.03032522430954669
2016-08-31,3,1026,0.011150393790265332,0.001290813696899148,0.00030470562288810444,0.0019202072234362005,0.02961231266337944
2016-08-31,4,1026,0.010943095526222694,0.0021807021827242646,0.0002763417814343797,0.0025823922196305375,0.03129070091500202
2016-08-31,5,1026,0.013281120933891694,0.0005197468877813521,0.00042938107661674805,0.004166734192586941,0.033029293957746376
2016-09-30,1,985,0.011988932669609292,0.00895598313739536,0.00031107731485688827,0.0008928899039892491,0.0283439418479814
2016-09-30,2,986,0.011995890548238762,0.008146724043107964,0.0003154727867096443,0.0014520290758292408,0.0290847328680315
2016-09-30,3,985,0.013634377587183645,0.008610126870392696,0.0004749279475351818,0.0020225462503070087,0.031328364423266794
2016-09-30,4,986,0.014259607467504213,0.01031268303626086,0.0004831607620297006,0.002752992984769574,0.03125974808376067
2016-09-30,5,985,0.015026442907957984,0.011694853073882759,0.0005557230730679479,0.004325554235750338,0.033048785177957084
2016-10-31,1,1007,0.013250991291187177,0.009850187021781025,0.0003815106132156268,0.00089140232626823,0.02768245459137334
2016-10-31,2,1007,0.014703117918491847,0.010504309699244407,0.0005042660001867464,0.0015172093245977628,0.0282761167328261
2016-10-31,3,1008,0.014433200065288648,0.009039611067670367,0.0004595739162438159,0.0020863472997551605,0.029596062398242796
2016-10-31,4,1007,0.014103715307180223,0.007671359596753635,0.0004749349433390705,0.0028336671540079537,0.028867029534821332
2016-10-31,5,1007,0.01592736575212406,0.009446971624746989,0.0006920642558026931,0.004676837152219655,0.029355408181596987
2016-11-30,1,994,0.017863760233572105,0.01718734598738999,0.0006442208749376154,0.0009205799357702049,0.029860938953986567
2016-11-30,2,994,0.017978547368934363,0.01685203656515163,0.0006581647761712393,0.0014787821201565925,0.029049991626643894
2016-11-30,3,994,0.01741412995085053,0.01604299995271368,0.0006720991823146242,0.0019832434303377485,0.028935181840038345
2016-11-30,4,994,0.015909542868025688,0.014384241543516519,0.00048570420139184314,0.0026824416707664786,0.029538200826322508
2016-11-30,5,994,0.01637885627908703,0.013182137308930262,0.0006390340555570004,0.004396557730676592,0.028923453447134876
2016-12-31,1,1011,0.01433917467029824,0.007816335299179192,0.000455871973827562,0.000946176377508662,0.027361798544582736
2016-12-31,2,1012,0.0142123823803431,0.006983563326869052,0.0004183492620002448,0.0015410919570805121,0.027423014600048475
2016-12-31,3,1011,0.014725692725585703,0.009457239819544333,0.0005003138679469963,0.0021210954995768963,0.027671588275233847
2016-12-31,4,1012,0.01340118588708993,0.006797253219155399,0.0004009045582682969,0.002927953535888432,0.027481332191512945
2016-12-31,5,1011,0.013926406362325337,0.007323771623476144,0.0005676665420461364,0.004644263322093831,0.026093625482958856
2017-01-31,1,1007,0.012447747772161948,0.010059380938010693,0.0003257760111650231,0.0009610922347293506,0.023613232433206243
2017-01-31,2,1008,0.013360657749132818,0.010991082223722876,0.0003928337613050961,0.0015660582928119283,0.02420106369717135
2017-01-31,3,1007,0.013408078760371873,0.011206009671208226,0.0003943303618551302,0.002142540430430356,0.023628331929407338
2017-01-31,4,1008,0.012589551630905433,0.009661666938947227,0.0003511435140648037,0.002932294672110569,0.0235377202446903
2017-01-31,5,1007,0.012792092125354796,0.010017816132635486,0.0004864581434992017,0.004696902365281237,0.02306105912851886
2017-02-28,1,997,0.011268855723746835,-0.002738991779464151,0.0002525535730764539,0.0008994060632141311,0.022339082645330133
2017-02-28,2,996,0.010726983164793978,-0.0016552763283368722,0.00023834929317617654,0.0014679489891028673,0.023000689755668845
2017-02-28,3,997,0.010935456323886266,-0.0014433973658212061,0.0002349978117100245,0.002003249673955812,0.02250750689740808
2017-02-28,4,996,0.011662796416473137,-0.0016022937611396117,0.00031348638545805493,0.002739628707272101,0.022398092232725268
2017-02-28,5,997,0.011075421201640451,-0.0008024760250023105,0.0003212985017402058,0.004342253881138338,0.022739917048381575
2017-03-31,1,1012,0.009757157835041368,0.0037965145062052084,0.00024714869274749217,0.0008542495268302017,0.018915591578863602
2017-03-31,2,1012,0.009785467632354397,0.005809966115287428,0.0002227461639318556,0.0013953195248296215,0.01922130604618031
2017-03-31,3,1012,0.010146749711548117,0.0065015801374281755,0.00026323103844768525,0.0018958463467902155,0.020322209485870442
2017-03-31,4,1012,0.010342314360909561,0.006687879562241325,0.000253425761597447,0.0026029369642020894,0.020636064749362654
2017-03-31,5,1012,0.010963214375723097,0.006947453491281374,0.00029186971850387553,0.00412300471480079,0.020984767931074132
2017-04-30,1,999,0.011596567144337105,0.009661747686919995,0.00027828906798750715,0.0009344264611887705,0.01876406723041009
2017-04-30,2,998,0.011356779409773239,0.009823536271134784,0.00028582850419386815,0.001487968079841526,0.018495046349529042
2017-04-30,3,999,0.011140873061042096,0.009020376954231414,0.000305924069017422,0.002011257153268732,0.01863720573712801
2017-04-30,4,998,0.011423531722694162,0.0094879686085279,0.00031390412025305013,0.0027053402901456255,0.01909510628601454
2017-04-30,5,999,0.01354848345977147,0.010239652587754448,0.0004130821471823024,0.00433769423813333,0.019818480754146425
2017-05-31,1,1006,0.011861471555190982,0.00853226336463198,0.0002988114240334697,0.0010067314731806748,0.01726638785659944
2017-05-31,2,1007,0.012344427489461705,0.009325055376554486,0.0003439777917947161,0.0016636307236864525,0.018014305981164377
2017-05-31,3,1006,0.012398976477493433,0.008701677187823416,0.00038992413388594263,0.002224443664134103,0.01806678388215353
2017-05-31,4,1007,0.01276746526237718,0.007661100253976082,0.0004254236967172622,0.0030273272430723906,0.018194905123150668
2017-05-31,5,1006,0.012360689133245492,0.0073942398140745035,0.00038891250251874454,0.004807742770630982,0.018812757116351705
2017-06-30,1,991,0.013084504277098808,0.012834734204994909,0.0003401772725926765,0.0009783143632059932,0.01585198128619584
2017-06-30,2,991,0.013475864035212238,0.012970799467596,0.00035194393272652017,0.0015451686528881632,0.01645648547519625
2017-06-30,3,991,0.013675120696865516,0.012933796695115353,0.0003841344806790549,0.002049099232204435,0.017039667725138596
2017-06-30,4,991,0.015449987985743478,0.014442783317337449,0.0004844542126192695,0.0027380677455665246,0.01766780432063619
2017-06-30,5,991,0.015905202620004957,0.013714215859793565,0.00053599851278188,0.004271561525485346,0.01873019600201833
2017-07-31,1,1004,0.01573033534374311,-0.011501716527921117,0.000444376501098061,0.0009717445675325076,0.014817848135853573
2017-07-31,2,1004,0.015262881799196219,-0.01004211290888902,0.000415786558929805,0.001539333415208098,0.015819087492361567
2017-07-31,3,1003,0.0155902263090831,-0.009966791729582028,0.0004955263929001027,0.0020175210608797483,0.016428702953972737
2017-07-31,4,1004,0.01433197660666504,-0.006698717225225414,0.00038756964337078047,0.002581530365514518,0.016708938827238545
2017-07-31,5,1004,0.014292659973045966,-0.0038910149525538756,0.0004544319330445408,0.003998725415550108,0.017855628993435964
2017-08-31,1,996,0.014614007557940848,0.014514061396818056,0.00042551828634416984,0.0010105640953402618,0.015082272525629839
2017-08-31,2,997,0.01680284517884413,0.01698917774244411,0.0005708088559034163,0.0015713713492270345,0.015815602298631225
2017-08-31,3,996,0.016795204489810374,0.016821299791836025,0.0005626643574552315,0.002018860819754298,0.01661542935858244
2017-08-31,4,997,0.01851205213517284,0.01820127266554141,0.0007360612104356668,0.0026107059473426328,0.01775754330515235
2017-08-31,5,996,0.01839697548607252,0.017821217242984067,0.0007954120927542325,0.004079943689470718,0.0183393171930995
2017-09-30,1,992,0.015209065138501184,0.013703979328599212,0.0004595440166812175,0.0010488564035436518,0.015855348261652767
2017-09-30,2,992,0.01661703811837537,0.015158366458345266,0.0005193233690315298,0.0016109988636757125,0.016396458412278696
2017-09-30,3,992,0.016101214928130346,0.014314599401209013,0.0005028782336092945,0.002024125019482797,0.016411320259228583
2017-09-30,4,992,0.016816003374821694,0.013942166113426333,0.0006303968561777487,0.0025740682060421986,0.016674551735984318
2017-09-30,5,992,0.017955655879686293,0.01087587934861286,0.0008069958809559628,0.003875666119511961,0.018228157967172528
2017-10-31,1,1010,0.009727320346755568,-0.00017805827473518486,0.00020546362281216707,0.0010409303026617863,0.015602114352684486
2017-10-31,2,1011,0.010745808830223951,0.0023618982829313796,0.00026594712259528396,0.0016365507132271434,0.01664841056541169
2017-10-31,3,1010,0.012464248422928275,0.00044659850265618093,0.00041217760693675645,0.0021199576498562352,0.017088958134495298
2017-10-31,4,1011,0.012689924119848258,0.0013565612470842518,0.00043624466985595225,0.002750545868607487,0.017660659681295977
2017-10-31,5,1010,0.012721595926420375,0.002435425041932993,0.000490670885263471,0.004256914510223486,0.01798019357634014
2017-11-30,1,998,0.011600363086224119,0.00949281221180932,0.0002982535537587957,0.0009054196731024523,0.015316290895801608
2017-11-30,2,998,0.012781165114794235,0.010239478551126606,0.00036238810710581857,0.0014916005075125466,0.016450992944527166
2017-11-30,3,998,0.012554051987625072,0.010870322237813795,0.0003273323728290569,0.0019704442407754486,0.01716362342332159
2017-11-30,4,998,0.012035037746744474,0.009462118764571722,0.0003134287430519451,0.002546319760695589,0.017249415866348535
2017-11-30,5,998,0.013912964479279309,0.008084399973140644,0.0006206578286328459,0.00392795064022227,0.018867043733768376
2017-12-31,1,1021,0.01819131675788277,0.01782922750371066,0.0006170303929202296,0.0009767871241316895,0.01588977723438231
2017-12-31,2,1021,0.018291138787018733,0.018703324915595506,0.0006370279055983557,0.0015340320095563477,0.01572566309086573
2017-12-31,3,1020,0.01789056060220335,0.017886143306642743,0.000642180885239639,0.0020086781295874617,0.01636918714163753
2017-12-31,4,1021,0.019559359218455384,0.0197517672370206,0.0007655693660658577,0.0026037634045698948,0.017007002102754364
2017-12-31,5,1021,0.02003871837132543,0.019698861061717837,0.0009375811104804354,0.004004406348003965,0.01913418232821553
2018-01-31,1,1016,0.016708904983314756,-0.012713145314074702,0.0004728556687583973,0.0009660955575168199,0.01589359076647626
2018-01-31,2,1016,0.017557111891499253,-0.0121402453048685,0.0005209479253639435,0.0015511863177725142,0.016761283757545327
2018-01-31,3,1016,0.016407409907260164,-0.0104521415694218,0.00045075094360860204,0.0020018953405887114,0.01672920263222941
2018-01-31,4,1016,0.01713750873204815,-0.010934942870106198,0.0004932216603995659,0.0025659908281164584,0.016949653325178875
2018-01-31,5,1016,0.020083614046761955,-0.01103932331124105,0.00106222674574794,0.003781381540100133,0.018866694011028518
2018-02-28,1,1004,0.02605039893190317,-0.024121581699490205,0.0009895297031233831,0.0010262335151319123,0.016239813731098462
2018-02-28,2,1004,0.026676280748886186,-0.02362324086803652,0.000997574926218972,0.0016352230826288047,0.017102112292212875
2018-02-28,3,1005,0.02650848060234718,-0.023780106340024726,0.000960634069007032,0.0021345210094061004,0.017378878004467375
2018-02-28,4,1004,0.025778761863262008,-0.022431342026224394,0.0009473548672310519,0.002722771249819488,0.016924038460132147
2018-02-28,5,1004,0.02712868921206742,-0.022440134481935294,0.0011090118413614835,0.0040035068454186695,0.018577294276026557
2018-03-31,1,1018,0.011311229690033692,0.005323973161476538,0.00023522802728753308,0.0009489097048275205,0.019933635174822772
2018-03-31,2,1018,0.012465120339100815,0.008535733747544818,0.00031540370609805336,0.001528087252963282,0.019550952463613075
2018-03-31,3,1018,0.014178476108601453,0.009281156761687837,0.00042206556249581556,0.002050382266706359,0.020794125590478725
2018-03-31,4,1018,0.01350134990978221,0.008486561825479669,0.0004150555168277788,0.002741242128415859,0.02056716645827363
2018-03-31,5,1018,0.016357782678750814,0.009548943872077924,0.0008251444162558793,0.004197834107398314,0.021877930600580377
2018-04-30,1,1005,0.014683742532075078,-0.009906136034148055,0.0004016426957047506,0.0009575590470009639,0.019998497083864676
2018-04-30,2,1005,0.014960087352658474,-0.008560345086507413,0.00046996755503949576,0.0015104937547266023,0.020737082152771227
2018-04-30,3,1005,0.014733686808370441,-0.008594917943706216,0.0004220184745540871,0.0019671913121060377,0.02133926240927843
2018-04-30,4,1005,0.014152456839541217,-0.00714687086129467,0.00041331200751108186,0.002511881832638837,0.021704147127615214
2018-04-30,5,1005,0.016542420441673394,-0.00713598181237148,0.0006530036893130537,0.0036735699903145957,0.021652904889787362
2018-05-31,1,1023,0.017512774668387496,-0.013536108949762411,0.0005634385909171883,0.0009824035858059658,0.020824092675890908
2018-05-31,2,1024,0.014584306319636031,-0.009673566188135752,0.00039934742318267357,0.001536689299444506,0.02103252850668008
2018-05-31,3,1023,0.015470846516120008,-0.01018386471822142,0.0004793444447404736,0.0019920727156030817,0.02107738985914175
2018-05-31,4,1024,0.015199652554465815,-0.008978870003943484,0.000447210416981517,0.0025459535499723442,0.021244768369674677
2018-05-31,5,1023,0.01534572606793511,-0.006735259293386844,0.0005603527297098825,0.003793632164173537,0.02234777682775927
2018-06-30,1,1003,0.022462203486662558,0.02209226678467436,0.0008461618145322774,0.0009395889249539242,0.02108223921511943
2018-06-30,2,1003,0.02148619688981686,0.021527781058686083,0.0008297823238111006,0.001465592591137089,0.020927423293832747
2018-06-30,3,1003,0.02140383495264453,0.022189901371751756,0.0008289909958926677,0.0019167166150869585,0.021535876253522428
2018-06-30,4,1003,0.022584763460000365,0.022692471116636498,0.000920954000333546,0.002473488324556633,0.022564723885272656
2018-06-30,5,1003,0.023444972847306674,0.021957627479075335,0.001038539359747455,0.003751496734603646,0.02243872730494987
2018-07-31,1,1018,0.01132494396664382,-0.0009608101125888678,0.0002514412983778563,0.0009271739988574079,0.02255124614959772
2018-07-31,2,1017,0.011087593705351796,8.725033498974357e-05,0.00024050728542475332,0.0014122967131084652,0.021947338022924468
2018-07-31,3,1018,0.012055842790329532,0.00025494148174542026,0.0003628795587810143,0.0018365803131437045,0.022191179464994437
2018-07-31,4,1017,0.012888676738048473,-0.0008271139228738157,0.0003952505765751113,0.002376724548744674,0.0226412310439126
2018-07-31,5,1018,0.01314663128809628,0.001455021825909537,0.00040624319248019507,0.0036401425287827015,0.023211051950165533
2018-08-31,1,1024,0.014644438022277644,0.015386806019623833,0.0004241664598106209,0.0009476127929693454,0.022121555884297314
2018-08-31,2,1024,0.01574986246038323,0.01652944306114179,0.0005351173663153792,0.0014864881647898003,0.022040976455672913
2018-08-31,3,1023,0.01681687559068974,0.017498012630993598,0.0005348260367101976,0.0019432057750782552,0.023030964494426587
2018-08-31,4,1024,0.016351758103747595,0.01613808957056051,0.0005018354998597146,0.002498905132069647,0.02214981200936595
2018-08-31,5,1024,0.01571053421460635,0.014520206805570979,0.00047520730618261003,0.0037340770556518335,0.021855651407621836
2018-09-30,1,1013,0.018592393328191265,-0.01442521758202182,0.0005314005584007557,0.0009875655205274746,0.02203053851954732
2018-09-30,2,1013,0.020709258845654027,-0.016951958912493608,0.0007198759609331149,0.0015005995959792655,0.022099181750462295
2018-09-30,3,1012,0.022126162695556166,-0.01807946985786028,0.0008289344054396861,0.0019404796346393042,0.02267429686989894
2018-09-30,4,1013,0.021203762492530892,-0.01667929949660916,0.0007924591770611475,0.002538524008484962,0.022532772600293075
2018-09-30,5,1013,0.021439907283110043,-0.017515528344000546,0.0009228010867685934,0.003814851203339057,0.022322673739966326
2018-10-31,1,1030,0.02983754207860739,-0.025223657668097588,0.0013369570586308725,0.0009695872850445752,0.021666171601571242
2018-10-31,2,1030,0.02871799271128969,-0.02418915133751495,0.001208464384989017,0.001513581658675688,0.022261508253227646
2018-10-31,3,1030,0.027949633292692556,-0.023981023376787227,0.0011527809037702131,0.00196756551815438,0.02241138448081512
2018-10-31,4,1030,0.03106438441486586,-0.026155949687077754,0.0017499219651064231,0.0025410370421914577,0.022762512515872885
2018-10-31,5,1030,0.031986063153577556,-0.02662249229585179,0.0023151817221826613,0.0038535037978790925,0.023241142803579088
2018-11-30,1,1015,0.025622819942251934,-0.022513530210279596,0.00107721270468611,0.0009271722895979205,0.022839454201422187
2018-11-30,2,1016,0.029101445700332868,-0.02586972487463174,0.0013889048622644992,0.0015116550546423382,0.022660471167377683
2018-11-30,3,1015,0.03207627754811286,-0.028699314575372815,0.0017754607659310586,0.001994686957517742,0.023300157307361617
2018-11-30,4,1016,0.03324509386529559,-0.02899711631885935,0.0019537920852835664,0.002590786649614621,0.023617646350561988
2018-11-30,5,1015,0.034050287913806127,-0.028240036993298114,0.0023420626115051362,0.0039251329720632515,0.02233385536805677
2018-12-31,1,1035,0.028842565370688463,0.024093610887139925,0.0015398645813906675,0.0010265673555605575,0.02415467803569906
2018-12-31,2,1034,0.03279355618185156,0.029214291852706145,0.001912237086675779,0.0016848708486172197,0.024919497344303303
2018-12-31,3,1035,0.03225631326730984,0.029240558191388804,0.001967980317647595,0.0022308423302007927,0.02505409782537192
2018-12-31,4,1034,0.033885864002916356,0.030616926222425914,0.0021372462934765037,0.002966017685427181,0.02663217169728065
2018-12-31,5,1035,0.034398299074529536,0.02950305052641228,0.002723345686041025,0.004588812030518989,0.02624011176346394
2019-01-31,1,1024,0.018461654978040386,0.01916699575994052,0.0006741159693654774,0.0010184214784001511,0.025900850879582292
2019-01-31,2,1024,0.019281380980008478,0.019411566672452807,0.0007332682178605706,0.0015908608807862516,0.026445204322304357
2019-01-31,3,1024,0.019721235600204126,0.01969547152511808,0.0007898204361240647,0.0020651708398969097,0.026588048693152497
2019-01-31,4,1024,0.01960952617886539,0.019469853561780326,0.0008459081473051975,0.002660499409500485,0.027038062630347547
2019-01-31,5,1024,0.021915682619633243,0.01969275898116507,0.0010628483667396557,0.003876767637312599,0.02909186217339469
2019-02-28,1,1010,0.012663136549750043,0.007465096811362252,0.00035356245136556913,0.0009951548152382173,0.026442999993110453
2019-02-28,2,1009,0.013507651496023943,0.007832981508362183,0.0004054166681235862,0.001583270461627846,0.028121171890823596
2019-02-28,3,1010,0.013794665264246801,0.006188634533399375,0.0004475972149502385,0.0020618071320892143,0.02781623352586187
2019-02-28,4,1009,0.013656469279249598,0.007792397264005363,0.0004172183396720502,0.0026996096974312715,0.027560069788312023
2019-02-28,5,1010,0.015152101818345162,0.008365409940136551,0.0004962325002048236,0.003986190375636906,0.028176137018563585
2019-03-31,1,1025,0.016688717479877917,0.016498827367393505,0.0005501052466411441,0.0008925812522513971,0.025739999205368305
2019-03-31,2,1026,0.018188844545712443,0.01738438486363361,0.0006696834985190916,0.001530357394740958,0.02597057710100409
2019-03-31,3,1025,0.018226955579753696,0.018479535849154474,0.0007174276597813464,0.0020491088409255427,0.026877219414111215
2019-03-31,4,1026,0.019791578892906714,0.01870583939601426,0.0007916420222804309,0.002701703474178598,0.027327671265137923
2019-03-31,5,1025,0.019022288931175642,0.0180516365589432,0.0009124472416283598,0.004136165094222843,0.028404245515801146
2019-04-30,1,1016,0.027108058905711316,-0.02371315176988421,0.0011780360573027413,0.0009982666519997134,0.025106898332133563
2019-04-30,2,1016,0.028458781629133897,-0.0243751629583635,0.0013113234437152938,0.0015734793800506305,0.026257665716722715
2019-04-30,3,1017,0.033454096238383545,-0.03018924363494396,0.0017988521688378876,0.0020826847782713445,0.027736005029352938
2019-04-30,4,1016,0.033809836041153965,-0.030046771111702533,0.0019201399674341232,0.002758088684490988,0.028914660925235668
2019-04-30,5,1016,0.03289706797678515,-0.027768469864952742,0.001809178448627234,0.004165285200481617,0.029408281476350575
2019-05-31,1,1027,0.018891321509396306,0.017550411418337446,0.000687298556417043,0.0009840807642438173,0.025978569118800306
2019-05-31,2,1026,0.022304565546575904,0.02058920108683255,0.0009677542129049484,0.0015875064747773988,0.027868249236601784
2019-05-31,3,1027,0.02224191930709152,0.020651025044598294,0.0009116078727843728,0.0021331133035116306,0.02888367649895203
2019-05-31,4,1026,0.02269532455248136,0.021302678856845107,0.0009867786125940694,0.002814917464537839,0.029971305420124793
2019-05-31,5,1027,0.020673775261472207,0.01796685234841546,0.0009559512531306304,0.0043792133486856176,0.03133735796936677
2019-06-30,1,1015,0.017738132557309574,0.018089324092167586,0.0005819215941837688,0.0009552504380535045,0.02716014458925447
2019-06-30,2,1015,0.019218869168830095,0.018440888300310106,0.0006919133159684994,0.0014706042767429581,0.028272837865525917
2019-06-30,3,1015,0.017941826896811144,0.017153183832246205,0.0006229182375960692,0.0019159165231272656,0.029149510775348903
2019-06-30,4,1015,0.018838065241052818,0.016847131736295554,0.0007316465058997701,0.002503041027361662,0.03077558894866395
2019-06-30,5,1015,0.01935320514655276,0.017158725890092978,0.0008400244260781743,0.0038519526636351963,0.03237987695504065
2019-07-31,1,1024,0.02338601421619124,-0.019649890455838204,0.0008904764859242612,0.0008091957144895232,0.02708289559173595
2019-07-31,2,1024,0.02262964113388205,-0.018448055790940998,0.000816378817953455,0.0013331526527069378,0.027888942428906063
2019-07-31,3,1023,0.023506182496498284,-0.01948020189322099,0.000930326019988738,0.0018191226090684019,0.02933680363361462
2019-07-31,4,1024,0.024227355234903734,-0.019588596124947344,0.00097923166758952,0.0024236966307209077,0.028825707047414446
2019-07-31,5,1024,0.025134423877349807,-0.01934369701843508,0.001507738705747485,0.0037855550207937954,0.03159360772910599
2019-08-31,1,1026,0.010825510820979005,0.008944473406975812,0.00028172546434977947,0.0008757451007527795,0.028102048928690462
2019-08-31,2,1026,0.011249314697897462,0.00897013965025864,0.00027961238096939334,0.0014271828323859344,0.02908055838308586
2019-08-31,3,1026,0.011279467037294865,0.009225198501793019,0.00028448172293340065,0.0019141480558749746,0.02940405491208132
2019-08-31,4,1026,0.011870351981988676,0.008846768845201776,0.0003323608017562879,0.002552907890062713,0.030067644465964397
2019-08-31,5,1026,0.014700320866370837,0.009191151952755286,0.0005448693389107046,0.003875752673270502,0.032730516256006516
2019-09-30,1,1007,0.013668420974744884,0.011676136783882907,0.0003925843234322458,0.0008357326287293261,0.029651824948294617
2019-09-30,2,1007,0.013648585081920074,0.011535541849764207,0.00038839195712819476,0.001334273345067513,0.029449318740744142
2019-09-30,3,1006,0.014725327093813417,0.011921758482447396,0.0004692045143380678,0.0017804357955796429,0.03055457510809898
2019-09-30,4,1007,0.014311018996836558,0.011060699162358634,0.0004379923811188546,0.00236341786026479,0.031580229758467096
2019-09-30,5,1007,0.015568227841306688,0.00802533821899186,0.0006465214495146773,0.00375958812709086,0.032218249686270045
2019-10-31,1,1015,0.012831945947363468,0.012100977962033759,0.0003626246659531828,0.0008671243344940875,0.027531166112738252
2019-10-31,2,1015,0.014012658764676236,0.01229619702554808,0.0004284991210602825,0.0014163639703020246,0.027690147764883415
2019-10-31,3,1015,0.013728894836730954,0.01297199801421292,0.00044474800788028645,0.0018988277840172746,0.029140130586947515
2019-10-31,4,1015,0.014140386951994993,0.012498254010418982,0.0004634983564675223,0.0025592317241712186,0.030018937251414596
2019-10-31,5,1015,0.017167501228365203,0.014167933534634967,0.0007594507988761193,0.004027589378084479,0.03243788212298671
2019-11-30,1,998,0.018710746441252434,0.018658404789222007,0.0006610737775548527,0.0008797058916440198,0.027313920325740364
2019-11-30,2,998,0.01959306105007061,0.020110074527394887,0.0007178088492811129,0.001419598395517556,0.027891782202463803
2019-11-30,3,998,0.019523761863102486,0.019863993643187774,0.0007300881380488908,0.0018836417019323485,0.028272164055113486
2019-11-30,4,998,0.01961592153529195,0.02006833329806123,0.0007598420692716471,0.0024236184672776525,0.028389721839383403
2019-11-30,5,998,0.022214323241804734,0.022188935170621454,0.0011263520686619324,0.003842282136694598,0.03137832512901754
2019-12-31,1,1017,0.020051153179933254,-0.01287573739528739,0.0007817624076587118,0.0008583024516561379,0.024877322277991352
2019-12-31,2,1017,0.018517991915548614,-0.010419384664562784,0.0007413874722248513,0.0014019118165917522,0.025616272069424892
2019-12-31,3,1016,0.02065947623764568,-0.013026485140887138,0.0009107984547785433,0.0018950211668481865,0.02598549614673887
2019-12-31,4,1017,0.020137791754372004,-0.013049884685771387,0.0008242140479712199,0.002513283770884947,0.025509295997788305
2019-12-31,5,1017,0.01935224170267303,-0.009112315712871747,0.0008196637514739513,0.003881973254811544,0.02558277426440691
2020-01-31,1,1013,0.03802520390367718,-0.03457477566384489,0.00206779920116291,0.0008233772478698732,0.023073511129612825
2020-01-31,2,1012,0.04088033733976389,-0.0364078043870322,0.002533642696524288,0.0013772542493744298,0.02408742039570055
2020-01-31,3,1013,0.04299152745282457,-0.03950397225261964,0.0030670901437748243,0.0018598123470535128,0.025138573767323806
2020-01-31,4,1012,0.04081633314370528,-0.036647533632398685,0.0027184670818902633,0.0024901523319927313,0.02429618368290846
2020-01-31,5,1013,0.04711322275587022,-0.042104078696514106,0.005381288117786648,0.004027458442229928,0.02698924441585612
2020-02-29,1,1001,0.26353209672432415,-0.2615436094396233,0.09747207410655272,0.0009009317330633408,0.02389805389184468
2020-02-29,2,1001,0.2634391077993717,-0.2613904395054181,0.10106758365380865,0.0015073311578646209,0.024732546462597458
2020-02-29,3,1002,0.26776097819142103,-0.26568602270759484,0.1033691547901259,0.0020523272254261084,0.0246707994591737
2020-02-29,4,1001,0.26978362780730786,-0.26768876116752593,0.10522622312767865,0.002779975975546202,0.02476712645213506
2020-02-29,5,1001,0.274195673379653,-0.27087669561275857,0.11649391149897963,0.004427631056424144,0.026211217619444234
2020-03-31,1,1033,0.07318699347146682,0.06859368267172716,0.007017814862745665,0.0011054297254547596,0.08832833988046114
2020-03-31,2,1032,0.07463950124995232,0.07208420900990528,0.00736642692445307,0.001842906667661637,0.09112429763503571
2020-03-31,3,1033,0.07222566787089546,0.06555703859598198,0.007561771802853963,0.002551398192880614,0.08773179906936535
2020-03-31,4,1032,0.07362793572567429,0.06564834690217076,0.00835660905550957,0.003579118994376623,0.08647974556994735
2020-03-31,5,1033,0.09190178465736319,0.07992056698467308,0.013261911613924928,0.0057800364506496275,0.08105493533657984
2020-04-30,1,1010,0.03691578986096237,0.03486050233986323,0.00221962161597112,0.0008769544322131395,0.08906559931720648
2020-04-30,2,1010,0.03882185081240573,0.035306304481239545,0.0025498578084479128,0.0015059595035145043,0.09224831698834982
2020-04-30,3,1011,0.04076935200878553,0.037885645584892436,0.0028368508830884224,0.0020660093137854535,0.09210142140790933
2020-04-30,4,1010,0.03790218462024431,0.03531592772060591,0.002608935154541712,0.0028351202054468223,0.09229261071672754
2020-04-30,5,1010,0.042385727491750215,0.036869333806550844,0.00461816886619483,0.004649643686676146,0.08610647905054293
2020-05-31,1,1025,0.02991001451264501,0.027535693034863848,0.0016639321543585426,0.0008467623183133703,0.08816659881954576
2020-05-31,2,1025,0.033725354379817794,0.030856584844643695,0.0020887537529237395,0.0014318870219074571,0.09665989848095144
2020-05-31,3,1026,0.03563654378175678,0.03115400438977938,0.0023728600106516775,0.0020127400461153674,0.09515811854491098
2020-05-31,4,1025,0.038943490800892766,0.03589908152901466,0.0027593569987507793,0.002837572663095833,0.09953404307102877
2020-05-31,5,1025,0.04205475537193006,0.03420303475767624,0.007840105678537204,0.004533438745487751,0.09539711763455389
2020-06-30,1,1008,0.03504655755872,0.03587904119561403,0.0019403577101688428,0.0008790272351814199,0.10021811505379204
2020-06-30,2,1008,0.0359274602388887,0.03627581570337555,0.002051998513430764,0.0014785017969061885,0.09930032137028737
2020-06-30,3,1009,0.03788447171879016,0.03742227661716443,0.002350203098020737,0.0020510441400896353,0.10283551719259318
2020-06-30,4,1008,0.03575822229705792,0.03616266825657288,0.002154840135521696,0.0028129827623895273,0.0984282696686596
2020-06-30,5,1008,0.041783121096215715,0.04217182261463821,0.005602243054652611,0.004503491376208191,0.09255283052964056
2020-07-31,1,1009,0.01683276571868072,0.0024093657213419433,0.0005276997982108144,0.0009208204862676607,0.0900130722589641
2020-07-31,2,1010,0.016627176051697095,0.006149333209161863,0.0005369670653489661,0.0015181838558418308,0.09572911110052205
2020-07-31,3,1009,0.016590252713791036,0.006149621206381644,0.0006129595831600515,0.002133037678827818,0.09934604441774395
2020-07-31,4,1010,0.0166018866135665,0.007659174901317162,0.0005509175944883896,0.002935181741692673,0.0987635259153444
2020-07-31,5,1009,0.018500838035467555,0.013145827507387376,0.0010452106300411056,0.004597729085892074,0.10158215682497329
2020-08-31,1,1012,0.016975029827261384,-0.00753540623105372,0.000565110715236123,0.0009958392609217626,0.09507174809815815
2020-08-31,2,1012,0.01560425960372963,-0.008019334861978408,0.0005138435248148689,0.0016489950315179624,0.0992224784599557
2020-08-31,3,1011,0.016499166695333727,-0.008017946737382726,0.0005376368692346661,0.0022015459567388943,0.09627634032764594
2020-08-31,4,1012,0.01730353665193611,-0.007922832054872753,0.0006448974785174373,0.0029589713690422012,0.09381323785768772
2020-08-31,5,1012,0.01712417330008914,-0.005957647705695074,0.0006672875476271042,0.004664425993325782,0.1010646808960109
2020-09-30,1,992,0.0187914813976816,0.017905674071630896,0.0006576520657679904,0.0009581556747480536,0.1007613805262097
2020-09-30,2,992,0.0182680248971077,0.016108939755374575,0.0006709049463994955,0.0016161099423070912,0.09577554231540286
2020-09-30,3,992,0.017827238615975266,0.015731128707421528,0.0005979931044828204,0.00221682515303533,0.09594076481232808
2020-09-30,4,992,0.018525561056545917,0.01639128451172896,0.0006952045128931746,0.002992715886027008,0.10533302879655639
2020-09-30,5,992,0.020726789096931684,0.018637341080002735,0.0008694754663513415,0.0047059059754576546,0.10978566950237918
2020-10-31,1,1045,0.03186762137735881,0.03272679644107928,0.001682444706214468,0.0008707445364638011,0.08610940462887863
2020-10-31,2,1045,0.03506256430807282,0.036264794816025736,0.001964455069626914,0.0014460587457436407,0.08761923492554234
2020-10-31,3,1045,0.03423972734000542,0.03507013266644904,0.0018635513178569775,0.0019822847785154517,0.0908556474350686
2020-10-31,4,1045,0.035104797992175495,0.03633810868141415,0.0020165061174804502,0.0027000249190751533,0.08998598133730816
2020-10-31,5,1045,0.043894563524060154,0.04379557623298456,0.0030909106907473657,0.004337263097518373,0.11029192058328151
2020-11-30,1,1034,0.019763480307940104,0.018837227090097216,0.0007322669727866652,0.0009614452140639682,0.09256472889624746
2020-11-30,2,1034,0.018997509418206254,0.017865761329284354,0.0007139723783785535,0.00154029599037177,0.09523169622904695
2020-11-30,3,1035,0.018999442148705532,0.018017291979506276,0.0007431666583432716,0.0020816177067134235,0.09841553805899571
2020-11-30,4,1034,0.019929696089908234,0.018944390295630133,0.0008747520236155823,0.0027687711028623616,0.09934232882325836
2020-11-30,5,1034,0.02155626201741108,0.019147850079395505,0.0011331498850671309,0.004193046982788829,0.09902511050399052
2020-12-31,1,1088,0.013688730622130428,0.006296841688401187,0.00040559956074160476,0.0009214341035178597,0.08303860330160216
2020-12-31,2,1087,0.013868776752515808,0.0040849279536062525,0.0004047045631667113,0.0015432247631805376,0.08935287160788616
2020-12-31,3,1088,0.014121296065510396,0.004031543019249619,0.0004317643816442057,0.002133219712872114,0.08813394236680593
2020-12-31,4,1087,0.014544961330217923,0.0036631964272248094,0.0005015724459632318,0.0028603994647958234,0.09246838590879762
2020-12-31,5,1088,0.014834042031947181,0.003941035720351786,0.0005379159243751807,0.004358184008348224,0.09706528941033901
2021-01-31,1,1093,0.015750757465273157,0.013066256974912389,0.0004683123653108701,0.000856766367002418,0.08158791360842295
2021-01-31,2,1092,0.01592703821118192,0.013085241622478854,0.0004974023381698621,0.0014100106106877148,0.08887761838143271
2021-01-31,3,1093,0.017486925003033945,0.015040296361781018,0.0006095696451825209,0.0019631906670579025,0.08855242930921714
2021-01-31,4,1092,0.01902176861836027,0.015930742066089413,0.0007223832385094579,0.0026543561161134406,0.0889855353252277
2021-01-31,5,1093,0.019795148021941614,0.0155864386867339,0.0008095560653359885,0.004134746018785173,0.09542952454472667
2021-02-28,1,1079,0.015038512386620469,-5.046555828723068e-05,0.00040876420384807735,0.0009511932663473452,0.087108991482915
2021-02-28,2,1079,0.01498344209977475,-0.0010307775449799783,0.0004212957298375177,0.0015611927812776145,0.08670027257468114
2021-02-28,3,1080,0.014643399026532873,-0.001081073306012412,0.00042509441583204034,0.0021381618448805834,0.0887230355058676
2021-02-28,4,1079,0.014751221525077561,-0.0032420658001846158,0.00042266991497184376,0.002901862132817912,0.09171775180917281
2021-02-28,5,1079,0.01700411539298403,-0.0031740594981998884,0.0007296392881853004,0.004566706057760603,0.10259757131841563
2021-03-31,1,1100,0.014157536590428765,0.011412907510516974,0.00041691052922886076,0.0008806790449862923,0.0340977750034414
2021-03-31,2,1100,0.014594164407362319,0.012124598940476558,0.00042319498582879485,0.0014961146713732957,0.03453420931660983
2021-03-31,3,1100,0.01461268313830402,0.011550913611982568,0.00042862530313540867,0.0020539534789734606,0.03369470991555789
2021-03-31,4,1100,0.015461836108626408,0.012406415913481562,0.0004729216036796815,0.002749093561750054,0.034824767652015524
2021-03-31,5,1100,0.014996403500237428,0.009460391385953037,0.00048820795198983613,0.004198697082212651,0.03440747619592875
2021-04-30,1,1088,0.010849880952153923,0.006875638935142928,0.00024419125584296345,0.0009957663131025432,0.029001308220527655
2021-04-30,2,1089,0.011331621416913028,0.008214720619217814,0.00027075812471026475,0.0016523084451612598,0.029152508140338033
2021-04-30,3,1088,0.011414691149485786,0.0069542372266996,0.0002620797726512039,0.0022439919517000325,0.028614122754458213
2021-04-30,4,1089,0.01161393799621754,0.006385320295922403,0.00027672620625895727,0.0030121531982747187,0.02785134123168814
2021-04-30,5,1088,0.011407066344022707,0.004971293011053871,0.0002620960277337345,0.0045739742998761835,0.02786669223243545
2021-05-31,1,1100,0.016312825088766657,0.015411153168944028,0.0006355898419822267,0.0010230667850342594,0.025198432519135998
2021-05-31,2,1101,0.016747470498410848,0.015756157789805526,0.0005945058990449396,0.0017014971153058694,0.025130803722021464
2021-05-31,3,1100,0.015574525547647511,0.013981741335043228,0.00050283596086114,0.002319619280660964,0.025361953324728608
2021-05-31,4,1101,0.01567694910438414,0.013283975523875686,0.0004727359430738476,0.0031303893956193866,0.025605669725536004
2021-05-31,5,1100,0.017087287018505305,0.014134363595807041,0.0005824232723879956,0.004906723666212779,0.0261108314129532
2021-06-30,1,1086,0.011592714812928688,-0.005149028618913487,0.00022391832210079106,0.0008739461194584616,0.02363140797891492
2021-06-30,2,1086,0.011599647726562395,-0.005196045544136763,0.0002464327302720576,0.001464268710220879,0.023324924727308103
2021-06-30,3,1087,0.012250344083131842,-0.006252741243013073,0.00027219890000955064,0.0020387294802749825,0.023649753159489775
2021-06-30,4,1086,0.012026618985492843,-0.006174815754911498,0.0002877242164118623,0.0027965181473100583,0.023628921271487392
2021-06-30,5,1086,0.014004665420262139,-0.009268859357924,0.00037488842747462604,0.00461180013548021,0.026547123640058685
2021-07-31,1,1096,0.010551225357888334,-0.002713113237415154,0.00021026107324738773,0.0008088287999025079,0.02217325539875288
2021-07-31,2,1096,0.009857733285513166,-0.0020877268696355453,0.00016933418185863347,0.0013488965878111806,0.022117491882404625
2021-07-31,3,1096,0.010269259218599947,-0.0017689511449028225,0.00021217465978242293,0.0018674272296935056,0.021417276696639696
2021-07-31,4,1096,0.010866505764183005,-0.001106517579139281,0.0002611866591198314,0.002568797193957823,0.0215854501797644
2021-07-31,5,1096,0.010848570700582746,0.0007987051339824595,0.0003181693337785535,0.004156755088007481,0.02242614407740584
2021-08-31,1,1092,0.010986258045787962,0.009392896333867992,0.00025631778101586634,0.0008838563365970156,0.02168747326033574
2021-08-31,2,1092,0.011558798843571675,0.010040238329076181,0.00035062482017116054,0.0014872534373463263,0.02168259897897899
2021-08-31,3,1093,0.011874639241657063,0.01009815682093679,0.0003182428556016175,0.0020495026134928897,0.02148167348657072
2021-08-31,4,1092,0.012424548383917614,0.010652627425300595,0.0003384588103623896,0.0027725316207361157,0.02190448583898514
2021-08-31,5,1092,0.01215388319477244,0.009615198762231148,0.00031121376416500554,0.0042449956065077794,0.021941894172387292
2021-09-30,1,1074,0.010514341306817292,0.004683450309853614,0.00022501226551636957,0.000883023768780109,0.021562283055025475
2021-09-30,2,1075,0.010871099349379883,0.005338052510467309,0.0002497813684384063,0.0014541362631434686,0.021581299667163326
2021-09-30,3,1074,0.010052790662153446,0.0051792259631443915,0.0002159827994518484,0.001964339769034779,0.021820511814537227
2021-09-30,4,1075,0.01099850365848955,0.00574997260745413,0.00028486289055088096,0.002645389935159829,0.021154473331896854
2021-09-30,5,1074,0.010070062160961154,0.004419611659244802,0.0002649580772092117,0.004189445747734449,0.02064465013448819
2021-10-31,1,1095,0.031309076353490076,-0.02824938054721203,0.0013016139416008213,0.0009113206951564337,0.020103551748044273
2021-10-31,2,1095,0.030953478915798603,-0.027862329517605984,0.0012778436071708553,0.001551621855849008,0.020707696352046483
2021-10-31,3,1094,0.02867670410769475,-0.025661546176919733,0.0011715545449881956,0.002120351295663961,0.020537577103705587
2021-10-31,4,1095,0.02910018425745124,-0.026514675961642583,0.0012028457896837257,0.0028479570670184614,0.020117972934807608
2021-10-31,5,1095,0.025734948571923037,-0.022167478796330145,0.0010104658451234848,0.004372447184785933,0.019345103530899858
2021-11-30,1,1082,0.016775727807002455,0.014437269445813757,0.0005840523234772037,0.0009237078819407165,0.0179353131642738
2021-11-30,2,1081,0.01564747086403703,0.012331064334180084,0.0005520211218127694,0.0015956904303102758,0.017738406913448534
2021-11-30,3,1082,0.016724636912213486,0.013542211456441659,0.0005825082071061381,0.0022195948802056337,0.017804765464576596
2021-11-30,4,1081,0.017469640104861933,0.015138040929551547,0.0006911407049833129,0.002996804280531822,0.0183323583364811
2021-11-30,5,1082,0.017223742124271132,0.011882311758584629,0.0007854523806014451,0.004628797898757699,0.017401123353012606
2021-12-31,1,1101,0.02544957929969209,-0.02168074077276498,0.0009445726352578838,0.000878082914641244,0.020325689170296007
2021-12-31,2,1101,0.025269697098612997,-0.021245427142801105,0.0009717465189550826,0.0015039429752884644,0.020342611913939837
2021-12-31,3,1100,0.025212843318567945,-0.020602966046743942,0.0009780961406950811,0.0021058799751308265,0.020770665842571902
2021-12-31,4,1101,0.024323176124317534,-0.020354246093240914,0.0009987311610882698,0.00287321237303345,0.01987304045223545
2021-12-31,5,1101,0.023717016648571766,-0.020486862652384308,0.00105406935089061,0.004592776717246164,0.019182355365662453
2022-01-31,1,1099,0.03324147764737764,-0.029583995321965113,0.0014426384492596206,0.0009123798492313128,0.02225617459668653
2022-01-31,2,1100,0.031223281638339873,-0.02718650533780667,0.0013479920948714893,0.0015544539214877866,0.021419892049847313
2022-01-31,3,1099,0.030479003489137235,-0.025804750519389207,0.0012897111360353987,0.002089151397950881,0.021177638428638457
2022-01-31,4,1100,0.030201987601664447,-0.02523828807583248,0.0012578456283536467,0.0027480324868986486,0.021458745826319143
2022-01-31,5,1099,0.027322111272337742,-0.020666419683212627,0.001189855964791625,0.004269572747295197,0.020430835561996777
2022-02-28,1,1089,0.02182304652454592,0.018206216799475254,0.0008639355815014208,0.0009139615000646333,0.022249593689920116
2022-02-28,2,1089,0.021569844684993827,0.01656786553730912,0.0008526932744874629,0.001486836395980401,0.022083558980554734
2022-02-28,3,1088,0.020615892972690977,0.01583052036264288,0.0007929769387970903,0.0020105171467361045,0.02039294260149189
2022-02-28,4,1089,0.020602347214106642,0.014303193045674631,0.0007842992058237593,0.002648585030758894,0.020785008569069445
2022-02-28,5,1089,0.02315480477403781,0.01400312205688753,0.0010261592335522652,0.0041841709506351046,0.020797764067165884
2022-03-31,1,1107,0.03502298908213953,-0.03130580002970301,0.0016680223145282697,0.001011935411723517,0.024075367806496255
2022-03-31,2,1108,0.03397904865274454,-0.030323765272077505,0.0015728836183431178,0.0016826290787158645,0.023708314347742714
2022-03-31,3,1107,0.03310107705407897,-0.02909093867622768,0.0015501145137256434,0.002289180420170264,0.023504215441064586
2022-03-31,4,1108,0.034113943749677564,-0.029988210535356753,0.001954438363178393,0.0030900815027751567,0.023515089821212528
2022-03-31,5,1107,0.03324705811753284,-0.028188980518295614,0.0016848094512581352,0.00475996504753298,0.022929685109456054
2022-04-30,1,1097,0.01849845675802195,0.0029643873966444596,0.0006457019599670874,0.0010246882332779815,0.024180047252780737
2022-04-30,2,1097,0.017609966801765554,0.004357033242322044,0.0005492235629596288,0.0016753660951677274,0.02416653904943123
2022-04-30,3,1096,0.017548516363827295,0.004009200486022704,0.0005803477806804312,0.0022476020636221935,0.023752920073428815
2022-04-30,4,1097,0.018573605622141488,0.00484323053768636,0.0006505060013189603,0.002965717891514764,0.023974610103370795
2022-04-30,5,1097,0.019834366601893354,0.0038236421148337874,0.001085692375183795,0.004500496250344813,0.022866097845655277
2022-05-31,1,1107,0.042371757521009114,-0.038041163080577194,0.0032171405305177867,0.000998173397734115,0.02510950137672107
2022-05-31,2,1107,0.04155493282274839,-0.037843633164757536,0.002838545751905074,0.0016404118402092555,0.025187494265585253
2022-05-31,3,1106,0.04041559485302187,-0.03585965240649891,0.002708274060087361,0.002247179432336343,0.024947082649945617
2022-05-31,4,1107,0.03799458770876123,-0.034097282497296474,0.0025651908310694296,0.003012747007720245,0.02536134863941817
2022-05-31,5,1107,0.03958722430201073,-0.036316655728899326,0.0029853992219319846,0.004653743379435304,0.027636970707769836
2022-06-30,1,1095,0.025320262714028936,0.024425977632701323,0.0011368403493253586,0.0010097952535942768,0.02553505411769388
2022-06-30,2,1096,0.025532100300247097,0.025065884088681628,0.001169787077725154,0.0016371041642481677,0.024957818908776744
2022-06-30,3,1095,0.025112357804950063,0.02462800924543166,0.0011565231900520884,0.0021730823811065897,0.02486267977398704
2022-06-30,4,1096,0.02786314220858103,0.02748854525844451,0.0015217762009087689,0.0028554467898208057,0.025679111776796694
2022-06-30,5,1095,0.03227424031242739,0.03054677728748536,0.002136704366458104,0.00431890902574908,0.027504670536735536
2022-07-31,1,1109,0.01498433030561814,0.009682678279082797,0.0007518166096979499,0.001003189796999387,0.02762984020360603
2022-07-31,2,1109,0.016340849581181302,0.00931389035588002,0.0006390305683608905,0.0017089021096815071,0.029107697281075557
2022-07-31,3,1109,0.01525026868910933,0.007920635697218032,0.0005115019409757852,0.002337674561824586,0.028634275549176275
2022-07-31,4,1109,0.01623706080733583,0.006772032851077654,0.0006502026974740471,0.0031165849610055164,0.029633678693976952
2022-07-31,5,1109,0.0174439712230624,0.004558754696871473,0.0008578110996021318,0.004725071746463859,0.03246496224495276
2022-08-31,1,1110,0.025376883229445275,-0.02177679541960347,0.0008572594426087432,0.0009535823070579275,0.02888513553562807
2022-08-31,2,1110,0.02596226944477831,-0.022252303907261774,0.0008949087657759967,0.0015754652929774644,0.029465017351961838
2022-08-31,3,1109,0.02586024763944087,-0.02178226679033565,0.0009521091420107837,0.002160006575641098,0.030239816633203947
2022-08-31,4,1110,0.02676906855969401,-0.02060815168731039,0.0010987895055933926,0.0028574841143245177,0.03070020172018162
2022-08-31,5,1110,0.02587036090996746,-0.021085389648778638,0.0010367773808568272,0.00433280086783286,0.03219724962210578
2022-09-30,1,1101,0.019488505855801416,0.013748929953014738,0.0008402294227787691,0.0009613832275943503,0.02970890265474465
2022-09-30,2,1100,0.0196843539581477,0.014876716132447737,0.0008045848330144642,0.00153723719520572,0.030287490982628496
2022-09-30,3,1101,0.020615943786740965,0.015936213023482665,0.000877941530289537,0.0020467318925542206,0.030779836390889354
2022-09-30,4,1100,0.021821864359448325,0.017305583840084595,0.000964454756810308,0.0027280115036416256,0.031537979999981675
2022-09-30,5,1101,0.025186757480360155,0.017092620015102544,0.0014728789970167094,0.004222569416391815,0.03278921409996915
2022-10-31,1,1117,0.031443030913669345,0.030789133264212003,0.0014327369838698892,0.0009207273815365444,0.029107311129383612
2022-10-31,2,1117,0.03200426400077508,0.031152023538392283,0.0014763607576780285,0.0014878680589052425,0.030885884794697758
2022-10-31,3,1116,0.03250752063233318,0.03172819175953371,0.0015287361486412186,0.001976676709765388,0.030166459480727454
2022-10-31,4,1117,0.034002866733350616,0.031079470938967495,0.0016768734120447737,0.0026460564254389978,0.032255976329741254
2022-10-31,5,1117,0.03581364639963772,0.031757064323593064,0.0018693378780282874,0.004209821203034733,0.03455518963310075
2022-11-30,1,1109,0.015980565171860042,0.008396615490328899,0.0004807258045279413,0.0009358616120457338,0.030019585611506267
2022-11-30,2,1109,0.016328548513983836,0.008222040619850839,0.0004760871659266339,0.0015499941844527444,0.03126256728848653
2022-11-30,3,1108,0.015694582302248544,0.00957265241054515,0.00045136339570982437,0.0020853721255743663,0.031357244847600475
2022-11-30,4,1109,0.01636097277356719,0.00973967872667097,0.0005386975178780825,0.0027500268862849383,0.031287744256365574
2022-11-30,5,1109,0.017328769301717898,0.0075591828096653,0.0007116906869780233,0.004201730860486986,0.03397460257526307
