signal_date,quintile,n_bonds,mean_abs_error,mean_return,mean_squared_return,mean_disagreement,past_volatility
2005-07-31,1,570,0.004975758680184143,-0.0024424385758928173,9.99679719861273e-05,0.0008731402381440929,0.008232093685742268
2005-07-31,2,570,0.006257023627930308,-0.0028560000214303983,0.00012224312796042038,0.0014567365793730406,0.008992294880458938
2005-07-31,3,571,0.008139900786622281,-0.004063204886483658,0.000319468929480543,0.002032279007543125,0.010612109185525456
2005-07-31,4,570,0.009420107098791522,-0.004226894731880492,0.0002573015440450989,0.002848224287293819,0.012436249646056791
2005-07-31,5,570,0.017435802327584606,-0.008397719338704758,0.0015547783207564656,0.004792782161273742,0.02252077933944114
2005-08-31,1,565,0.004120893618242705,-0.0011198230004502126,5.703320426248723e-05,0.0008804505328817479,0.006182841439144573
2005-08-31,2,565,0.005656710752736782,-0.0010395929489961612,0.00026366973311995717,0.0014402376063434937,0.009090306124899
2005-08-31,3,564,0.0065499383433914975,-0.0016459219761006823,0.0001724247004265881,0.0020018736785289075,0.012023367803696585
2005-08-31,4,565,0.007352468777472029,-3.752211145247926e-05,0.00018669776314773619,0.00277401567748835,0.012602157285439368
2005-08-31,5,565,0.01513159479018282,-0.0037578584410678244,0.0019563908383274206,0.004620864704577926,0.02386038441621918
2005-09-30,1,553,0.0038096394812178343,-0.0006927848140716786,4.89777383263711e-05,0.0010078212783308064,0.007013221547735866
2005-09-30,2,552,0.005498042762397954,-0.0010488043311707388,0.0001528795283592603,0.0015787070031966235,0.009218125159950522
2005-09-30,3,553,0.006909617083718151,-0.0026169801085498346,0.00028457377870600694,0.0020788759953207408,0.01144744389135762
2005-09-30,4,552,0.006453246802347573,6.7572641785153644e-06,0.00018462837150476312,0.0028688255112976967,0.012967393143925136
2005-09-30,5,553,0.012145624300785618,-0.003034068713943343,0.0004601574811114538,0.004625495990344374,0.02022832738744825
2005-10-31,1,565,0.00372927501710376,0.0005165309830031984,4.978435121362096e-05,0.0008563075427019246,0.007664536106558762
2005-10-31,2,565,0.006087350526694522,-0.0016431327377764335,0.00017154732503045083,0.0014873075527631363,0.0094220749742346
2005-10-31,3,566,0.0058220785494668,-1.261485372502365e-05,0.00015498584634362038,0.00201373387285493,0.010576705951600918
2005-10-31,4,565,0.00836362274468416,-0.0006101062128050417,0.0006413351883747465,0.002734078176650281,0.011991124116053487
2005-10-31,5,565,0.017258801065507267,0.00042709732026148143,0.0020670294593060305,0.0044276606737259925,0.01941579743036738
2005-11-30,1,553,0.003041608232133503,-0.00025994574551021756,2.3616916718562882e-05,0.000869318422631457,0.006413019060088072
2005-11-30,2,554,0.004834023767430166,-0.000650523469607587,6.752641357601353e-05,0.001475719517095009,0.00918754070844308
2005-11-30,3,553,0.0059268138733000525,0.0010197649227312003,0.00015326588428265012,0.002028907727563752,0.011055696183387686
2005-11-30,4,554,0.005699087592572464,-0.0007383934825540911,9.756519729819137e-05,0.0027709038400475865,0.012574043185818127
2005-11-30,5,553,0.01253510658689398,0.00011698008763691652,0.0009968716892463246,0.004441234233841608,0.01978224515598742
2005-12-31,1,562,0.0033084113405831652,0.001157775798703395,5.306582615537414e-05,0.0008850119673230395,0.006022612582278361
2005-12-31,2,562,0.00565853869030805,0.004207188611098415,0.00016059638296004155,0.0015043099878722466,0.008747088092761679
2005-12-31,3,561,0.008540777100337965,0.006828966152627503,0.0003753143519662485,0.002065587696251212,0.010556210147108325
2005-12-31,4,562,0.011611839223390858,0.0084080249382874,0.0006233761064426172,0.002749316443413986,0.01388051585972438
2005-12-31,5,562,0.012462798180291985,0.009150943026249359,0.0009723406246814556,0.004410877235495417,0.01757399042312469
2006-01-31,1,563,0.0032958216953379153,0.002368685611894904,5.092454889028681e-05,0.0008616416330618562,0.006225316814656451
2006-01-31,2,563,0.004315380269625318,0.0034702664242642163,4.9905794374004006e-05,0.0014624673160009833,0.008483439418718031
2006-01-31,3,564,0.005754497286617332,0.0037603546061936157,0.0001292484989423351,0.0019800631082470114,0.011028069956294913
2006-01-31,4,563,0.007410701430166828,0.0037141740294973588,0.0002135431704505489,0.0026805668021812534,0.014049276120765508
2006-01-31,5,563,0.012162158845189256,0.0058590230900906135,0.0007421543353679851,0.004433430040591205,0.018565467179985303
2006-02-28,1,554,0.002850509162207124,0.0008617508900559331,3.774928511514906e-05,0.0008611315189980293,0.006514028325950735
2006-02-28,2,554,0.005456998207452591,0.002977924191882365,0.00014829298310330992,0.0014739504336112946,0.009059037556378635
2006-02-28,3,553,0.005985486891473699,0.003707504504086377,0.0001595623420279876,0.0020013607031791154,0.011198612532542299
2006-02-28,4,554,0.006416598001756321,0.0043973465737757915,0.00022656855926400624,0.002698920989744277,0.012039978584143216
2006-02-28,5,554,0.014231404383452299,0.00816014445282836,0.0010246079420945626,0.004447037204854694,0.018256772152755743
2006-03-31,1,564,0.003567823545175007,0.001137659596144065,0.00015357417088042967,0.0008890645048715355,0.005436448715691152
2006-03-31,2,564,0.00418794092790781,0.0015879964529960217,7.600473168774604e-05,0.0014647685167950674,0.007614041351060086
2006-03-31,3,563,0.005197010771106922,0.0031600000077416476,8.441927328836125e-05,0.002067845635110458,0.00934459440723779
2006-03-31,4,564,0.005945988961017497,0.0033393794161990322,0.0001063747465633248,0.002859014965682693,0.013053151941816122
2006-03-31,5,564,0.012314674720836579,0.00954769500975167,0.0009448816255720956,0.00448974005055117,0.016641275836712217
2006-04-30,1,558,0.003097323512384203,-0.00010863800181601052,3.804913713171535e-05,0.0008423164218333705,0.0051555303626947884
2006-04-30,2,558,0.004035013748611237,-0.00069197133776848,6.367656794660905e-05,0.0014473780015889094,0.0070880727074892885
2006-04-30,3,558,0.0058569426653830164,-0.0010639247390817443,0.00011049723398797672,0.0020599048171499484,0.008656914908561478
2006-04-30,4,558,0.006655115171247216,-0.0022363978592517425,0.00012635944741947635,0.0028662243820164403,0.010270676812106047
2006-04-30,5,558,0.010050823517644893,0.0017557706238632467,0.0005390706838054582,0.004702015335613618,0.016797231044557544
2006-05-31,1,563,0.0036021110640059003,-0.002030710479147198,3.9994326652775294e-05,0.000872865537101883,0.004684811748097043
2006-05-31,2,563,0.0056231497196821125,-0.0034854174069360315,7.977435020358134e-05,0.0015069277744989762,0.006994694139275151
2006-05-31,3,563,0.0068090773149291515,-0.004656465359278839,0.00010394552059919638,0.0020771410075630064,0.008471877018552756
2006-05-31,4,563,0.007820483167055942,-0.004624973362526562,0.00013113010930219175,0.0028069225065612334,0.009861100540651502
2006-05-31,5,563,0.01057148325654741,-0.0031518117377497185,0.00025155959735257994,0.004474918945258903,0.016039715073109855
2006-06-30,1,552,0.002541612816329618,0.0005560507420736742,5.8221691760948535e-05,0.0008502540043085188,0.004296973176896607
2006-06-30,2,552,0.004888560595949443,-0.0019088043548211883,0.00021098732829667909,0.0014507234235615132,0.006191766559089272
2006-06-30,3,553,0.005084682172979616,-0.0003634177030032167,0.0001232628158565126,0.002040034306984524,0.007715841201319235
2006-06-30,4,552,0.00865303017220364,-0.0029946920731360833,0.0005961574238541533,0.0028237264246399685,0.009948970901959845
2006-06-30,5,552,0.011573305566912995,-9.302534501488401e-05,0.0008787489770139375,0.004692592653364788,0.01722258798493279
2006-07-31,1,565,0.0028591971297677416,0.0007888495574130438,3.548799948509261e-05,0.0007144385498162606,0.004517817200233453
2006-07-31,2,564,0.004423035786400378,0.0007718617077076256,8.010760672247045e-05,0.001273226210925665,0.00598184364258117
2006-07-31,3,565,0.004489181440849239,0.0011329203599070269,6.466543994312496e-05,0.0018111801217337697,0.007057217578393402
2006-07-31,4,564,0.005732030945875457,0.0002521631184221573,7.729660744079425e-05,0.0025144531703573812,0.009652595918199742
2006-07-31,5,565,0.012790646132246843,0.0008431504161300063,0.0006444138557568982,0.004122153566656747,0.01662410579321931
2006-08-31,1,562,0.0025512544742511845,0.0013826334470779646,2.6502613323694835e-05,0.0007194234672707992,0.00438866203898472
2006-08-31,2,562,0.003358435000638294,0.0012015658415154553,3.5314953934080736e-05,0.0012348955745582096,0.006068799046899633
2006-08-31,3,562,0.00355063716440305,0.0017644128173648639,3.718859601562098e-05,0.0017612549598829612,0.0072900392706175135
2006-08-31,4,562,0.00509384580675063,0.0018210320272292876,0.00012024652485843914,0.00244404334764029,0.008205543192660262
2006-08-31,5,562,0.010302811589460465,0.0012436477234366982,0.001154417434944911,0.003951325994846335,0.0169718815691473
2006-09-30,1,557,0.002943975477774714,0.0024520646255096873,3.2710708859835905e-05,0.0007260338086818307,0.004571745113662936
2006-09-30,2,557,0.004516310168677777,0.0032897666053776147,6.875471706099034e-05,0.001243077667879176,0.006466278261574303
2006-09-30,3,556,0.006011236846005364,0.0038726258877929253,0.00014363951983586184,0.0017433091701487611,0.008063055496701433
2006-09-30,4,557,0.006981708109547881,0.004317199278274246,0.0002081630999078703,0.0023479760227547797,0.008027239072206418
2006-09-30,5,557,0.010499184591952237,0.004966193833925267,0.000586795019811155,0.004024356864240257,0.015283871177825868
2006-10-31,1,569,0.003027950928009927,0.0025384885766422736,2.9845596586953443e-05,0.0007290080624418598,0.0049916322254979625
2006-10-31,2,570,0.003953442436321347,0.0025856666815870038,6.087175766498065e-05,0.0012382926878785963,0.006376708429694506
2006-10-31,3,569,0.004962181821687306,0.0024249736280870004,0.0001634166558548511,0.0017541804119611951,0.007922958635245687
2006-10-31,4,570,0.006167896636507445,0.001514017526744538,0.0005436805229743919,0.0023329666498953395,0.008562149260102798
2006-10-31,5,569,0.009702181523791261,0.005013971872615868,0.0008516789722569278,0.004028030123428162,0.014094594608225713
2006-11-30,1,560,0.0044168664687244275,0.003175482149286576,8.33417628752685e-05,0.0007677301429004228,0.005093080175686431
2006-11-30,2,560,0.005463750615492439,0.004518660704992986,0.00012239860745635422,0.001314112133753018,0.006178167260705873
2006-11-30,3,561,0.005874513270840645,0.004610071315210088,0.00012715692476804457,0.0018165009503315888,0.006200515069191231
2006-11-30,4,560,0.006409389361057176,0.005477071447467096,0.00019390328520118354,0.002437439523302021,0.007211134479399869
2006-11-30,5,560,0.01220077723833135,0.011454107126012657,0.00043734164102279864,0.004195489598488889,0.015062202845967652
2006-12-31,1,568,0.004217212734760201,0.004166426049861501,6.479635071728851e-05,0.000759982770659287,0.005068090927192087
2006-12-31,2,568,0.004610079898765514,0.004033362663289103,7.38182250598015e-05,0.0012944759261463194,0.0059824452575768985
2006-12-31,3,567,0.005336984279287637,0.004552398588315061,9.34905821617274e-05,0.0017720760086075012,0.006843206004561488
2006-12-31,4,568,0.005483408698620208,0.003865088027479532,8.829119128882648e-05,0.0024177665936169603,0.007645950803606155
2006-12-31,5,568,0.011103862775417089,0.009989172563199273,0.00041054714374443664,0.00418230278231213,0.013465784544044396
2007-01-31,1,565,0.0036512795908626044,0.0004853274420947372,4.94798640170128e-05,0.0007473228746557063,0.00493391522745208
2007-01-31,2,564,0.003898059623980542,0.00037420213662853907,4.947280314513905e-05,0.0012786652997586606,0.005807684607583487
2007-01-31,3,565,0.006285891381397353,-0.0008784778768493407,0.00039251061210596893,0.0017950695500362078,0.0077514739041917875
2007-01-31,4,564,0.005508192375278483,0.001404964552962833,8.112396264267024e-05,0.002460828135071256,0.00807288871313887
2007-01-31,5,565,0.007914196086788193,-0.0010679645901154396,0.0001398196062025637,0.003972791246271849,0.011484143117798728
2007-02-28,1,551,0.005146477737042795,-0.0014053357732805513,8.800869793108757e-05,0.0007516590165561751,0.005255856729463869
2007-02-28,2,550,0.005385304052254198,-0.0014436545325654812,8.458330071021968e-05,0.0012765238003950026,0.005733995581150832
2007-02-28,3,551,0.006227763429777285,-0.0016787840492597983,0.00011795614313478211,0.0018068914321351214,0.007580070320919839
2007-02-28,4,550,0.006430778943779921,-0.0017845272705215558,0.00015010983567442226,0.002484049991432894,0.008719609993118363
2007-02-28,5,551,0.007813967950727207,-0.0028031941996440467,0.00020917811572168218,0.003915702367632439,0.010784370848831496
2007-03-31,1,563,0.0034324577066336378,0.0012646714052442646,3.7045256934337354e-05,0.0007864144946506924,0.005316019477604446
2007-03-31,2,563,0.004801059098852719,0.002634849022432335,0.00010903833785407869,0.001384268809100157,0.006389866641749068
2007-03-31,3,562,0.005349146832450296,0.003898096088546012,0.000331150472297372,0.001934575723498901,0.007903551844761584
2007-03-31,4,563,0.006654499304827792,0.0027656660661529164,0.00019119074356677883,0.002642576923433722,0.009259397506804047
2007-03-31,5,563,0.008650952776231074,0.005247388971305422,0.000687327736719315,0.004261632066154618,0.009628771380417038
2007-04-30,1,553,0.004577474817233473,0.0038255515362137222,8.475557715223965e-05,0.0007169999027833503,0.005470458960619119
2007-04-30,2,554,0.005151314437326337,0.003765162454174356,0.00010182451479130317,0.0012392942363893909,0.006705505472686897
2007-04-30,3,553,0.008278350386208935,0.006946708872202455,0.0011460385296734846,0.0017435797354020963,0.008002499311712397
2007-04-30,4,554,0.006114860326124236,0.005023700348330079,0.00012444962466520685,0.002418954787240697,0.007970218119587629
2007-04-30,5,553,0.011132443098622505,0.009733598583183855,0.0007423714482510578,0.003983550571063532,0.010485960086676687
2007-05-31,1,563,0.005522313239327301,-0.0034534635729226533,8.133730534210075e-05,0.0007583956853999606,0.005141965460708671
2007-05-31,2,563,0.006939382887316557,-0.004844511533199977,0.00011901921589814836,0.001309406084161277,0.006572527735973743
2007-05-31,3,562,0.009101884092025723,-0.00446822066787135,0.0006911992902497828,0.001805140912621019,0.008083796651088463
2007-05-31,4,563,0.008686416314196393,-0.00646229130819731,0.00019920187747568234,0.0024434707438530765,0.007548372005346193
2007-05-31,5,563,0.014124241367225787,-0.009663410346586378,0.0009054593323769752,0.0039339866567528955,0.011656683698573636
2007-06-30,1,551,0.022109229350931917,-0.02065059891948128,0.0009018454143157412,0.0008503805380422605,0.006106860426208534
2007-06-30,2,550,0.023785632549984618,-0.022220800025858228,0.0011102903133351726,0.0014510125046932343,0.00644690305286899
2007-06-30,3,551,0.024538385126730396,-0.023502123413882987,0.0012800618960946916,0.0019525422529218291,0.006742754593617556
2007-06-30,4,550,0.022747044237742344,-0.021747436383170265,0.0010836013641803692,0.0026031665583225246,0.007281170614804398
2007-06-30,5,551,0.033677008376379006,-0.03318333937535888,0.0031932782800060183,0.00410227779211387,0.010103243762317915
2007-07-31,1,561,0.009512038300528977,-0.0047450980371928925,0.00018867798610648225,0.0005945580629260307,0.008773539116505127
2007-07-31,2,561,0.011410764061329359,-0.003920802152462197,0.00032965712989607926,0.0009902629745806716,0.009903279327278596
2007-07-31,3,560,0.01335917157212876,-0.006768125027000289,0.0004501335670373956,0.0013958851923102922,0.009879913794698585
2007-07-31,4,561,0.013232393304918029,-0.006624848513377413,0.0004864373389989151,0.0019834158385129788,0.010884723594460766
2007-07-31,5,561,0.015471538650632546,-0.007689251313480937,0.0007110611171020339,0.003584127959424847,0.016771623529330044
2007-08-31,1,556,0.007866867285493748,0.0010607913536659908,0.00015456838323907242,0.0005310538159226444,0.00868520277691636
2007-08-31,2,556,0.010208003360365713,0.0017683273418638466,0.0002655294350836764,0.0009449152190566272,0.0106400855037024
2007-08-31,3,555,0.010308622874374517,0.0031807928067644604,0.0002507608622458676,0.0014149022579817152,0.011399284645546516
2007-08-31,4,556,0.011575279903757563,0.005138543191730324,0.0003515015470607045,0.0020515174336928573,0.012645127871362617
2007-08-31,5,556,0.01586432012097811,0.007761438816140712,0.0009560051542120876,0.0037177196853487296,0.017887009212640307
2007-09-30,1,552,0.0071472644321622465,0.002683514499362966,0.00014168923749231064,0.0005322980753947317,0.010392340980886455
2007-09-30,2,552,0.007541946848999665,0.002239728267690278,0.0001508599455395539,0.0009796780881088502,0.011992559151325357
2007-09-30,3,553,0.00722181696118516,0.0016227486415547874,0.0001483012613229403,0.0014259302455242153,0.012080640233654709
2007-09-30,4,552,0.007346887190357282,0.0018275000124299697,0.0001691292300605388,0.0020601734744992856,0.012310621258750013
2007-09-30,5,552,0.011123071248617016,0.002556865972255237,0.00044483580880102825,0.0037918043526237316,0.0165548266845729
2007-10-31,1,559,0.025265957700690515,-0.023935456167503963,0.0010328271871521539,0.0005503272604137375,0.010293558477110235
2007-10-31,2,559,0.02921407517196652,-0.027960751405303012,0.0015091335438871555,0.0009590005601083297,0.011476193912921649
2007-10-31,3,559,0.029471256297226474,-0.028304561733272938,0.0018199359522442955,0.0014364956286598938,0.011783120950928788
2007-10-31,4,559,0.031389777250624605,-0.030138801447653036,0.0018098895021704834,0.002062086683867477,0.01412190719223613
2007-10-31,5,559,0.04172781819258338,-0.04088917706108216,0.003808954529339092,0.003441817719762448,0.016852481015577736
2007-11-30,1,548,0.009465160373928827,-0.002029689784436799,0.0001983398777525745,0.0005679311068847562,0.011266941853390309
2007-11-30,2,548,0.00971115541325407,-0.0020957846569204233,0.00021466429812242452,0.0009877042491731557,0.011750460431931778
2007-11-30,3,548,0.010181449590157134,-0.0010820255372055083,0.0003115115381550231,0.0015267541719968041,0.012428427627733413
2007-11-30,4,548,0.009530260112095134,-0.0015459124182014114,0.00024805743462371304,0.0022668349216277035,0.012368076551306964
2007-11-30,5,548,0.014868710797082537,-0.0008049817179995364,0.000800695827203573,0.004174220490795208,0.018548007051312248
2007-12-31,1,572,0.019751631202122512,-0.018194790212085414,0.0006939835581888805,0.000544738927650779,0.012885944700590344
2007-12-31,2,571,0.020989776114080032,-0.018141050774929984,0.0008161357168358849,0.0009826366877555759,0.014946743742305105
2007-12-31,3,572,0.02435346098457351,-0.02065187066168905,0.0013374576085243056,0.0014625738474990408,0.016883391617301687
2007-12-31,4,571,0.024357878057176045,-0.022157898433345424,0.001223736269101671,0.0020989069066280827,0.016524166833127085
2007-12-31,5,572,0.028965328942874614,-0.02433267482877715,0.0023637704409882193,0.003786634443139375,0.020955041756656606
2008-01-31,1,571,0.012415006454539065,-0.009073782821188486,0.0004012871225649996,0.000494971214397766,0.012586041739894964
2008-01-31,2,570,0.01363082854631553,-0.00914996492217158,0.0004501886102849188,0.0009547438161638433,0.015606108120823461
2008-01-31,3,571,0.016176049166430357,-0.00973665498399888,0.0008042101778599543,0.001446246271853109,0.018083109957424386
2008-01-31,4,570,0.017472181060403935,-0.011714789416241968,0.0009654283560043938,0.002102319412178962,0.0174363298393347
2008-01-31,5,571,0.024156628914625403,-0.015977425516525735,0.0021692728345763714,0.0037537421779766022,0.02454858481157297
2008-02-29,1,562,0.018203905027887587,-0.014722170826883799,0.0007061857639602771,0.0005621838739037036,0.014787452566315534
2008-02-29,2,562,0.026018463670948417,-0.022657402122633383,0.0021522504390737215,0.001038191790128767,0.0161227764776623
2008-02-29,3,563,0.02203780071654654,-0.017162557758492895,0.0011107434668801185,0.0015197235404273005,0.017906349486659145
2008-02-29,4,562,0.022013186103439848,-0.01848880780654388,0.0009797434549258855,0.0021833958046281643,0.018027769651569922
2008-02-29,5,562,0.02174731186883208,-0.01411551599624438,0.0012277790068747796,0.003920171543135372,0.024305730881870772
2008-03-31,1,580,0.024622027269535975,0.023037620737152886,0.0012427167468815426,0.0005499848214197036,0.014631317750617073
2008-03-31,2,580,0.030772643971469685,0.028719896571632927,0.0021393372488903587,0.001047166654124828,0.01814338542848835
2008-03-31,3,580,0.03135638665230578,0.029309327508398667,0.002140158308724489,0.0016071568993488187,0.019221969574508363
2008-03-31,4,580,0.03438410619482365,0.03310018964468076,0.0023031277968142473,0.0023879400160762565,0.020592954410882557
2008-03-31,5,580,0.04788906554553577,0.041831275945690416,0.004010097467551188,0.004421839980049523,0.02649883337001141
2008-04-30,1,575,0.009991280911051895,0.007088834780272168,0.00022498196505880543,0.0005413574155543804,0.015524457892071608
2008-04-30,2,574,0.011957178448397129,0.007198606317431686,0.0005517052277145011,0.0009456970309854398,0.01789013713948585
2008-04-30,3,575,0.012962753008494313,0.007581652172584259,0.0008172185272529778,0.0014085423377595229,0.020218367792784873
2008-04-30,4,574,0.013127103945395183,0.00873637627354922,0.0005827645640127985,0.002158062325472176,0.020201804923487887
2008-04-30,5,575,0.021669836613887942,0.014150191323810166,0.0016094180068570282,0.003828632766575408,0.027451623700029515
2008-05-31,1,584,0.012133653538512137,-0.009173527406894881,0.0003731397733151871,0.0005519003880824893,0.018816490398464114
2008-05-31,2,585,0.014365346494744989,-0.010354820528219635,0.0005973514601634426,0.0010854137409645416,0.02140544787406456
2008-05-31,3,584,0.018796085878823206,-0.014423664319559203,0.0010435772603968143,0.0016400925183805357,0.022393330625772402
2008-05-31,4,585,0.01917008039604524,-0.01575935042386006,0.0009401075722689771,0.002377166993110121,0.025638562135248948
2008-05-31,5,584,0.040421773574429304,-0.03347779106969975,0.0046955674235110035,0.0040453919936378445,0.035104333792791285
2008-06-30,1,576,0.012973670366702321,-0.009557482650418732,0.000473740897331919,0.0006165177679509203,0.020312088835860182
2008-06-30,2,576,0.01621137432608852,-0.012685173553241688,0.0008590043171909261,0.0011498536510703245,0.023470198627794106
2008-06-30,3,577,0.014921332788152658,-0.011249220126828385,0.0008519461082929178,0.0017421789042371986,0.022506989157989626
2008-06-30,4,576,0.021270668782114907,-0.017907725652763575,0.0018234865843896786,0.0026720061643797067,0.02727477279529535
2008-06-30,5,576,0.03414933129348701,-0.030127204904159852,0.0035539240849038894,0.004688569672945342,0.033754017722995
2008-07-31,1,589,0.008842285480567832,-0.0045252631638958655,0.00020707752742643698,0.000539589177228207,0.020004899961099002
2008-07-31,2,590,0.010128199431157673,-0.0047564915197561555,0.00037621881556654973,0.0009944351940214197,0.020755448778517604
2008-07-31,3,589,0.011033023332121458,-0.005963582368233806,0.00040734352933846657,0.0015189995870206693,0.02163213083687793
2008-07-31,4,590,0.014479190822144893,-0.0052502203133202386,0.0007938664738320717,0.0022848623797540758,0.02762125637302824
2008-07-31,5,589,0.01702998275325336,-0.005013650237653136,0.0011368054088586813,0.004072488232256999,0.03474781939575716
2008-08-31,1,591,0.04699163894978529,-0.04613022003243063,0.003347187123546018,0.0005516633870126764,0.019011442994867157
2008-08-31,2,591,0.05663400012974145,-0.055816311260604365,0.006416941096236022,0.0010084490867670692,0.021400179683926168
2008-08-31,3,592,0.054148485552099744,-0.05282015186097286,0.006285793396461071,0.001562842883363321,0.022786307979125658
2008-08-31,4,591,0.06755235317396266,-0.06694607442849518,0.014427833933999185,0.0023673387227227034,0.0265422111233111
2008-08-31,5,591,0.1490507201253567,-0.1493627925348705,0.06450134610551901,0.004108157965752641,0.03500217532828037
2008-09-30,1,579,0.10507707262861411,-0.10114295325824663,0.01597116497209533,0.0006091895934489788,0.020796845358214123
2008-09-30,2,579,0.09645864920756055,-0.08777753038094412,0.014444551376937165,0.0011004978558151995,0.022513281060937047
2008-09-30,3,579,0.10042227788191004,-0.09231868758390493,0.01677717776341624,0.0015940915226917917,0.02357545548589321
2008-09-30,4,579,0.11301694634454701,-0.09481265968737629,0.022188842333470727,0.0023058690019785253,0.02418047046841826
2008-09-30,5,579,0.15651695444005967,-0.10760141656397923,0.04348889161251411,0.003901956977507662,0.03548282567902682
2008-10-31,1,599,0.06275130596138578,-0.05202711181917157,0.009968103448261989,0.0006600892557923602,0.0411447283643911
2008-10-31,2,599,0.06409867168935429,-0.04834075111127318,0.010794632167465804,0.0011580307896268461,0.044791627803893515
2008-10-31,3,599,0.0631027149327829,-0.048848347156496864,0.011542932910776203,0.0017231497595555023,0.0414925968013998
2008-10-31,4,599,0.06087495178827236,-0.04842277131666653,0.012967401788797647,0.0025493757960086366,0.045529351341968734
2008-10-31,5,599,0.09206830282211236,-0.042100951714283366,0.0243325775074588,0.0042091242713962465,0.058113822651774616
2008-11-30,1,590,0.049943536510639354,0.005611559234991654,0.006623371333321723,0.0007594141099727508,0.040635352736520525
2008-11-30,2,590,0.05881760457449657,0.01671067809278981,0.007617678801984647,0.0013210703584943218,0.04836197844374199
2008-11-30,3,589,0.05350671370698545,0.02060918494770841,0.007360323539164849,0.0019267068693620726,0.04339281748553635
2008-11-30,4,590,0.06080574860483685,0.013672983103717373,0.011778618169805993,0.002787571149776851,0.045047060422409954
2008-11-30,5,590,0.07173830491421164,0.013951356157979147,0.016401427039280627,0.004474281749469029,0.061573463959637226
2008-12-31,1,602,0.06366350387028297,0.05827742520058597,0.007186707954283678,0.0006339601199269163,0.04321084562188928
2008-12-31,2,601,0.07541381484629105,0.06450422600108613,0.012043771071702144,0.0011478159167224006,0.050249798908031336
2008-12-31,3,602,0.07665237601988571,0.0553260630871126,0.011911820560338963,0.0017694379588526594,0.050980239676951374
2008-12-31,4,601,0.07203776720128476,0.05358911818255973,0.011057959247826273,0.002618473811094309,0.0558900114985458
2008-12-31,5,602,0.10204344661059142,0.06584870448122851,0.02646805088859201,0.004404110557862315,0.07668439960289852
2009-01-31,1,600,0.028813595712139494,0.005213066735074487,0.003124294158425508,0.0006251415231414145,0.05554702889259855
2009-01-31,2,600,0.036609577435908855,-0.004817666796031214,0.0042961030235123395,0.0011586088410335067,0.060383650049416995
2009-01-31,3,601,0.04203651550550324,-0.009084076579101248,0.005693007484942521,0.0017712884972558016,0.05975207370492603
2009-01-31,4,600,0.052678499060246194,-0.012977083241821674,0.009609174464602329,0.00257561144140555,0.06563489906407231
2009-01-31,5,600,0.07411589624850454,-0.024762933507675673,0.01869892367165784,0.004464889773842195,0.07668696748717584
2009-02-28,1,595,0.03310441258279964,-0.02396270595371093,0.0032549234123971952,0.0006949306200753921,0.057153952256770627
2009-02-28,2,595,0.03459187085898782,-0.022816537796742746,0.0033974541839091117,0.0012914178126504736,0.0608509365951304
2009-02-28,3,594,0.04255952673370265,-0.02069614474473968,0.0064313335461892674,0.001911333290082378,0.06268530522545776
2009-02-28,4,595,0.05523598695103704,-0.018304773076150534,0.01201841684977251,0.0027635139021641377,0.06752935016636472
2009-02-28,5,595,0.1085179556279785,0.021116857491032526,0.05342140223947134,0.004504257981424962,0.0807075743293182
2009-03-31,1,600,0.05298807320492496,0.05106475009580511,0.005861226220652906,0.0005591085441056143,0.05307206469094156
2009-03-31,2,601,0.05621332524448445,0.05396076531915832,0.006981933968397353,0.0010515939368772491,0.05559634826621396
2009-03-31,3,600,0.07172758224875958,0.06942136652457218,0.012544467343903699,0.001712566535522612,0.0618984374032068
2009-03-31,4,601,0.08960413037069526,0.08476151414682388,0.020978039439517912,0.0028450730807161144,0.07053305438905484
2009-03-31,5,600,0.1422848297724137,0.1158618500304874,0.06858691343208069,0.005328397903048637,0.10453152462482697
2009-04-30,1,594,0.05287143785422888,0.05117301364432578,0.0064503671135765495,0.0006552136883606269,0.059034495572340015
2009-04-30,2,594,0.06038077031331062,0.05906200336359707,0.008978330307292054,0.0012526286941607569,0.06486345877903715
2009-04-30,3,594,0.05530202086850633,0.05290983145020162,0.009194197424871604,0.001890227568164312,0.06505168890115459
2009-04-30,4,594,0.06411310355637793,0.062045639810057396,0.013693061914743712,0.002761749870593152,0.06448684419326631
2009-04-30,5,594,0.11213329344644604,0.10499328301867912,0.03405223024693614,0.004851307491731641,0.09202104527037827
2009-05-31,1,602,0.04079995927807452,0.03813174431690091,0.004920477104920484,0.0006474564598396503,0.06954939216164031
2009-05-31,2,601,0.03995034511595353,0.03757663881652432,0.003392330091996034,0.001229241553969961,0.0691121273212992
2009-05-31,3,602,0.040688639588498915,0.033715863709279606,0.0037167065440852527,0.001848156219209337,0.07733780874050622
2009-05-31,4,601,0.044151295848063696,0.03639149761862448,0.005052520809935206,0.0027831719476833217,0.07275672296622857
2009-05-31,5,602,0.06714855338429286,0.04828720922722463,0.012533154857756688,0.004933719885454418,0.1027416245889181
2009-06-30,1,588,0.0369639637480769,0.03648981287462485,0.00248828496044443,0.000583836754323794,0.06500009076532401
2009-06-30,2,588,0.04124705078405796,0.03652515315150681,0.003354061476400469,0.0010502276236738165,0.07499187086427488
2009-06-30,3,587,0.04158322922069605,0.03531516178282045,0.003504502355706971,0.0016488398668281147,0.07666749256102122
2009-06-30,4,588,0.042930502362654714,0.031315068139816986,0.003999415613273244,0.002506646758486416,0.07802513544667726
2009-06-30,5,588,0.05703745052710663,0.04665238089919079,0.010568264555472242,0.004293649595140275,0.10886138542816041
2009-07-31,1,597,0.018293701566165024,0.012019949769611708,0.0007628442806113377,0.0008927405938976672,0.0685640365586085
2009-07-31,2,597,0.01790979135598648,0.011062680045410896,0.000755432255785325,0.0016891698693597354,0.0664955955221262
2009-07-31,3,597,0.019079554932671845,0.012535845880229256,0.0013947799727850945,0.002574727312484314,0.07067883768553951
2009-07-31,4,597,0.02604563888151399,0.018727018361347332,0.004192136153754162,0.0037978709159779867,0.08068148343415253
2009-07-31,5,597,0.04652698940050782,0.041403567767141415,0.008428596301648368,0.00644636395250925,0.10618376133512088
2009-08-31,1,601,0.014602744269558512,0.012145873520274353,0.0006303127646131163,0.000815248101457469,0.062204800358715694
2009-08-31,2,600,0.017377110404646633,0.016089399997799774,0.0013237744231369836,0.0015573501225832613,0.06510856090041296
2009-08-31,3,601,0.02200869798508998,0.01859242930745775,0.0020653825133580567,0.002531726402946702,0.07148731706338073
2009-08-31,4,600,0.023963488540443542,0.021705250037969866,0.001987832219045362,0.003829118856736239,0.07825291663439579
2009-08-31,5,601,0.05180361764741947,0.05086592344074739,0.013659247959110202,0.006859399232984119,0.11136052699108344
2009-09-30,1,593,0.011293740091203087,0.008400185502100989,0.00033282978873841885,0.0008499040074451346,0.06553545007049971
2009-09-30,2,593,0.013575709464290256,0.009500219218866663,0.00046082547516945776,0.0015768373449560182,0.06820468600981691
2009-09-30,3,594,0.0147891414404304,0.00944395620478372,0.0008805638438597416,0.0024202440909946196,0.07153294201110057
2009-09-30,4,593,0.01645546079264465,0.012403625660067174,0.0010210703235797643,0.0035872169513396844,0.08672969232669442
2009-09-30,5,593,0.020177368314221084,0.011838937605787189,0.0017410816891957443,0.005689170529129054,0.09238627502524951
2009-10-31,1,604,0.007697803955947235,-0.00019854305500248664,0.00016060814968977638,0.0008258572393981298,0.048062176861281794
2009-10-31,2,605,0.010510810511174844,-0.000568710732850302,0.00048033402848331533,0.0013737004529421949,0.056337785552662584
2009-10-31,3,604,0.009997077148352159,-0.0004310430545438488,0.00032099773958962755,0.0019861889305101037,0.057182429337821715
2009-10-31,4,605,0.013082579421178346,0.004880991752352277,0.0010042574687262303,0.0028484321591137553,0.06950974558193974
2009-10-31,5,604,0.015693224130624996,0.004725827825013947,0.0010594207554060517,0.004834583206040941,0.0743166198948276
2009-11-30,1,594,0.020379177467689243,0.020296279438264685,0.0008857300177751724,0.0007298608837524441,0.04359476571443244
2009-11-30,2,594,0.022339238919753042,0.022449175010356447,0.0014460373500144,0.0012690352470747445,0.05100511153397645
2009-11-30,3,595,0.02183847898809869,0.021751983216375517,0.0010934994878045135,0.0019378408653276497,0.05201361570225863
2009-11-30,4,594,0.025803713623650668,0.026384680157629778,0.0014379719182785234,0.0028886220500620404,0.0581094038660398
2009-11-30,5,594,0.03482580463781915,0.03538715482489241,0.0028619705171907166,0.0050231872110600125,0.07910363888514638
2009-12-31,1,617,0.012628246063328187,0.0052283630481770385,0.0003727086223539764,0.0007931056074326004,0.04220017528125579
2009-12-31,2,617,0.01391078351083864,0.004916693661867594,0.0004947561617670981,0.0014042671412525702,0.04464828459696413
2009-12-31,3,618,0.01346170613036077,0.004648754050272131,0.0005004176755439333,0.0021195287420298723,0.04498322218250683
2009-12-31,4,617,0.015876821352778608,0.006489497562189957,0.0008056547664758451,0.0031047222958321824,0.05762289914447694
2009-12-31,5,617,0.016687924066332016,0.007099205866581551,0.0011858489838302364,0.005252538078418421,0.060516160287600436
2010-01-31,1,618,0.006987201081344564,-0.00020294498813421086,0.0001114053527371414,0.0007334512062170538,0.03609259321353149
2010-01-31,2,618,0.008126842374752476,-0.0019240291265564147,0.0001835893457068368,0.0013154175150708084,0.038775710361480774
2010-01-31,3,618,0.008222947333837844,8.373786595934086e-05,0.00017934640672114194,0.0019680993546544244,0.04222040204398424
2010-01-31,4,618,0.008639647199899684,-5.4514572614145357e-05,0.0002335341148388742,0.002926433753089855,0.05460491053415211
2010-01-31,5,618,0.010513522978005237,0.0009287378303846985,0.00042314628168377744,0.004980290469598277,0.05504147594388925
2010-02-28,1,604,0.01291456288834192,0.012589966880559647,0.00032068018465777486,0.0007815899701429012,0.03618465346026823
2010-02-28,2,603,0.014491319834151454,0.014075207252245184,0.0005253993147014281,0.00138645574416012,0.03867828443347713
2010-02-28,3,604,0.01774495026145949,0.016557549662481946,0.0009547529969617362,0.002139022821428271,0.044220745642759275
2010-02-28,4,603,0.02159123920576833,0.02085145931959237,0.0013706661217782613,0.003059533992964586,0.04865343130823691
2010-02-28,5,604,0.023054712396053653,0.02325359270453673,0.0016592984817707652,0.005016246805764203,0.052718834915566386
2010-03-31,1,617,0.009323007693274533,0.008323322513481871,0.0001787687062534182,0.0007791311596059316,0.029361867386732705
2010-03-31,2,618,0.00949419087532436,0.007882055012054726,0.00025347627059631005,0.0014615350807772143,0.031692900983299785
2010-03-31,3,617,0.010616782418914986,0.008235737436630123,0.00043093768045645317,0.0022120948841994614,0.036052253033340684
2010-03-31,4,618,0.009904553022721975,0.007409158581840735,0.00026510358574425837,0.0032062879923873857,0.03880321781796769
2010-03-31,5,617,0.017341224846335403,0.014851312772057902,0.0013846761190686493,0.005175679943182675,0.04953270621847522
2010-04-30,1,611,0.02854667194389395,-0.0273167921780407,0.0013274112852537747,0.0008124457578898984,0.03091402831258669
2010-04-30,2,611,0.026064719205813287,-0.025367790501398597,0.0012817417274907164,0.0014644175483674692,0.029370853410170438
2010-04-30,3,610,0.029264823998744152,-0.02785518021515063,0.0019468004540624708,0.00223376389943683,0.03487314405851823
2010-04-30,4,611,0.02415929681518601,-0.02357885435621149,0.0013970375880328284,0.003263876730498814,0.028617446070848974
2010-04-30,5,611,0.025345799544024585,-0.023774026184983324,0.0018264269782821859,0.00538350722763177,0.03368687215370804
2010-05-31,1,637,0.009353612198446593,-0.002102558885850997,0.00022738490660534054,0.0007449537406094017,0.023491824094989972
2010-05-31,2,637,0.011211499841728752,-0.0048093249584278425,0.00028528816353597954,0.0012456056463684047,0.026391554321199488
2010-05-31,3,638,0.008986224099418516,-0.0028203134784790824,0.00019940316956996803,0.0018460103798495773,0.02610264848294797
2010-05-31,4,637,0.010381147963963102,-0.003972386204083335,0.0004420420603586141,0.0026988272096348104,0.026017547881732384
2010-05-31,5,637,0.01560946998463773,-0.003222919924703843,0.0009960218301084127,0.004384632998329601,0.03675720978523123
2010-06-30,1,629,0.010896585297033225,0.009626073108100227,0.000364905398501104,0.0007879516632648557,0.01960413626856679
2010-06-30,2,629,0.012304086639341497,0.01099620033324604,0.00035517543904266496,0.0013050587510369026,0.022241892521944792
2010-06-30,3,628,0.015287317515593427,0.01354450632956356,0.0007059483116229993,0.0019011979230873898,0.026226287215366437
2010-06-30,4,629,0.01437474995959997,0.012839221005710052,0.0004805850529717154,0.002726695060256056,0.026197372392410097
2010-06-30,5,629,0.018433568798996675,0.015410683609344696,0.0009970207454928935,0.004557637005815941,0.033601279610905324
2010-07-31,1,643,0.009013969472729162,-0.0032197978326843593,0.00021127698172186874,0.0007433074396506223,0.0167539375498663
2010-07-31,2,643,0.0094649606380746,-0.0030550388798882937,0.00021424145068003596,0.0012857266400899527,0.018732166486851325
2010-07-31,3,642,0.01048525072446207,-0.004377694743790099,0.00027799199645410125,0.0019299862552106754,0.02100512257222934
2010-07-31,4,643,0.01229784982236531,-0.005989253497915614,0.0003710230505294053,0.0028080142301243668,0.02160846098622635
2010-07-31,5,643,0.01579056848188607,-0.007131695139278561,0.0007762518822075863,0.004824516362496443,0.0313030471623859
2010-08-31,1,641,0.007054972765376755,0.0053804836114723685,0.00013598460572801147,0.0007725030516101945,0.015076149262482465
2010-08-31,2,641,0.01043316987758383,0.008960904857374774,0.0003505990508498132,0.0012971464285109996,0.018641303512838294
2010-08-31,3,640,0.010866840613085436,0.009262328122514419,0.00041271754375790876,0.0019587276480965586,0.02064744317342603
2010-08-31,4,641,0.010667647743446874,0.008517691097756899,0.000367453994702225,0.0029608699571170463,0.020192820370977454
2010-08-31,5,641,0.015623133305979907,0.01477333853687474,0.000731577267339053,0.005040221956010573,0.029484151537757537
2010-09-30,1,635,0.007579333117050902,0.004876346444238094,0.00015304896992370196,0.0007726280059646257,0.016475385532307103
2010-09-30,2,634,0.008436803511786013,0.006257902201319632,0.00021182429664190613,0.0013150263794062657,0.017707634190173273
2010-09-30,3,635,0.009273039835327894,0.007391968496503834,0.00028401301088749116,0.0019670020121637776,0.019330301282009875
2010-09-30,4,634,0.012051992541390921,0.009790583628107046,0.0006165939063364711,0.0028969896550870566,0.02149550761547939
2010-09-30,5,635,0.01346752997207244,0.010526677186484678,0.0005954031787424871,0.004832263726677106,0.025743475225277982
2010-10-31,1,649,0.00624889046421026,0.0022315562382909594,9.403272361462063e-05,0.0007210321717702971,0.01527840219029974
2010-10-31,2,649,0.007679218924063309,0.0020807087654046083,0.0001517932079386047,0.0012489234781115984,0.017434758766887302
2010-10-31,3,650,0.008426785002353976,0.0021175999845078107,0.00021471361574323415,0.0018469489409654552,0.018691282175276054
2010-10-31,4,649,0.008525540510710647,0.002195531582631426,0.00021345220964050766,0.0026827813172888293,0.021144601545928007
2010-10-31,5,649,0.012291707083194414,0.0027243759415126515,0.0007750276553240446,0.004620871335096927,0.024257899289394456
2010-11-30,1,636,0.012231328851742503,0.011732122644377724,0.0003780113300353919,0.000734720261578722,0.01652568052114901
2010-11-30,2,636,0.01372098735406987,0.01333526730041574,0.000480977975228002,0.0012500191655465016,0.01789213533935909
2010-11-30,3,636,0.014114154670558187,0.01323850629163438,0.0006004453484495127,0.0018701892229677753,0.018111855300782645
2010-11-30,4,636,0.01535742550254402,0.015031257836656682,0.000654390222249344,0.002701704114987909,0.019603388548397205
2010-11-30,5,636,0.019944059800552142,0.02009880509849151,0.001209751120829488,0.004630741512512103,0.026199032181398074
2010-12-31,1,652,0.00830754762112393,0.007343006126128968,0.00017326392713431935,0.0007804063155769235,0.015737564409078624
2010-12-31,2,652,0.008947926447349612,0.007813358892910701,0.00022120738930074023,0.0013446313592697995,0.016341472230558443
2010-12-31,3,652,0.009389324967314943,0.008317500015029643,0.00025634924510665194,0.002016418758775658,0.017609718554941617
2010-12-31,4,652,0.009445550797491497,0.008248205491131809,0.0003108565343743529,0.0029304037748694215,0.017534498964508323
2010-12-31,5,652,0.011492813087933847,0.009981411075833236,0.0004412890122366543,0.004880268453217505,0.02277071789976098
2011-01-31,1,657,0.00795728559683684,0.007038812771542058,0.00015724967191186107,0.0007275084261254906,0.014411849987390753
2011-01-31,2,657,0.00966189276205491,0.00891063927056263,0.000221970171779413,0.0012403347561473423,0.017028228095524667
2011-01-31,3,658,0.00953892632842366,0.009229513672945886,0.00033383953484189836,0.0018419096911939745,0.0160013340946303
2011-01-31,4,657,0.008904892209462535,0.008381750382891389,0.0002279937236185842,0.0027416375129629008,0.016719590747766397
2011-01-31,5,657,0.01191605876550061,0.012170471820805865,0.00046014695616871027,0.004750781854137846,0.022518281268489235
2011-02-28,1,644,0.005454003766311075,0.0015029037175629117,8.32886488743644e-05,0.0007612615498317264,0.01443708146485412
2011-02-28,2,644,0.0062524305422992634,0.001873773272484908,9.842648686323877e-05,0.001319668833486937,0.017819138807278614
2011-02-28,3,644,0.006628516261778091,0.001835217410522509,0.00012411728167022832,0.0019639226124667447,0.01688210023081674
2011-02-28,4,644,0.007135557657198029,0.0022350931584532987,0.000142316213327417,0.002838998940150147,0.01776913451599608
2011-02-28,5,644,0.00722474047789419,0.0019941148907802577,0.00014112833215049666,0.00491861272357273,0.021506951839752687
2011-03-31,1,677,0.0050909628446325845,0.0029924519989774335,7.311478074677748e-05,0.0007290888068098504,0.01375633013680276
2011-03-31,2,678,0.005821444860797412,0.003887713867384143,0.00010047904625507914,0.0012412192965050586,0.015998156645952527
2011-03-31,3,677,0.005622686785350193,0.0031066765172741147,7.812498447127941e-05,0.001821445967440786,0.01519369755459365
2011-03-31,4,678,0.006132023342601962,0.003932256636485672,9.99323347045022e-05,0.002680412227001013,0.01595352325994827
2011-03-31,5,677,0.0073015442159861015,0.003824830155471999,0.00013286319856619625,0.004717108268721526,0.021150429332202125
2011-04-30,1,669,0.005842348189360982,-0.0024025112066025705,8.20031383789692e-05,0.0007165995949272931,0.014195897806580733
2011-04-30,2,669,0.00645143626820811,-0.0028907772941648927,9.417169973410267e-05,0.001266306892264902,0.015467821999612191
2011-04-30,3,668,0.006249599462883835,-0.002759910171857746,8.37002347822926e-05,0.0018453215890518887,0.015259453526409117
2011-04-30,4,669,0.007970393419188397,-0.002850822107162085,0.00017701632066185268,0.00262358038655532,0.017337538580779296
2011-04-30,5,669,0.009457115454406728,-0.004275440964173934,0.00037538348339513725,0.004424266020514365,0.02119972620254428
2011-05-31,1,690,0.005726659572254296,-0.003055753632688193,6.784628393201311e-05,0.000739119078773364,0.011538200551291584
2011-05-31,2,690,0.006867489897568928,-0.003763594206838457,0.00010638006571290338,0.0012813637179498697,0.012722735679947078
2011-05-31,3,691,0.007342014538016518,-0.004343502168795631,0.00013650683631863527,0.0018433945000145512,0.012305222188218083
2011-05-31,4,690,0.007481356105341471,-0.0038008840459055585,0.000198786085305959,0.0026151735430271937,0.013435343875163038
2011-05-31,5,690,0.009193546379826433,-0.005440666641811401,0.000254178053630376,0.004411523241319684,0.015752684995268912
2011-06-30,1,680,0.006310489231083998,0.0014100588199867428,0.00011388950908479723,0.0007162997426349026,0.012005102580658147
2011-06-30,2,680,0.006992062765835373,0.0006205000095820544,0.00014408190045075146,0.0012179951917033558,0.011964422781329066
2011-06-30,3,679,0.006364482512656566,0.000875640671427589,0.000130775650531335,0.0018224871176603034,0.012314111789111517
2011-06-30,4,680,0.006830750066380241,0.0024890882343135993,0.00012340929459626372,0.002749189790746148,0.01202175142604904
2011-06-30,5,680,0.010092109162728211,-0.002005838200078442,0.0003721685352519036,0.004629438596336727,0.015640741456205014
2011-07-31,1,699,0.028104330850809666,-0.02709024316783834,0.0014288619563319466,0.0006944442723331008,0.00927950871778595
2011-07-31,2,700,0.03701867827144379,-0.035700285724461926,0.0026654280727655367,0.0012148918459635215,0.011971674550759285
2011-07-31,3,699,0.03597265348669682,-0.0347685979771337,0.002363020080856059,0.0017293960979030952,0.011908510806324372
2011-07-31,4,700,0.03777200783329482,-0.036360085730297476,0.002574024532487459,0.0024685655375286126,0.013277420372045943
2011-07-31,5,699,0.04352200449038832,-0.04197101573249249,0.004033778029993085,0.004300989746078216,0.014973890784021412
2011-08-31,1,701,0.01926830297706099,-0.016851098399063413,0.0007626228881289274,0.0007415652622947485,0.014673218017052491
2011-08-31,2,702,0.018879758711024403,-0.015482891727893688,0.0007833553306019061,0.0012165765233574024,0.016141910809655834
2011-08-31,3,701,0.020339821121833856,-0.017103523532714254,0.0009615378542650635,0.001789701990158588,0.01635331980665047
2011-08-31,4,702,0.023264200362454496,-0.01907703705915199,0.0016858621203220386,0.002584536522506186,0.01745931963439932
2011-08-31,5,701,0.028283023199397607,-0.02365165471708733,0.0026062138117855004,0.004514978496719396,0.01984459831498303
2011-09-30,1,693,0.025658663992269994,0.023571515107525233,0.0017060218424222744,0.0008524830365664866,0.016790213430387616
2011-09-30,2,693,0.02569194770039158,0.024648268403364718,0.0015410221347573496,0.0015392478416619457,0.0159467519290918
2011-09-30,3,692,0.027109862249330433,0.026676517299985547,0.0018476327438740605,0.002331815433032448,0.016642376009151486
2011-09-30,4,693,0.026089793205911968,0.0247205772078418,0.001685642008697282,0.003295653563636067,0.017234566978721663
2011-09-30,5,693,0.0325014321038511,0.028148138438647153,0.003938086795110054,0.005278203479168217,0.018900855287599203
2011-10-31,1,709,0.020572612006443867,-0.01817342734786805,0.0010909158581016572,0.0007924206876163604,0.017616544728121925
2011-10-31,2,708,0.021993188957375634,-0.018497627093857275,0.0013200111612804639,0.0013550017413795827,0.018501820516744802
2011-10-31,3,709,0.020283893187386222,-0.016664005647337613,0.0010750322877393413,0.0020340519096274253,0.01939791500496752
2011-10-31,4,708,0.02017752682622604,-0.016083234429333456,0.0009995905024663232,0.003008801300273145,0.020916533064862155
2011-10-31,5,709,0.026953552186428892,-0.02157296183455665,0.0022215932004354118,0.00498991090754834,0.02534889501192844
2011-11-30,1,701,0.009717437273771265,0.0059667474954517245,0.00022678872716472664,0.0007152914296692724,0.016970680665699615
2011-11-30,2,702,0.010922904138232846,0.006474800580120445,0.00029866062798137953,0.0012840658430913411,0.019930835597065846
2011-11-30,3,701,0.011431917095921562,0.007869657631017721,0.0003773067507622376,0.001904417833196902,0.020621295906399068
2011-11-30,4,702,0.012866835498685322,0.007706324775017362,0.0005360172915510953,0.0027820836502274737,0.021025358722487394
2011-11-30,5,701,0.017139646833684873,0.010630456502558276,0.0009478293523007193,0.004693914082443438,0.02544094977420444
2011-12-31,1,724,0.012326099915644755,0.011149171277833556,0.00035022667117526237,0.000719357012393351,0.0178572610190364
2011-12-31,2,723,0.016236557374322284,0.015690359608665928,0.0006806136354740771,0.0012658957582437995,0.020656694757579884
2011-12-31,3,724,0.016888823421465336,0.015798549687419762,0.000713246527954056,0.0019796746026384342,0.02082490405949302
2011-12-31,4,723,0.01820452411750079,0.016424066405296738,0.0009537368492988929,0.002970860520076919,0.021676409355697934
2011-12-31,5,724,0.022465116402155233,0.01899026241740379,0.0016222496397893765,0.005020367237719665,0.026586138654341035
2012-01-31,1,727,0.013630974661027693,0.014115337005562513,0.0003766484972703829,0.00073927012227052,0.019573509402146052
2012-01-31,2,728,0.015734652066499547,0.01643416209239209,0.0005269328245958991,0.001209208909839721,0.020915547230556632
2012-01-31,3,727,0.015037957908155592,0.015597427811104025,0.0005436290320178612,0.0018099857028336657,0.019537319872377057
2012-01-31,4,728,0.015481447727133927,0.016017445042147662,0.0005416162886113591,0.002665047199937664,0.021849325734469426
2012-01-31,5,727,0.02296872798252447,0.02379071525606872,0.0015448019938920825,0.004543970749778874,0.0295439442141541
2012-02-29,1,718,0.007607587230073737,0.005872841223890013,0.00013795546186553203,0.0007621961416742686,0.01929584762916731
2012-02-29,2,719,0.007672754496137169,0.005377858129832881,0.00016167564861782984,0.0013125867468462991,0.020013028712961393
2012-02-29,3,718,0.009861293400418988,0.005536337029214408,0.0002995698536387775,0.0019272253733427257,0.022120462212474868
2012-02-29,4,719,0.009351480811491591,0.00610186369623321,0.00023396410405471601,0.002796972650808925,0.023697849916439508
2012-02-29,5,718,0.015133938435000079,0.011716183785355291,0.0011414284232977353,0.004917091212956027,0.029760154851805942
2012-03-31,1,740,0.007058544108746652,-0.003366148654498141,0.00012144975113562486,0.0007685648232294379,0.02009441766363331
2012-03-31,2,740,0.006681439213640503,-0.0023389594531279824,0.00011926214958424627,0.0013631988124701033,0.021210277376151332
2012-03-31,3,739,0.008178824374267549,-0.0031615290842092274,0.00016123244302695418,0.002028732622997885,0.023111902873788375
2012-03-31,4,740,0.0076534331152792534,-0.0029179864909688272,0.00014264269408488056,0.0029867258484345843,0.022999569689516188
2012-03-31,5,740,0.010375792143558268,-0.0028832162163756015,0.0003416991095918946,0.004874138805870004,0.03062937829968409
2012-04-30,1,728,0.013904718929738194,-0.01187140107504592,0.000450472248012004,0.0007289970035727539,0.018888975655701246
2012-04-30,2,729,0.015317078418253431,-0.01295979425425927,0.0005901430922311865,0.0012343859480930023,0.021547643889919223
2012-04-30,3,728,0.01614232705277671,-0.013334986219328689,0.0006327668728081958,0.0017346270616293478,0.02437257442881079
2012-04-30,4,729,0.018047695028474676,-0.015097901231951785,0.0008662092805226513,0.0024667351788760397,0.02510669885090834
2012-04-30,5,728,0.021540804497400295,-0.01732736263640398,0.0010987599731535032,0.0042340042543117075,0.03319218243769411
2012-05-31,1,738,0.008457577910462763,0.005477181575730937,0.0002178890773579703,0.0008171838180693797,0.018953900307488513
2012-05-31,2,738,0.010993095826017107,0.008365325175022954,0.0003431890387464901,0.001383774711084987,0.022689968051971657
2012-05-31,3,737,0.009839796827260903,0.007568046106315035,0.00029197027639774845,0.002055967959100567,0.022895315230002048
2012-05-31,4,738,0.011231538186566145,0.008783441760350228,0.0003502853560038858,0.002969234767501342,0.02502162800680274
2012-05-31,5,738,0.01509283337685518,0.009300081289342696,0.0007384601855640648,0.0049022449767746066,0.03060821304105508
2012-06-30,1,728,0.01138485991530279,0.010676181335823928,0.00027815844487861694,0.000658081528590392,0.019027560281433428
2012-06-30,2,727,0.012066542706376727,0.011851939491720774,0.00033096166022954823,0.0011532325020899422,0.02155334824688379
2012-06-30,3,728,0.012157515699186987,0.011564532972717824,0.00037244223172217065,0.0017178045417112942,0.02290056912428972
2012-06-30,4,727,0.014992755804997017,0.012615474561101283,0.00063183318222895,0.0025729998381349493,0.026487233498626216
2012-06-30,5,728,0.017138425140000805,0.014267788472847275,0.0008624162716026032,0.004713881244732406,0.03498174142627119
2012-07-31,1,734,0.0071814418438813565,0.004746117148456493,0.00012247582190826444,0.0008479646958843299,0.01956949835312203
2012-07-31,2,734,0.00911651024638733,0.006286921000252413,0.00026193031411828353,0.001538878337823697,0.02333332474394141
2012-07-31,3,735,0.00866539803430715,0.006016163254191554,0.00020721199336842021,0.0021761301989302946,0.023362437381429537
2012-07-31,4,734,0.009364360154495389,0.007225994552063441,0.00023890736036660847,0.0030044799854522645,0.024504774626667877
2012-07-31,5,734,0.015312259947181018,0.01088381467458908,0.0013558820688571917,0.005007219949596303,0.031042455407580126
2012-08-31,1,743,0.00837193802961476,0.00870691788791124,0.0001694091130729097,0.0009091339166551731,0.015880752023541646
2012-08-31,2,743,0.00978122128902226,0.009523055162800005,0.00024005941303144825,0.0014901502803752306,0.018492282090087294
2012-08-31,3,743,0.009875924061941793,0.01013437415850612,0.0002555484642074462,0.002067895615442535,0.019151536276156938
2012-08-31,4,743,0.011424672003115933,0.01179133244236126,0.0003438464959165099,0.0028788320966994336,0.022562793774393505
2012-08-31,5,743,0.016184817616028885,0.016563916594576757,0.0010404934038228612,0.004752152206401104,0.030119660059537343
2012-09-30,1,732,0.010245197198494033,0.01013468580980065,0.00024303233856533306,0.0008039199128970958,0.014452281781042717
2012-09-30,2,732,0.012573847335530523,0.011370765014267977,0.0003805310782174652,0.0014403667448082019,0.019048314574100184
2012-09-30,3,732,0.013130870925626457,0.01185103826249415,0.0004398108472844197,0.002084770026680737,0.019551412273703547
2012-09-30,4,732,0.013945335701276722,0.012599562833574815,0.0005251614904894424,0.002913442082527835,0.02036167249227697
2012-09-30,5,732,0.017754003961656196,0.012651229430843448,0.0015608175519374588,0.0047074701645485805,0.028337650650877535
2012-10-31,1,761,0.009512038128335733,-0.006875216813518646,0.00026447311018663384,0.0008495237694141241,0.013818367080901731
2012-10-31,2,761,0.010382704467189844,-0.007150801568355643,0.0003014063869168883,0.0015211547888812024,0.015609663959831493
2012-10-31,3,760,0.010332999964176262,-0.005881539453677856,0.00028549535965484906,0.002205231915792081,0.016617712660361227
2012-10-31,4,761,0.01147614303266785,-0.005263547960531085,0.0004451621780156266,0.0030933405163922107,0.019446542503637823
2012-10-31,5,761,0.013782791501088035,-0.0022393692491513204,0.0010523096145415981,0.005052904007167104,0.02456796429498919
2012-11-30,1,751,0.005538911658883592,0.0037730492719968943,8.943761557408262e-05,0.0008419420508910205,0.013379696650677645
2012-11-30,2,751,0.006910593351477391,0.00519633822707386,0.0001507084600187333,0.001549672029899608,0.014600288986550783
2012-11-30,3,750,0.007751415978128862,0.005549080019229829,0.0002420877744020095,0.00219245597092724,0.015260602422720662
2012-11-30,4,751,0.008901536031027139,0.006344260985101132,0.00033770765277757307,0.0030408877483924855,0.017565599281290773
2012-11-30,5,751,0.011536649321000585,0.009350732349050907,0.0006358013388102808,0.00518636711094178,0.01942168941138147
2012-12-31,1,777,0.006696396358632037,0.004607953673758708,0.00010688852403094091,0.0008451926284884009,0.013171503950079322
2012-12-31,2,777,0.008662090658341129,0.006800270270739524,0.00019292805090154647,0.0015503096403087769,0.01507306499676279
2012-12-31,3,778,0.008998292560726824,0.007588676113735482,0.00022745882344629188,0.002248382457492411,0.01499703563716593
2012-12-31,4,777,0.00889004287324424,0.006916061788359135,0.0002439911463078687,0.0031362389974291245,0.015305637613918323
2012-12-31,5,777,0.01646974261699591,0.013335057976724957,0.0009744420785617822,0.005004735489293369,0.02050599704825395
2013-01-31,1,789,0.004824733488076041,0.001121356154432584,6.696712403985332e-05,0.0008603429802629713,0.012601758001443515
2013-01-31,2,790,0.006637718915564326,0.0002540759489213226,0.00011515506041215788,0.0015955957276381132,0.015475615763262566
2013-01-31,3,789,0.006087697766299071,0.0013871609590072225,8.428957510695477e-05,0.0023614068169388095,0.014718389846199862
2013-01-31,4,790,0.006986583642869227,0.0011371645509560822,0.0001561904740692724,0.0033941690681920664,0.014756613325446684
2013-01-31,5,789,0.009444387208399753,0.0019393155785588517,0.00026553790855261627,0.0055220332201732615,0.017364124496812502
2013-02-28,1,777,0.004034468447566948,0.0006415958844111112,4.6471543539028926e-05,0.00085297291840141,0.012147432371587585
2013-02-28,2,778,0.004393296698685804,0.0015355784143768249,5.1277875890251445e-05,0.0015004649568746793,0.013187371418217842
2013-02-28,3,777,0.005600746334685132,0.0013571042502916236,7.822373536642887e-05,0.0021384294622735847,0.01520759132414447
2013-02-28,4,778,0.0063786131944426625,0.002674395895833642,0.000137168556600281,0.002972197237628381,0.015032097785534894
2013-02-28,5,777,0.010836511823999098,0.007635341104463644,0.0009756288212143103,0.005058268104846928,0.017835615765959857
2013-03-31,1,824,0.0042912960075384195,0.0029769902959557036,4.996087658575354e-05,0.0009990206703758828,0.011009021898132538
2013-03-31,2,823,0.005612724289876076,0.004440729052114578,9.28772933006176e-05,0.0017093131479879453,0.012984965405327304
2013-03-31,3,824,0.007240749028393804,0.0057174514579025875,0.0001557813343140617,0.002414945884245186,0.014105836437460034
2013-03-31,4,823,0.00940070721948729,0.007641275835123312,0.0006364012819373607,0.0033204779078153286,0.014689955330640951
2013-03-31,5,824,0.010646376580090227,0.005106529151371168,0.000356956830377213,0.00528856133864155,0.017812203580753885
2013-04-30,1,812,0.004865416589787782,0.0024199014773903893,6.397463602099509e-05,0.0007900158823371899,0.011371083292748935
2013-04-30,2,812,0.005953070572639774,0.003416564066279767,0.0001586372885577541,0.0014571689238677197,0.012608428736454357
2013-04-30,3,812,0.007012736551143458,0.004588349725721846,0.0001494584610878895,0.0020759614043924504,0.013755818906144138
2013-04-30,4,812,0.007230161244344155,0.0048482758869562385,0.00021956226341912643,0.0029360353089521417,0.01383916320874895
2013-04-30,5,812,0.012134451892165544,0.008973091116566703,0.0008477209706015339,0.004776806244738554,0.0202589691231926
2013-05-31,1,826,0.009936580849571264,-0.00873048428236091,0.00016831448603633875,0.0008837331647481842,0.009371387777434638
2013-05-31,2,826,0.012960959952524722,-0.01160026636546786,0.00030968161162024785,0.0015347100661243836,0.011005229024826273
2013-05-31,3,826,0.013136159866030808,-0.011356150125038217,0.0002852111513421545,0.002116000083260729,0.011370897752503094
2013-05-31,4,826,0.013566421286474874,-0.011160496398253564,0.00034287045738341733,0.0029465898051510737,0.01329239374042919
2013-05-31,5,826,0.016522358962051013,-0.013446888634552373,0.0004660762163162308,0.005058111909515517,0.01658743506917879
2013-06-30,1,812,0.011165832830769738,0.010511871905342344,0.00025960750158277843,0.0009779783635555936,0.010576681764612952
2013-06-30,2,813,0.010689522198395652,0.010022619905926724,0.0002494954400290225,0.0016707375086945032,0.010826604632261337
2013-06-30,3,812,0.012733772709820745,0.011792647774648331,0.0003397704745397735,0.00228997406973005,0.011993466753574687
2013-06-30,4,813,0.01318784984654505,0.011663136528573464,0.00039602567566929855,0.0031214198624029263,0.013085155393529288
2013-06-30,5,812,0.013165278714040165,0.011947376802498614,0.0004401841266979589,0.0052768434878391725,0.01447120982880369
2013-07-31,1,845,0.00428946789252227,-8.689941293849284e-05,4.7958749437519554e-05,0.001137634088292699,0.009547232146118231
2013-07-31,2,845,0.005652722772992245,-1.2343184260090747e-05,7.484032210089519e-05,0.0017914213142558504,0.011319488936218078
2013-07-31,3,845,0.006502040840574058,0.0002935147950509784,0.00010264560627333051,0.0023681296736148983,0.012353067048831344
2013-07-31,4,845,0.00639185884942962,0.0003102840135914491,9.57366491368714e-05,0.0031727226811636335,0.01285734141773385
2013-07-31,5,845,0.010266540774454543,0.0013018579937630614,0.0004067759345986016,0.0050645532589843655,0.017630457756231347
2013-08-31,1,851,0.004948304706942034,-0.0021479083335039888,5.548842618411235e-05,0.001096925922714935,0.009167535591973811
2013-08-31,2,850,0.005595707696951649,-0.002135411765146487,6.524350916860799e-05,0.0017073089861802128,0.010963479750856523
2013-08-31,3,851,0.006473633273581261,-0.0026315393647569976,9.997265092046117e-05,0.002252764861745928,0.012682835843095753
2013-08-31,4,850,0.006921896766855966,-0.00044045882756643765,0.00012927868957557107,0.0030237670254057766,0.01314395970111651
2013-08-31,5,851,0.008987448566135469,-0.00031914217147999276,0.00020069113522930014,0.0048467139441859645,0.016766513777180355
2013-09-30,1,841,0.0058467571449548035,0.005273531522319041,7.491883410572954e-05,0.001117463855482814,0.008910281781943167
2013-09-30,2,841,0.007369974663896541,0.006684304401675602,0.0001162185731006852,0.001748939407007847,0.010532659545243461
2013-09-30,3,840,0.00926060411041642,0.008444571434397186,0.0001920543333217477,0.002291296136727638,0.012724885941982879
2013-09-30,4,841,0.01099287944891761,0.009590332940082996,0.0003095582343116274,0.002999056368642458,0.013794526265177067
2013-09-30,5,841,0.012050249159350691,0.009826397139981147,0.0004544393615331799,0.004664848245004562,0.016290835496985186
2013-10-31,1,864,0.004066332281449611,0.0023369560231677263,3.7438720549040115e-05,0.0011015990203115714,0.00808919875552257
2013-10-31,2,864,0.005040235191477126,0.003538217586959002,4.9719581984075545e-05,0.0016674772455257533,0.009544970318166748
2013-10-31,3,864,0.006156961873607499,0.003983749974024788,0.00010549727235540346,0.0021913553874751603,0.011447127242564425
2013-10-31,4,864,0.007033420098557049,0.004346817135485624,0.00021482320762295545,0.0029055936165166708,0.012468133908918756
2013-10-31,5,864,0.011134290177561212,0.007251226829583646,0.0010216070731540311,0.0046326095885657215,0.016384761686643955
2013-11-30,1,856,0.007262785747530347,0.006575993005379846,0.00011036541299296222,0.0010200263905884605,0.007192528041497
2013-11-30,2,856,0.009682697834698084,0.009081565417698789,0.00017587416661577537,0.0015581927769490996,0.009773699646224671
2013-11-30,3,856,0.010074709965237702,0.00988995326033716,0.00019746552516641198,0.002053079438066733,0.010831582408162467
2013-11-30,4,856,0.01136934438962657,0.010665549065532309,0.0002498500892175245,0.0027424506393726447,0.012298429261251027
2013-11-30,5,856,0.012355904735838228,0.011343983634003825,0.0004476849010279767,0.0043710143281380995,0.015908044755209287
2013-12-31,1,878,0.0059226103197827186,0.001437687928008925,7.083831687064322e-05,0.0010986578755830608,0.007955604215185205
2013-12-31,2,879,0.006679975808368149,0.0014375085494905432,9.041941834532065e-05,0.0016863904712729855,0.009726315336088129
2013-12-31,3,878,0.006934343931186815,0.0008225854224723484,9.399079009225548e-05,0.002261950812888897,0.010711330405896148
2013-12-31,4,879,0.007563871611998185,0.0010021501698335396,0.00011070584175001418,0.002963006433671723,0.011381976453826138
2013-12-31,5,878,0.012262270645538545,0.0005501025204833412,0.0009259227640777271,0.0046428846264111945,0.015794793069107284
2014-01-31,1,881,0.0039043705505969572,0.0027392168006379457,3.0371174787819344e-05,0.0010343167143149607,0.007217900028351339
2014-01-31,2,881,0.005902746941071291,0.00468406355456999,8.541191734688135e-05,0.001671500644071039,0.009383878301971224
2014-01-31,3,880,0.007744841645730192,0.006839602262686061,0.00020069517870024365,0.002223552749788793,0.010478128499945366
2014-01-31,4,881,0.010324421599779431,0.009707695804044948,0.0005041208668679925,0.0029148418208651055,0.01173908844453093
2014-01-31,5,881,0.01221861566335177,0.010085039698462422,0.0006553024225573547,0.004719678939899303,0.016072840323639037
2014-02-28,1,870,0.003774401197008395,0.0018834252923227923,2.8119712428497946e-05,0.001117507368212417,0.00729967116957474
2014-02-28,2,870,0.005131155397412572,0.0033698390792339743,5.544543300407868e-05,0.0017448591782012884,0.009820585661619948
2014-02-28,3,869,0.005547052709725672,0.0036145224500172147,6.540526940039055e-05,0.0022980433264680527,0.010784789533741682
2014-02-28,4,870,0.00653138863710239,0.004035965500333569,0.00011363777493558734,0.0030316789635320062,0.01204415881750922
2014-02-28,5,870,0.010076394808898699,0.00451949422359607,0.00042942455444062175,0.004816210357798246,0.01605402438947877
2014-03-31,1,895,0.0038436078740550724,0.0030801229069034462,3.0639078394607e-05,0.0010238667707696057,0.0068214879590006985
2014-03-31,2,895,0.004973786755341428,0.004096033514938096,6.129186921208888e-05,0.0016846702976720395,0.009564380709795236
2014-03-31,3,896,0.005292882117939553,0.004294352671666145,8.045330458195503e-05,0.0023154701184043497,0.010942285358093575
2014-03-31,4,895,0.006436788353032365,0.005429653631526178,0.00011276983097481477,0.0031605748810450566,0.01209811974779258
2014-03-31,5,895,0.008833708706653948,0.005229318452844209,0.0003046488329666639,0.005026416514198163,0.015314222183717216
2014-04-30,1,886,0.0029517990779354348,0.00031518058173744606,1.9600125863934694e-05,0.0010600963222927966,0.007543726531952877
2014-04-30,2,886,0.0040011294157071015,0.00037934536702045196,3.345864634348725e-05,0.0017789044306669283,0.009257750071056297
2014-04-30,3,887,0.005039246788883438,0.0005965614503120511,6.186300411716582e-05,0.002436984447543704,0.010963198543271074
2014-04-30,4,886,0.006861249996602428,0.0008333408613353202,0.0001532265507166807,0.0033354779710547664,0.012703435957979022
2014-04-30,5,886,0.010165275065507202,8.193002540217954e-05,0.00032899474719484456,0.005382600030023688,0.015085665239596154
2014-05-31,1,915,0.0032353450391251672,0.0021279235008329184,2.3822834777848385e-05,0.001042634217199141,0.006951194176221068
2014-05-31,2,915,0.004334572757183198,0.0031168087454020656,4.7529301622215145e-05,0.0017281899470196125,0.008882147000405847
2014-05-31,3,914,0.005535140032349129,0.004456105024913621,8.983487600166568e-05,0.0023864179299510706,0.010479493011394371
2014-05-31,4,915,0.006744356630476259,0.005279890719244239,0.00014894248317457042,0.003176140104324625,0.012373726911125588
2014-05-31,5,915,0.010138828302042536,0.005246907098236611,0.0005592251030154352,0.005151766902436529,0.015023372356730192
2014-06-30,1,902,0.0027951266228693106,0.0010293237209610655,1.795931495084275e-05,0.0011088131722949374,0.006239045331026799
2014-06-30,2,903,0.0047704753797785104,-0.0006425802788714201,7.517764950970823e-05,0.0017424927557208416,0.008393166804059032
2014-06-30,3,902,0.006361920875701874,-0.0012604656301789796,0.00011190960114061906,0.0023266061064008774,0.009209394589889178
2014-06-30,4,903,0.0075192117634208105,-0.002795215932250799,0.00011592151681906732,0.0031111682590852425,0.010417907284448892
2014-06-30,5,902,0.011598690271389522,-0.0030760531808885806,0.0006948631812576281,0.005030359635575227,0.014687590548742184
2014-07-31,1,922,0.0034259507711589875,-0.0009490672469056334,3.903003056674161e-05,0.0007403778643479364,0.0060417634027298385
2014-07-31,2,922,0.004820628150682548,-0.00092422993972108,6.940853150199054e-05,0.0013164773840756469,0.007765155607825255
2014-07-31,3,922,0.006754277991334183,-0.00016591106825232922,0.00020978885739959162,0.0018498753946645124,0.009262762772604726
2014-07-31,4,922,0.006414735585347882,5.079174227232882e-05,9.00267886960629e-05,0.002540634164732497,0.009543477020276228
2014-07-31,5,922,0.010703633106105897,-0.002227418650568867,0.0009625452816445085,0.004151917933486743,0.012525155005903803
2014-08-31,1,926,0.004785876699246773,-0.002917872556057573,0.00011743228679633945,0.0007788840766627658,0.006443033973028723
2014-08-31,2,927,0.006792047639512229,-0.004476742176873856,0.00016304330538812365,0.0013535212580743888,0.007769703114506134
2014-08-31,3,926,0.00848645313144279,-0.005169028069300803,0.00025437971721626115,0.0018919841487806952,0.008654181159145277
2014-08-31,4,927,0.010970555689541006,-0.00718311760642237,0.0006599265207535136,0.0025770093674942238,0.009559022465153324
2014-08-31,5,926,0.01462010632969382,-0.009366565885948953,0.0009553557292275257,0.004121326514966017,0.012056533689184069
2014-09-30,1,914,0.005713485005069543,-0.004185809626501963,8.068922158472768e-05,0.0007655666774474749,0.005709836361525003
2014-09-30,2,914,0.007524153670460851,-0.003490459522729885,0.00013795667944143799,0.0013810485199379074,0.007247404454525116
2014-09-30,3,915,0.009223861152608023,-0.00233780327625191,0.0002496877077427252,0.0019340575357953448,0.009199639320256983
2014-09-30,4,914,0.01034145074708332,-0.003279190387847032,0.0005168248656112437,0.0026766934462539903,0.0095539396722847
2014-09-30,5,914,0.015046507775982192,-0.005992483601886969,0.001485153892764813,0.0042551121084158875,0.01197360754199657
2014-10-31,1,939,0.005416757786440126,-0.0034167625156377333,8.878201300905571e-05,0.000798877801359064,0.006756214350599813
2014-10-31,2,940,0.008330391109030954,-0.00582838297562356,0.0002784780202524307,0.001426124186011448,0.00835488330557455
2014-10-31,3,939,0.011016422610246521,-0.008296134179429104,0.0005181252446437115,0.0020004546632928742,0.009328614315181512
2014-10-31,4,940,0.010914686538948164,-0.006996489324023485,0.0004464219802362969,0.0027417597424597238,0.010052569244485315
2014-10-31,5,939,0.013587670995133519,-0.009144366375936583,0.0005712342999622125,0.004385799996952305,0.01218957662983158
2014-11-30,1,927,0.00517522219300603,-0.001460625695138538,0.00013327183031660537,0.0007832679222205402,0.00681014287447969
2014-11-30,2,927,0.006925093520286762,-0.002486256747287731,0.0002573253382761801,0.0013953813062576076,0.008269213164679191
2014-11-30,3,926,0.008342773619335825,-0.003722321815393927,0.00037415064995372345,0.0019636304973475716,0.009162164871889051
2014-11-30,4,927,0.011727771420521045,-0.006266084140058451,0.000678900732457045,0.0027380394675047322,0.010287200565900672
2014-11-30,5,927,0.022886635910450426,-0.016405695826269967,0.003900429958093633,0.004487430737593977,0.012959826162998796
2014-12-31,1,952,0.006358888341501872,-0.002409768915013887,0.00012855383628253067,0.0008367744294845963,0.007461690558275518
2014-12-31,2,952,0.008245044971911957,-0.003806554617702724,0.00019823100583170263,0.0014880079932712974,0.008289679383180941
2014-12-31,3,953,0.010089776558683755,-0.005132801677931484,0.00044863467960141535,0.002080620218269756,0.009768843660482005
2014-12-31,4,952,0.010313307592678227,-0.004041806719505373,0.00035040613509683557,0.002963351780361533,0.009253087084759212
2014-12-31,5,952,0.02236786878426084,-0.010118214300016443,0.003732293165844722,0.004884036234111258,0.01481574457475266
2015-01-31,1,953,0.007966692425505083,0.006864102820850754,0.00021384259641958153,0.0008261697028695784,0.006960427182751699
2015-01-31,2,953,0.01233943704796153,0.011571469045698153,0.00044012515073177724,0.001446734723379645,0.008753243459434162
2015-01-31,3,954,0.014969631169579571,0.014449832300750177,0.0006774620330101138,0.0020129054353158204,0.010066500632528983
2015-01-31,4,953,0.013795530357930933,0.013659296937535198,0.0006434556973306018,0.0028080591702407606,0.009898214694800374
2015-01-31,5,953,0.024336958571150098,0.02264611752241988,0.0031767405533282057,0.004626641749917785,0.014986827612301275
2015-02-28,1,941,0.00499906534433702,-0.0028210414510757395,5.8558196352624505e-05,0.00080795262839492,0.006248935558827977
2015-02-28,2,941,0.006505185052357458,-0.002887183857808939,0.0001694266474467837,0.0013555919820128267,0.0076146109274999405
2015-02-28,3,940,0.007400757230298233,-0.003463436167820622,0.0002404039017761754,0.0018637526778534953,0.008614765626160847
2015-02-28,4,941,0.009276804516482646,-0.004870510154053974,0.00036687237429155366,0.0025487625121081254,0.010358597971364644
2015-02-28,5,941,0.017017923540290466,-0.010183156197530475,0.0017910496454482438,0.004198336335398871,0.016175101307819
2015-03-31,1,960,0.004391455916928061,0.0008773437410620014,9.267670149943319e-05,0.0008166411210208208,0.006889072389886601
2015-03-31,2,960,0.005845983575558641,0.0009455416708495553,0.00018850507021750322,0.00139398919817983,0.008210541624997632
2015-03-31,3,961,0.007655864058883669,0.0034457856540470776,0.00027865215126469657,0.0019101618050172318,0.010256663433627746
2015-03-31,4,960,0.008285774773073984,0.005459031237129845,0.00027586521542352974,0.0025905237252666674,0.011921998655794545
2015-03-31,5,960,0.0168557024083739,0.008808145837523778,0.0018284496113959816,0.004206088816839725,0.019602316335762197
2015-04-30,1,945,0.005370414935434093,-0.003022338633986668,7.780896182967756e-05,0.0008439239298148908,0.006998265857457672
2015-04-30,2,944,0.006236228697422016,-0.002637224568793422,9.855321354684205e-05,0.001399323885102142,0.008538785198486979
2015-04-30,3,945,0.006503652825356321,-0.0015697671897772813,0.00011402534192385636,0.0019015318433184935,0.009984505416434489
2015-04-30,4,944,0.007149939436960248,-0.0008300635690444571,0.00018723036003700347,0.0025435034205708185,0.010847848639644827
2015-04-30,5,945,0.015840918380441445,-0.004012063500904429,0.001615516738988407,0.004272258497114298,0.021237251130801285
2015-05-31,1,973,0.006711108450472791,-0.0051736793400157305,9.265979668074639e-05,0.0008251215096617038,0.006146731108837032
2015-05-31,2,973,0.007458482632410187,-0.00481652620216925,9.482325948752726e-05,0.001444390977808291,0.008623798600492609
2015-05-31,3,972,0.008925405330831413,-0.005662767486582097,0.00016604524079786103,0.002009474616788603,0.011183504228692534
2015-05-31,4,973,0.010237590471446886,-0.006170873591149883,0.0003343687255127047,0.0026813953349219444,0.013137052044984254
2015-05-31,5,973,0.019739825188453682,-0.013859188058570152,0.0029912050315947353,0.0043789006065111085,0.02019437481870375
2015-06-30,1,959,0.006129227663681156,-0.0037063295283291755,0.00016096000158024573,0.0009170413516648587,0.007639856277785209
2015-06-30,2,959,0.008449866381125139,-0.005409489048684535,0.0003083069055434494,0.001546485263297491,0.009927986142949324
2015-06-30,3,959,0.01040152327029764,-0.006745380595895238,0.0006105936666061728,0.002113298210982091,0.010800136598650756
2015-06-30,4,959,0.01374652685030265,-0.009941970821191063,0.001084489873626219,0.002825794366478402,0.013173854890770983
2015-06-30,5,959,0.0267937115291644,-0.020987810258832593,0.005548326838803276,0.004568440436891135,0.018844420202217136
2015-07-31,1,969,0.008879109098982617,-0.006101713105248371,0.00016869977841617648,0.0007918946104704141,0.008951852468300311
2015-07-31,2,969,0.011268483334947095,-0.008164509822453744,0.0006530385101049145,0.0014264264854555416,0.009884282781324336
2015-07-31,3,969,0.012064896832446548,-0.008547069126282005,0.0006803080961116033,0.0020333657089458153,0.011026456821346836
2015-07-31,4,969,0.012814022251906518,-0.008681434465287687,0.0007674431224838133,0.002891837560928531,0.011090894189506807
2015-07-31,5,969,0.025373535757328636,-0.020183715123781247,0.004081048292207693,0.004974238157486749,0.021537302576030898
2015-08-31,1,976,0.007632003392507274,-0.0035192725335797207,0.0001988753256045572,0.0007333853397107412,0.008802817071889953
2015-08-31,2,976,0.009922035448566131,-0.005778750015466716,0.000290711246966331,0.0013106960552198145,0.010033681351964734
2015-08-31,3,976,0.012326525822949947,-0.007814866809343077,0.0005526924283428105,0.001875022936722761,0.011486247370063044
2015-08-31,4,976,0.013086601206953192,-0.008533094274756967,0.0008482235464378993,0.0026768920260743043,0.012072184847112151
2015-08-31,5,976,0.03542987890141191,-0.018863780771198435,0.03052368114037133,0.0045608155480744185,0.022123396832478062
2015-09-30,1,965,0.010635667341104054,0.00975320207307865,0.0003164796176537315,0.000792226688652263,0.009023367337362713
2015-09-30,2,965,0.014038401796155632,0.01123369947687175,0.0005943459706470981,0.001457230317901914,0.010992153798298024
2015-09-30,3,964,0.013275212537229412,0.009436929450048297,0.0006171327895076287,0.0021092866256159828,0.011935213996447569
2015-09-30,4,965,0.013513182145790998,0.009258445561754154,0.0006428859543035314,0.002947731546303977,0.012302282141503392
2015-09-30,5,965,0.024370625734685264,0.010278507720316679,0.0036314853078188987,0.00505685906400314,0.021327764777955272
2015-10-31,1,991,0.006140066026748187,0.0026838950530427234,9.312165579869842e-05,0.0006712888769008141,0.009424332861688658
2015-10-31,2,991,0.00777387889407467,0.0013757013227719758,0.00022043673641429208,0.0012165968209715396,0.01058835516466098
2015-10-31,3,991,0.010609970280983143,-0.0013827346068732997,0.0008055078406428088,0.0017817245191702395,0.012347297282642887
2015-10-31,4,991,0.013071004848203775,-0.004265156402538073,0.0011725318860570334,0.002544707174064587,0.013800906366715555
2015-10-31,5,991,0.027021937166883864,-0.015743289589598936,0.004339944605026384,0.004538282702814986,0.026911459395102807
2015-11-30,1,980,0.007048449694462901,-0.0035220102054822466,0.00024158951885322943,0.000703978588401451,0.00928207897906739
2015-11-30,2,979,0.010105052023398592,-0.006239162418211469,0.0008032028419738636,0.0012520374081448292,0.011091325950290977
2015-11-30,3,980,0.014296308570509696,-0.009980795895219727,0.001618926873608075,0.0018138963684653196,0.013107971045630674
2015-11-30,4,979,0.020947679845376602,-0.016031511738441737,0.0026092828118171978,0.0025902080158737508,0.01500619690613211
2015-11-30,5,980,0.04359068170835046,-0.03584095918091147,0.011012112700677477,0.004486209650384483,0.02569400957629775
2015-12-31,1,1015,0.01746956521911332,-0.01599205911315859,0.0007020626165021483,0.0008226465239241201,0.009421248324131958
2015-12-31,2,1015,0.02265469903217744,-0.020819793087730656,0.0015733923811582244,0.0014105109754016841,0.012079074208918126
2015-12-31,3,1016,0.02602602769682132,-0.02347203738403063,0.002074939297255813,0.0020136135725663837,0.014390309817701303
2015-12-31,4,1015,0.03153316835421764,-0.02829369462487386,0.003727187539148852,0.0028153316957240126,0.017301605154537495
2015-12-31,5,1015,0.046931019718980733,-0.04081106405152742,0.010462706893482467,0.005021294371070409,0.028452482767910556
2016-01-31,1,1020,0.011079404028835877,-0.0060871372381798745,0.00036543114291636303,0.0007662731331154611,0.010644577050586352
2016-01-31,2,1020,0.013825751142349985,-0.005185911769962438,0.0006421057546229885,0.0014155084583230616,0.01359077137719496
2016-01-31,3,1020,0.01816813290101247,-0.0023546274300957413,0.002424393430559455,0.0020499754946691046,0.015418019551164943
2016-01-31,4,1020,0.025952994520978708,-0.006758960685896026,0.004146860459866136,0.0029262339999828356,0.019746484377887917
2016-01-31,5,1020,0.044684826802269324,-0.014536441356911239,0.014877320008194679,0.005091986123782312,0.030221546668471527
2016-02-29,1,1011,0.016698139620538243,0.01660237387508123,0.0007350634823086968,0.0006938737440375453,0.009266928932291833
2016-02-29,2,1011,0.026059093226395862,0.025853264101667068,0.002109609805305521,0.0012978783871290384,0.01265182326398061
2016-02-29,3,1012,0.033428891168192594,0.033913586949224576,0.003867939914187374,0.001904314480386814,0.015353604475146165
2016-02-29,4,1011,0.036474792608516576,0.034307853648338785,0.00610134851057053,0.002762787934675322,0.017132384372480002
2016-02-29,5,1011,0.0840311224613444,0.08168525210803942,0.04709411243937497,0.004872387660601076,0.03224542703031249
2016-03-31,1,1027,0.013189144276887646,0.013391080819261172,0.00038618713721779395,0.0006836721588731467,0.012915631233622061
2016-03-31,2,1028,0.016157079281405713,0.016504309340064745,0.0006988012497127865,0.0012726682816964977,0.01586337454387378
2016-03-31,3,1027,0.017327069852560363,0.01777534566845541,0.0011614008718904083,0.001844112177488365,0.017810903478764534
2016-03-31,4,1028,0.025637811403566427,0.026080875430896638,0.003322688349490442,0.0026470158452489884,0.023410437606252308
2016-03-31,5,1027,0.05772532206570575,0.052105423472232695,0.018763859211527487,0.004735834446497784,0.0492896027126784
2016-04-30,1,1010,0.005906978703807448,0.0009875049589819617,9.371905285512069e-05,0.0006796444107954831,0.013616823810624118
2016-04-30,2,1009,0.0075809266292693805,-0.00013553023585686008,0.00018484085484324998,0.0012425278552325454,0.016479189355920427
2016-04-30,3,1010,0.008249068433127098,-0.00010140593838171993,0.00020683285902553267,0.001833695678164466,0.019060381068631824
2016-04-30,4,1009,0.008384682061644866,0.001497750263537116,0.00038625227788687146,0.0026502264156457733,0.01922173058361479
2016-04-30,5,1010,0.028929024976328575,0.013814009840402517,0.009518824061185297,0.004641529928554724,0.050389867187344915
2016-05-31,1,1028,0.009118104332032976,-0.005822811283601704,0.00017097379641774736,0.0006929466848614035,0.014100578289133118
2016-05-31,2,1027,0.011069559922143361,-0.003979990269004204,0.000267499520753697,0.0012363281004799853,0.019034276309466646
2016-05-31,3,1028,0.010638444498046457,-0.002857130347156661,0.00027411060539633006,0.0017615810641961715,0.02236202518590707
2016-05-31,4,1027,0.011473781295986153,-0.0028537974682912976,0.0004382538507902211,0.0025083371616116436,0.024068788340197638
2016-05-31,5,1028,0.022937859689628193,0.007243988275751216,0.005527488310183192,0.004273336404105601,0.03931101574236844
2016-06-30,1,1007,0.010081221673908475,0.009954160869737097,0.00023543352512842526,0.0007734318790380347,0.01675900725080161
2016-06-30,2,1008,0.012369379018864075,0.01230156747458981,0.00038883690877554444,0.001333265276485501,0.020175437578271553
2016-06-30,3,1007,0.012954347043436008,0.012209592828305246,0.0006055372370326306,0.0019211432421834798,0.021929742458569563
2016-06-30,4,1008,0.014663297729672415,0.012824761902832521,0.0006941726018471154,0.002706333008147978,0.027497719383593855
2016-06-30,5,1007,0.019834676594013695,0.015504985087264155,0.0016179271332937288,0.00454616681087267,0.03727587154411199
2016-07-31,1,1021,0.008212296951279865,0.008052282063538899,0.0001663893035423054,0.0006433216255731532,0.014604791835228108
2016-07-31,2,1020,0.009776712263671357,0.009931999997709627,0.0003137026156232706,0.001104329530549297,0.018363954222424136
2016-07-31,3,1021,0.010725296674830633,0.010553075430630733,0.0003726627547467256,0.0016052734308576906,0.019441953131181525
2016-07-31,4,1020,0.011859013964066861,0.011799049029475867,0.0004995394918947996,0.0023201043326481997,0.023556708926273043
2016-07-31,5,1021,0.02371311138759678,0.022181547490454055,0.0030498901469299747,0.003929885809773068,0.046516903122630605
2016-08-31,1,1026,0.004296354486013439,0.00030793372147402737,4.178420080980521e-05,0.0006666504553472717,0.01565623496860123
2016-08-31,2,1026,0.005209103422214895,-0.00018687133554293303,6.616549769889559e-05,0.0011757379987295726,0.018861514073736114
2016-08-31,3,1026,0.0056222814986968146,0.0011101364648675018,0.0001230554066832369,0.001722205782318042,0.01975269432631062
2016-08-31,4,1026,0.005756353566542521,0.0015652436672573837,0.00010659065129243439,0.0024218801002846195,0.023931762550237816
2016-08-31,5,1026,0.010044553224115363,0.004666793373763623,0.0006167817917674465,0.0040350299549212956,0.04265988014382341
2016-09-30,1,985,0.005608568884960215,0.004891807118291567,9.345223798809574e-05,0.000684497605400598,0.01521967007146869
2016-09-30,2,986,0.0064583331488789536,0.0049153245341423376,0.0001278179929262125,0.001187302524149151,0.017209532276162166
2016-09-30,3,985,0.007625416653492249,0.004694659914581316,0.0002301548598503554,0.0017724600230915157,0.019222624189566086
2016-09-30,4,986,0.008500662337296011,0.005786217044011361,0.00025447243105003177,0.0025052061787618728,0.021963310287426582
2016-09-30,5,985,0.014154982735334547,0.012896710654279232,0.0010295528364511496,0.004042638251208842,0.04244864777330153
2016-10-31,1,1007,0.006487770820483997,0.005656633551848899,0.00011642585884456137,0.0006878573794291375,0.017338593009506662
2016-10-31,2,1007,0.00722394761969428,0.005833078457764448,0.00015289307181036172,0.0012003941962245319,0.019094277926812203
2016-10-31,3,1008,0.007254498555128297,0.005925406744858091,0.0002004239138181187,0.0016771077427606593,0.01899168612499682
2016-10-31,4,1007,0.009621142496822516,0.007464856032720897,0.00035535561807180366,0.002291975979150028,0.02310508954175998
2016-10-31,5,1007,0.01284368737228726,0.005398580021409423,0.001003012425268472,0.00383177920845927,0.028178206132072003
2016-11-30,1,994,0.0076807988848752815,0.007435281695470402,0.00020232833136555895,0.0007364379774034114,0.015640532139802377
2016-11-30,2,994,0.009394395405046545,0.009072927552533546,0.0002801011328290507,0.001246540345551774,0.01897046192800689
2016-11-30,3,994,0.010003697883098774,0.009495251504514478,0.0002935033277574913,0.0017766461909510612,0.0201903824897402
2016-11-30,4,994,0.010927077431604336,0.009881398393230725,0.00034705707691437185,0.0024836435670739804,0.024024867761289825
2016-11-30,5,994,0.015088977862953218,0.013421509077347828,0.0013482894833406467,0.003977890780690609,0.02992448368651024
2016-12-31,1,1011,0.005627848101016264,0.0025054401548257324,9.357620946681588e-05,0.0007037157291069716,0.015922607845130027
2016-12-31,2,1012,0.006522305945232841,0.0037638340090887664,0.00012522740252956453,0.001216526646877493,0.019744018470659205
2016-12-31,3,1011,0.007141482960735821,0.004063521264135532,0.0001469366137008793,0.0017285569399681472,0.019453211639794733
2016-12-31,4,1012,0.007333302304027443,0.0032564229400643967,0.00023259991413333874,0.002429488436604144,0.01964837923210231
2016-12-31,5,1011,0.00920267528935214,0.005245380795469781,0.00043317373498406934,0.003952382067935525,0.02344042987588733
2017-01-31,1,1007,0.00474710505396243,0.004103316786290792,6.26207377603326e-05,0.0007297667312851377,0.013993635473727322
2017-01-31,2,1008,0.005672435051468353,0.004536587300049538,9.609145406385291e-05,0.0012770560111047815,0.016049158101618187
2017-01-31,3,1007,0.0059062793715875085,0.004742442908809518,0.00010219366502782558,0.001797651603992276,0.017149490836615416
2017-01-31,4,1008,0.006166244574812851,0.003865674597739324,0.00011534308005318909,0.0024573162202288956,0.01815306178583876
2017-01-31,5,1007,0.008324394415221694,0.0048416385073666215,0.0003419401147119769,0.003953602425608025,0.019315358965252178
2017-02-28,1,997,0.004403031663417723,-0.0008600702155929364,4.445879446566886e-05,0.0006624889851938546,0.012389679894899495
2017-02-28,2,996,0.0052275146562239016,-0.0012917268976301982,6.877750606148887e-05,0.0011678744651738772,0.014304428990656969
2017-02-28,3,997,0.005483882722656658,-0.0018448144380793308,6.853827465210287e-05,0.0016693509284378264,0.015732371890703995
2017-02-28,4,996,0.006209479860947509,-0.0019165562159970254,0.00010156871723407393,0.002359659639695016,0.017849771742894885
2017-02-28,5,997,0.007405048228933014,-0.0015868605736442472,0.0002642418897553535,0.003873634947604725,0.01947692073515256
2017-03-31,1,1012,0.003613008336484922,0.0016880434801681656,3.9535830320054805e-05,0.0006444094943792825,0.009341284047366463
2017-03-31,2,1012,0.004256975506191598,0.0021933893202636364,5.906619432054787e-05,0.0011160058555119414,0.011686130891198817
2017-03-31,3,1012,0.004746315535911525,0.002100009881841874,7.683381158650887e-05,0.0015740923382239096,0.012082774596029381
2017-03-31,4,1012,0.0048473890590904475,0.002232025689121469,6.752284191287668e-05,0.002219611798097109,0.014121226672356095
2017-03-31,5,1012,0.0065312057026008525,0.0022992687633448822,0.00018241597386023758,0.0037240126307941978,0.01508033769304754
2017-04-30,1,999,0.004087244421662133,0.0036082882901895858,4.5506910215685654e-05,0.0006898433066410197,0.008723877327547442
2017-04-30,2,998,0.004939330909296284,0.004617354703955362,6.599015515550292e-05,0.001156855536546149,0.01010314850913217
2017-04-30,3,999,0.005359554084515526,0.004227427418633275,0.00014318802024074968,0.0016000015143702879,0.010528184683621308
2017-04-30,4,998,0.005672917485212315,0.004155170331226278,0.00013519052753467237,0.0022117622041304694,0.011032364258699558
2017-04-30,5,999,0.007966645828323436,0.0018577177386421343,0.000263933691864558,0.0036618939303029933,0.014249141235143672
2017-05-31,1,1006,0.004295264085693833,0.003387326054142622,5.6652641619206786e-05,0.0007836100550128476,0.007901809617383742
2017-05-31,2,1007,0.005258452318847965,0.004244647475658823,7.913038914063701e-05,0.0013632709416584899,0.00885633198515101
2017-05-31,3,1006,0.006284009674797133,0.004483151114620692,0.00014167920276757684,0.0018847472526893267,0.01004711465121827
2017-05-31,4,1007,0.0063217167855871585,0.00433651439489004,0.00012926399537149862,0.0025582911709675998,0.01086231898455515
2017-05-31,5,1006,0.008337627126570138,0.001204214699950529,0.00032595835162208355,0.004013715389438605,0.013501749289701237
2017-06-30,1,991,0.00498350493725841,0.005252815334616331,6.636270375623964e-05,0.0006685446924696255,0.007237420189469803
2017-06-30,2,991,0.005185047596898186,0.005308516647838467,7.881377790663122e-05,0.00115046773068494,0.008077376231769337
2017-06-30,3,991,0.005878407716547345,0.006072330975186833,0.00010445889775158505,0.0016160979404341174,0.008869483042149955
2017-06-30,4,991,0.006971573762001861,0.00663990917210224,0.00013047442852636898,0.002247159964427148,0.010201944169684611
2017-06-30,5,991,0.00987866037534501,0.007052048436596209,0.0002879010885830187,0.0038200711369171764,0.013906427246784085
2017-07-31,1,1004,0.005034827948541215,-0.0032716932116174965,6.08938911605629e-05,0.0006235611157487305,0.005689422878755966
2017-07-31,2,1004,0.007413067322199346,-0.005293316733180714,0.00012088561661524486,0.0010481373311636462,0.007329242619008309
2017-07-31,3,1003,0.008394883868208351,-0.0053005583365355255,0.00016533911993812944,0.0014265666215984168,0.008655519558434412
2017-07-31,4,1004,0.008347754871612559,-0.0043275398207313345,0.0001344484403506203,0.0019172411269804844,0.009594077150963862
2017-07-31,5,1004,0.011172592520976297,-0.005722758963307149,0.0004109603790410077,0.0031463907631105468,0.01300753529041228
2017-08-31,1,996,0.005101648300311085,0.0052862650587580376,8.122424096014652e-05,0.0007084785887899184,0.005688696812577177
2017-08-31,2,997,0.00651705913011996,0.006815275827295259,0.00012693149366726952,0.001213096279445439,0.007107505383282568
2017-08-31,3,996,0.0082064302084418,0.008997610438989313,0.00018995504357211633,0.0016384093513114358,0.008645104744351729
2017-08-31,4,997,0.008643608200106281,0.008815827491754092,0.0002490209025714493,0.0021914463789101776,0.009362781455062183
2017-08-31,5,996,0.013213036197566724,0.010863955803468555,0.0007439674280180211,0.00349001956143515,0.012899829799629935
2017-09-30,1,992,0.00570632592085172,0.004507278213516715,8.624474821663987e-05,0.0006512900222106627,0.006183729762780142
2017-09-30,2,992,0.006787916553842411,0.005957298398441473,0.00013478035813035855,0.0010816258929130405,0.007409271575364142
2017-09-30,3,992,0.006905414689697222,0.0063211895100369385,0.00011922982767033138,0.001465379007695849,0.008401591378790135
2017-09-30,4,992,0.007466172547363395,0.006663921393591145,0.00015462521855111135,0.0019401654040482293,0.008921553150277525
2017-09-30,5,992,0.00979108705424648,0.005538427431573719,0.00040930451304001177,0.0031528893356283557,0.01294777590626596
2017-10-31,1,1010,0.003184980867276686,0.00013098019649753563,3.8786793231414274e-05,0.0006805097981722349,0.005353235013998599
2017-10-31,2,1011,0.004404583145831177,0.0002064292826089855,7.036819468220544e-05,0.0011978436439651727,0.006775392159261681
2017-10-31,3,1010,0.005564940639314884,-3.983168957131398e-05,0.00010570600875740137,0.0016206400144824003,0.008308965580525003
2017-10-31,4,1011,0.0064409110679738805,-0.00011545005631631376,0.00015205202630456962,0.002164959927709707,0.010028473624403369
2017-10-31,5,1010,0.009210140842592274,0.0003521584069020908,0.0006657499806821608,0.0034894190981126527,0.013004568215640059
2017-11-30,1,998,0.003662811526723616,0.0034876953917471233,3.864221132037178e-05,0.0006033870902869696,0.005707102980143964
2017-11-30,2,998,0.004905373237028938,0.00437552102777703,6.418633728498976e-05,0.001084739957585469,0.007160178590110058
2017-11-30,3,998,0.005435441685520829,0.004802064132150236,8.817218788336229e-05,0.001510551062454629,0.007995259509956363
2017-11-30,4,998,0.006006202193896735,0.005252184365197095,0.000128325710359868,0.002044193737361139,0.009040907258988994
2017-11-30,5,998,0.008932814823964784,0.00411985972014938,0.0005890626400802853,0.0033493945994177605,0.013036210869488732
2017-12-31,1,1021,0.0056198989166997,0.005839402547490996,9.079381538935092e-05,0.0007030699773482389,0.005842359940890828
2017-12-31,2,1021,0.007380695097306299,0.00796068559938303,0.00016304202175309365,0.0011511339725961535,0.006834639118352601
2017-12-31,3,1020,0.008088056113033499,0.008597558822611082,0.00020483019469118134,0.001513429907067291,0.0075001960620421455
2017-12-31,4,1021,0.009150789468425317,0.009749931438580908,0.0002710407771343543,0.002016237965486219,0.008185188051257513
2017-12-31,5,1021,0.01408785417404879,0.014854211551375715,0.00084050503470578,0.0032900308791120273,0.012413955314752492
2018-01-31,1,1016,0.005274525508665632,-0.003545501964597818,5.3276893949232384e-05,0.0007257059404042026,0.0055517798565054375
2018-01-31,2,1016,0.006502045396596125,-0.0041574114227620074,7.919062898868056e-05,0.00120186017814185,0.006697982759357043
2018-01-31,3,1016,0.0073365602926540666,-0.00450778543431016,9.834770705552539e-05,0.0015840116883939527,0.007428940883835455
2018-01-31,4,1016,0.00777336144874972,-0.004410029522795964,0.00011008873922870773,0.00204309938307896,0.00864181161861059
2018-01-31,5,1016,0.011895339290631949,-0.003910344515660418,0.0018672844443268397,0.0032593179469145267,0.013183707347764088
2018-02-28,1,1004,0.009689949439764785,-0.0085880677477588,0.00015225057717025735,0.0006849101834463576,0.00623631697580468
2018-02-28,2,1004,0.010549412989395473,-0.008987290829832616,0.00017304775074430327,0.0012098819043113063,0.007181773055429115
2018-02-28,3,1005,0.011052410578926555,-0.00956653732111717,0.0001836314863953835,0.0016311775823835395,0.007441500644115781
2018-02-28,4,1004,0.011578565788959274,-0.009674850612853957,0.00021797839087017815,0.0021367580178380404,0.008159975958006053
2018-02-28,5,1004,0.014908865509914031,-0.011288745004909664,0.00045298962160553635,0.0034489302885419427,0.012984017946037657
2018-03-31,1,1018,0.003951149853869782,0.0019946169029717853,3.454914192277635e-05,0.0006184127427112935,0.0068094884731487
2018-03-31,2,1018,0.004968434932914096,0.0023402161124569886,7.14314537289763e-05,0.001079318149721472,0.008444524985928547
2018-03-31,3,1018,0.006050565135659525,0.0027571218167675806,0.00011913259022904154,0.001523501048776385,0.009498794189683205
2018-03-31,4,1018,0.005669074934024874,0.003331100189432418,0.00011907922012965413,0.0020831297654168228,0.009749601285433427
2018-03-31,5,1018,0.00873750283623189,0.005025000036623923,0.0006094167217671372,0.00331088381257435,0.012570704726752022
2018-04-30,1,1005,0.006314880418839173,-0.004326169142677375,9.418647165505222e-05,0.0006722022474885992,0.007802970287939536
2018-04-30,2,1005,0.0073990772744350515,-0.005175154234738198,0.00011714188152600198,0.0011266442934465299,0.009433045856919989
2018-04-30,3,1005,0.00811104152662391,-0.0049579402808168326,0.00015451317866375453,0.0015188059022458044,0.009776067330582533
2018-04-30,4,1005,0.008415301085354909,-0.00518820894687985,0.00019364708569349616,0.0020270633760280485,0.009837210783077982
2018-04-30,5,1005,0.008148914313524746,-0.002725194017476673,0.000246828993838338,0.00317851903933094,0.011101176867144501
2018-05-31,1,1023,0.006860999354869153,-0.005340967744230303,0.00011894330016291788,0.0006668544959921262,0.007528033734454696
2018-05-31,2,1024,0.007516829718155807,-0.005509228521368925,0.00012493427016357277,0.0011139371513965517,0.00873848568109331
2018-05-31,3,1023,0.009021083660169479,-0.006651427159264959,0.00018527300584755254,0.0014923031214799179,0.009810490906997033
2018-05-31,4,1024,0.007658773724505796,-0.004909150386442462,0.00015277679772286284,0.001954228124628839,0.00953105288063147
2018-05-31,5,1023,0.009317400433447798,-0.004189393923528909,0.00022421665357850827,0.003078819964116399,0.012516966710461043
2018-06-30,1,1003,0.008076201582505431,0.008189750742249933,0.00016195013358548483,0.0006809778203672251,0.007246255330561195
2018-06-30,2,1003,0.010384215736587587,0.010896061814359597,0.00027143660352585224,0.001147358538259201,0.009257042754722094
2018-06-30,3,1003,0.012120783751200497,0.01275524427776003,0.0003807194413053183,0.0015496217838565627,0.010262953410713488
2018-06-30,4,1003,0.011420384377709834,0.011792073793183958,0.00034868748348542767,0.0020051452636740143,0.010095832717286408
2018-06-30,5,1003,0.010734140571633539,0.010200000010067784,0.0003499976630897339,0.003136007314383362,0.01197931506595954
2018-07-31,1,1018,0.0046147718674049544,-0.0013548919565841068,5.596399052645247e-05,0.0005804941918146664,0.007986223393788846
2018-07-31,2,1017,0.005565609083281193,-0.0014587708946458288,7.924782054121886e-05,0.0009944389968262572,0.009337856861537899
2018-07-31,3,1018,0.005909055992314303,-0.0008990667951927113,8.143842992854329e-05,0.0014002040861610231,0.01048210038000662
2018-07-31,4,1017,0.006053089844212219,-0.0007362340129421685,0.00011892240805406196,0.0019124978584032263,0.010971561983634635
2018-07-31,5,1018,0.008749929150645914,-0.0017854518664606608,0.00033904445622027867,0.0031224262761389474,0.01287182752033706
2018-08-31,1,1024,0.0056727509414704735,0.005914238282535678,8.987209987306133e-05,0.0006356558314595767,0.008257903297868999
2018-08-31,2,1024,0.0074124496179622055,0.007964658212326725,0.00016690717031211694,0.0010907057880248541,0.009940642175519574
2018-08-31,3,1023,0.007169961331403183,0.007702443793463591,0.00015575639201942515,0.0014827778849080032,0.010092118697331896
2018-08-31,4,1024,0.007926203588902003,0.008467949219465254,0.00017359543337475575,0.0019907078279849354,0.0106640427876048
2018-08-31,5,1024,0.008700700201269668,0.007763232425237021,0.0002614991385196941,0.003107291882425931,0.012250529826832083
2018-09-30,1,1013,0.006782935712503014,-0.005068075025525932,7.958571260247012e-05,0.0006104388706216628,0.007675217139993695
2018-09-30,2,1013,0.008144185653025082,-0.005846653519335515,0.00012688416863743316,0.0010793261692315056,0.009019157320237649
2018-09-30,3,1012,0.00993031796005669,-0.007374357694899071,0.0001658786898791598,0.0015057735831253032,0.010581785646664371
2018-09-30,4,1013,0.010572688024761072,-0.008179062200704978,0.000279196423935053,0.002031765017879056,0.010568362032457307
2018-09-30,5,1013,0.012785340009417542,-0.010146821317605154,0.0004053633971370248,0.00324775249327298,0.013128733304162582
2018-10-31,1,1030,0.011009263284699155,-0.009526767011428674,0.0002346877914242014,0.0006783610437378378,0.00806003823739909
2018-10-31,2,1030,0.013656409315966489,-0.011653679612880172,0.00031851647109075985,0.0011310452746328967,0.010158899825622434
2018-10-31,3,1030,0.014529591841127459,-0.011840232976987643,0.0003525982051727743,0.0015045381768365178,0.010580767093666031
2018-10-31,4,1030,0.015566581189052504,-0.012005009699301473,0.0005284453188756053,0.0019845284902098395,0.01071704180112452
2018-10-31,5,1030,0.019043184473995486,-0.01603165048955348,0.0012430055466881897,0.0030945434338834096,0.01189425527414494
2018-11-30,1,1015,0.011957851358625728,-0.010521852207509744,0.000249117411078339,0.0006874073606443525,0.008992873037641392
2018-11-30,2,1016,0.01599940193017701,-0.013892647640419656,0.0004971400144944278,0.0011645402336317749,0.010820676303060774
2018-11-30,3,1015,0.01617202815584808,-0.01407899503563009,0.0004965622661638442,0.0015622969884083323,0.010633767120904483
2018-11-30,4,1016,0.016198111763022126,-0.013922342534324415,0.0005353287063245862,0.002084034334067569,0.010708708318966953
2018-11-30,5,1015,0.020977282000554147,-0.0182061576272927,0.0015859452558067923,0.0033099847293598128,0.01131935581567203
2018-12-31,1,1035,0.013631061591029253,0.012018009637322745,0.00037908933342704437,0.0006867940706006874,0.010066864089238596
2018-12-31,2,1034,0.016500988760423302,0.015320464243808781,0.0006286523865246414,0.0011757897048127513,0.011164215457596252
2018-12-31,3,1035,0.01605765470178672,0.015121690842468102,0.0006185367185497894,0.001641680516645173,0.011299088312883298
2018-12-31,4,1034,0.018259554796424007,0.014496895514173436,0.0008606156823817272,0.002256961829486692,0.012543413114306503
2018-12-31,5,1035,0.020321660347498723,0.016776908259772176,0.0014313345843622659,0.0036260571640855583,0.014187749668429714
2019-01-31,1,1024,0.006794722176227305,0.007238203122298614,0.00010820102103169737,0.0006260764693677961,0.009703329359833784
2019-01-31,2,1024,0.007726826519471346,0.00791844727476132,0.00014684503077111894,0.0010730127148713526,0.011790912837159545
2019-01-31,3,1024,0.008636198302939454,0.00860292967632148,0.0001936978950876631,0.0014761731580388664,0.012136807682452129
2019-01-31,4,1024,0.009590392188516702,0.009593144525283037,0.0002568857757543774,0.001947907411877913,0.013330532179976286
2019-01-31,5,1024,0.013353673211539668,0.01017116212323188,0.0010186454189849486,0.0030706572070391975,0.01738425869026233
2019-02-28,1,1010,0.004567578018746771,0.0027524059476977214,5.8454476089073844e-05,0.0006432110942522009,0.01045993014639088
2019-02-28,2,1009,0.005194356254068098,0.0024322992984922957,7.491212166931235e-05,0.0011373282565184325,0.012342170433474643
2019-02-28,3,1010,0.0060778306353080755,0.0022846138553816644,9.033552307296668e-05,0.0015966895305570097,0.01324791345819632
2019-02-28,4,1009,0.006269928010055353,0.0024301090099012553,0.00010949667291845064,0.002109937844965172,0.013079612030763531
2019-02-28,5,1010,0.00936435854005153,-9.418809854515972e-05,0.0005114344135448163,0.0032088612549311057,0.016967817491314745
2019-03-31,1,1025,0.006382275682761577,0.006118302423142822,0.00012469427106597886,0.0006251000295433034,0.010122477345669099
2019-03-31,2,1026,0.008826727292534793,0.009466189065537584,0.00023464861493933235,0.0011488409061108963,0.012102068095483993
2019-03-31,3,1025,0.011214516766114733,0.011868829278239169,0.00037675567737561615,0.0015952862924616844,0.013529830044910684
2019-03-31,4,1026,0.010043095037055142,0.010702426900691482,0.0003395986412274707,0.0021416427293863495,0.013701894438534767
2019-03-31,5,1025,0.011433071487307992,0.009606526875591598,0.0007108181406829796,0.0033862577542182457,0.01619622988333554
2019-04-30,1,1016,0.010528685193860327,-0.009033789377127956,0.0002243688435423838,0.0006019480409911344,0.009195587138491971
2019-04-30,2,1016,0.012300414872970738,-0.010306643705347611,0.00032481736261746137,0.001065056900380322,0.010905511905600945
2019-04-30,3,1017,0.016335743744505405,-0.013696784654026324,0.000680333032849467,0.001494995179547146,0.013243121118864368
2019-04-30,4,1016,0.018892554715353792,-0.016265629905957018,0.0007372509914809508,0.0020712752051579735,0.014810101348047968
2019-04-30,5,1016,0.022510112755202004,-0.01924869093940875,0.0011588729504744928,0.0033407139627500914,0.019074476231901026
2019-05-31,1,1027,0.008009033366032554,0.007547263892197535,0.00018078362578803083,0.0006772183888878475,0.010026344247093573
2019-05-31,2,1026,0.010972825612978876,0.011147573084379733,0.0003059387730733639,0.0012360601993773792,0.013552838289764474
2019-05-31,3,1027,0.0114491515477317,0.011296592000118797,0.0003395254840288586,0.0016865948104452806,0.014402021530338904
2019-05-31,4,1026,0.011768249848916052,0.010880565305469964,0.0003769580105000952,0.0022449829761949924,0.014779305329751937
2019-05-31,5,1027,0.013254719514688628,0.009200613423614173,0.0005401678821839623,0.003484893812979057,0.018352568789247313
2019-06-30,1,1015,0.007121686438233955,0.0075501477831772185,0.0001157263760088021,0.0005969538299592669,0.011075084991630686
2019-06-30,2,1015,0.007218548773415821,0.007537852207462107,0.0001344772759545636,0.0010137214237964049,0.012477916144306683
2019-06-30,3,1015,0.007508826723439663,0.007155714280342912,0.00014757433346054973,0.0014093303570149693,0.013722028744457309
2019-06-30,4,1015,0.00924698219145296,0.007486778331925952,0.0002319622404025252,0.0019060585356296918,0.015183536774680467
2019-06-30,5,1015,0.011886496625795056,0.00820231526094951,0.0005777011130300892,0.0030891335990571,0.020533764133472212
2019-07-31,1,1024,0.009003093299037743,-0.007353271466968181,0.00017061092910517335,0.0005830621548704961,0.010162798737249438
2019-07-31,2,1024,0.012045530123356546,-0.010128945310128756,0.0003359243702620306,0.0009989773753196745,0.01255419603706335
2019-07-31,3,1023,0.012362246058865026,-0.010213431068574318,0.0003211800435524392,0.0013834452517201522,0.013751992104936833
2019-07-31,4,1024,0.013658896005160098,-0.011114316414172265,0.0003907410869020541,0.0018832613860043958,0.014568208541374035
2019-07-31,5,1024,0.02000764324810957,-0.016267109390323498,0.0012725818375564856,0.0031662627016764994,0.02040532463935283
2019-08-31,1,1026,0.004367214972069507,0.0033138109130257426,5.373253637375823e-05,0.0006345698762559422,0.011762367570427241
2019-08-31,2,1026,0.004739148680239479,0.003696881096062253,8.749582752752707e-05,0.0010636624322002053,0.01307435850198838
2019-08-31,3,1026,0.005321459425312388,0.003700087716889103,9.178470798325786e-05,0.001476497838914689,0.013473278554438617
2019-08-31,4,1026,0.005691707768086482,0.0035615984308063624,0.0001630960159749865,0.0020491020990781555,0.015264919250510534
2019-08-31,5,1026,0.010519990060587703,0.004090896684114728,0.0005969229691249782,0.0033666373811641,0.02070691993828609
2019-09-30,1,1007,0.005701197496052952,0.00555932472603309,8.991637589912907e-05,0.0005576632137138203,0.012208215380487702
2019-09-30,2,1007,0.006176249298001572,0.0053437735962317545,0.00011273387525866567,0.0009174511154799754,0.013433895490807526
2019-09-30,3,1006,0.006827526253136293,0.005813797214673838,0.00012720253632918848,0.0012320157287918018,0.014865054194610271
2019-09-30,4,1007,0.007727790723129681,0.005081052639234926,0.00016395803810494055,0.0016651266802613683,0.016326139840165295
2019-09-30,5,1007,0.011061992354944256,0.002660198635433543,0.0005625906320314247,0.0028307720293502935,0.019698478160259207
2019-10-31,1,1015,0.0047181259949294055,0.0046472906470899486,6.764117677632787e-05,0.0005626749124455695,0.011123602793962429
2019-10-31,2,1015,0.005328017824963869,0.005312975361165327,8.864826033273873e-05,0.0010155963601842127,0.01214236784315355
2019-10-31,3,1015,0.0070850501300011555,0.006472206899597771,0.00016168080475675381,0.0014121800040969438,0.014480303549985791
2019-10-31,4,1015,0.006766666081246592,0.006306315276473864,0.00014930305454884712,0.0019138083472201564,0.015378948921143167
2019-10-31,5,1015,0.012744391668274908,0.006679625633820574,0.0007802781149845614,0.0031895571891578166,0.020950894413377084
2019-11-30,1,998,0.006207884241669104,0.006558466942850006,9.953654040291109e-05,0.0005841757689434415,0.010738205303174214
2019-11-30,2,998,0.0077820448631414135,0.008267474938400698,0.00016842350887634564,0.0010031463617246749,0.012473424662191708
2019-11-30,3,998,0.009974040791590056,0.010898967926054784,0.0002947939694607781,0.0013726119405453798,0.014431022230456564
2019-11-30,4,998,0.010131457174335208,0.010822785580236808,0.0003540479374616577,0.0018652417264659452,0.014852484887568356
2019-11-30,5,998,0.020622590774354306,0.020184719419126352,0.0018465722808074117,0.003142095755412604,0.020960726267612348
2019-12-31,1,1017,0.007129411988752251,-0.004712340227716607,0.00012158147454988969,0.0005642669380832233,0.009789635190016261
2019-12-31,2,1017,0.007926908921981614,-0.004649085546273364,0.00015828089040049415,0.0009717604505072108,0.011178634276297242
2019-12-31,3,1016,0.01066221078283179,-0.0065822539427782024,0.00027661895147187916,0.001337916331519241,0.012889023399069284
2019-12-31,4,1017,0.011037730110285913,-0.006893805326485013,0.00030472498730296316,0.001821542303230944,0.013908605493765963
2019-12-31,5,1017,0.015587053097821362,-0.00969888886902839,0.0010167192679526457,0.002965639863633104,0.018887509634176024
2020-01-31,1,1013,0.015389535658856193,-0.014044067132577795,0.00043896176600626837,0.0005898588555510903,0.009313813786435218
2020-01-31,2,1012,0.017060753750721122,-0.015052934778676263,0.0005605753654766058,0.0010279903685911018,0.010614820838682714
2020-01-31,3,1013,0.021541871010021148,-0.019338963490490562,0.000873603002794682,0.001414406367311859,0.012691816539139117
2020-01-31,4,1012,0.02137948739574375,-0.018612796469889097,0.0009316440810173071,0.0018888660566754828,0.012968554388839879
2020-01-31,5,1013,0.03499278998279083,-0.030878489726998887,0.00391524316562368,0.0031799620244975764,0.01793758491527295
2020-02-29,1,1001,0.10158201473093617,-0.10028321668182939,0.013953583537874589,0.0006268619486744039,0.009320475086694594
2020-02-29,2,1001,0.10749870707489553,-0.10604359625969417,0.016065412424528,0.0010750444700759084,0.010575363676118584
2020-02-29,3,1002,0.11524487187309361,-0.11337171657988708,0.0201766665340403,0.0015148038697667084,0.012409926057869851
2020-02-29,4,1001,0.13262899694467184,-0.13083325645823096,0.028439367633021063,0.002008052373704456,0.013906602282070118
2020-02-29,5,1001,0.16521471301845067,-0.1634573727064994,0.051995368878577544,0.0032482150926669033,0.017878135292020984
2020-03-31,1,1033,0.05520781099525139,0.051768877073177864,0.005117655399987759,0.0007662400824262998,0.038745261346232726
2020-03-31,2,1032,0.06293995841773832,0.058181812071124175,0.00794420700530106,0.001308750215257176,0.04056493434098474
2020-03-31,3,1033,0.0648669024442886,0.05956317531832427,0.008116026064359344,0.0018286108824199533,0.041648587267320625
2020-03-31,4,1032,0.062426198779602225,0.05668711238735863,0.00971806243912834,0.0025757809126190656,0.037601001279467486
2020-03-31,5,1033,0.08314642973567987,0.06017093927485272,0.02792949232629318,0.004280563878495367,0.044054639514635494
2020-04-30,1,1010,0.0207150527045741,0.018807792072204555,0.001082549496840559,0.0006613904645467565,0.0337718171712521
2020-04-30,2,1010,0.021783423971749163,0.019549376210135853,0.0011094164728217345,0.001095668633481247,0.037282427026757714
2020-04-30,3,1011,0.023750314918998452,0.020632176053779427,0.001650398534189292,0.0015633952129945653,0.03875386038050324
2020-04-30,4,1010,0.027700726808117408,0.02499092074224854,0.0026201580771850522,0.002200511626393521,0.0416220106293437
2020-04-30,5,1010,0.04951878140703548,0.039081445377721166,0.014879561943717257,0.00362754885153321,0.0573760230684392
2020-05-31,1,1025,0.01921578202464223,0.018197404848899347,0.0006996427094620513,0.0005855679222471353,0.04256481400587052
2020-05-31,2,1025,0.02053166266591867,0.019383658560283238,0.0010104089569135965,0.0010069485243767245,0.04420761202519727
2020-05-31,3,1026,0.021589005781060936,0.01983561404475813,0.001189527512498711,0.0014844841804610627,0.048514119921520195
2020-05-31,4,1025,0.021831239959510623,0.020150546302693105,0.0012232226540749571,0.0020872026537939988,0.04804311130900688
2020-05-31,5,1025,0.03109595087230551,0.02457089755819364,0.0036124376273833966,0.003333762464000076,0.06175057951941058
2020-06-30,1,1008,0.023735561679283642,0.024253124965403074,0.0015630266228656268,0.0006422343900245174,0.045474141256415294
2020-06-30,2,1008,0.023019364867499545,0.023272440457972946,0.0012927774687566528,0.0010399711216972185,0.046317438357955175
2020-06-30,3,1009,0.022924762177323182,0.022956600606967068,0.0013619716919872488,0.0014303354284809558,0.04900026180555845
2020-06-30,4,1008,0.02173631808122534,0.021609543639594147,0.0010225400976986419,0.0019875113498434268,0.04953297118333491
2020-06-30,5,1008,0.031957949389554215,0.027922618991010856,0.005410675499279984,0.0033177823719191192,0.06527882267208471
2020-07-31,1,1009,0.00808481751827467,0.0014290386500772805,0.00018510567536745524,0.0007544409623631218,0.04030757153764979
2020-07-31,2,1010,0.008701096105554149,0.0017963564537591208,0.00023453699811446478,0.0012378111937678792,0.045498103175337326
2020-07-31,3,1009,0.01076578057020449,0.0035788106729481677,0.0005449722743205908,0.0017233221838333602,0.0495561451678789
2020-07-31,4,1010,0.009484715596537617,0.0042723861328466785,0.0003510494424132886,0.0023568563818722943,0.0497079213294936
2020-07-31,5,1009,0.017751691336676263,0.012763399350923825,0.003982445010295956,0.0037434547931718297,0.07015083289488255
2020-08-31,1,1012,0.007352546765852289,-0.002339001979085203,0.00012909484798946037,0.0007454186166239264,0.042955506719314564
2020-08-31,2,1012,0.008228941052188436,-0.004045662061719707,0.00014450042424182002,0.0012304857973596257,0.04723950665481408
2020-08-31,3,1011,0.010071799140910921,-0.005446656751394321,0.0002991402031004184,0.0016251017115577844,0.047869085236113766
2020-08-31,4,1012,0.010182603923740721,-0.005561956533545692,0.00026449446076637047,0.0021261223631329263,0.04801143985215797
2020-08-31,5,1012,0.015727704549924226,-0.007731047436414243,0.0008781550824226057,0.0034380115284272984,0.06961859627601368
2020-09-30,1,992,0.008848132335905484,0.00910329637649225,0.00021328538870113507,0.0007436729145147445,0.04205494342069139
2020-09-30,2,992,0.010106061256082521,0.01032302419598123,0.0002924627471027234,0.0012192958542408489,0.045636948109817124
2020-09-30,3,992,0.010592688272467246,0.009825292348317992,0.0003115062697757245,0.0016775586386478221,0.048578526432171476
2020-09-30,4,992,0.01161362341232821,0.010800282273162192,0.0004220775137514886,0.002290173291081176,0.05303288515721572
2020-09-30,5,992,0.01802184113339114,0.010151532237119358,0.0013175997404212252,0.003666447815543209,0.07873607708665903
2020-10-31,1,1045,0.016923043585065838,0.01810939710718648,0.0007079087532708248,0.0006988691593579816,0.03915246624472794
2020-10-31,2,1045,0.020964944513233066,0.022024258351964157,0.001081121335821503,0.0011323479449244281,0.04414263818032192
2020-10-31,3,1045,0.020546105704147333,0.021806717734009225,0.001022266058111212,0.0015298284589812924,0.04328493035646155
2020-10-31,4,1045,0.022855555191356024,0.02350659330342629,0.001427750858253076,0.002078274954213551,0.04858225965372206
2020-10-31,5,1045,0.040514031448647805,0.04129225839318348,0.008264004662218662,0.003566748592943042,0.07211498065764146
2020-11-30,1,1034,0.0073861889774725015,0.007332959381409157,0.00016315937605797823,0.0006866906080705328,0.04326296581365932
2020-11-30,2,1034,0.008888344747573251,0.008779352045159852,0.0002078745702632051,0.0011449255728573622,0.0454159366077856
2020-11-30,3,1035,0.00901181314835044,0.00900106280105012,0.00021767273047831846,0.0016095024135818284,0.045796156803715626
2020-11-30,4,1034,0.009364962791010399,0.008818162475683945,0.00023997933535264363,0.002249342264360756,0.0474365438903674
2020-11-30,5,1034,0.021201901952208002,0.02193263063643798,0.003386256948218738,0.003647408588483956,0.07459128650380152
2020-12-31,1,1088,0.005779500601158969,0.001617830893354387,8.645761712384273e-05,0.0006424569118314236,0.04026021376672755
2020-12-31,2,1087,0.006406811533131846,0.0031079944805101557,0.00011798824151786232,0.001098559017792848,0.04392078432950842
2020-12-31,3,1088,0.005901220063041393,0.0020756893289966254,0.00010066983789353444,0.0015879667334914671,0.04295573737171303
2020-12-31,4,1087,0.00666199514599535,0.0026324286945521107,0.00013446722279911446,0.002208145745285652,0.04608261466153136
2020-12-31,5,1088,0.011183475338685732,0.006308446693805416,0.0007998458998897382,0.003586554701982043,0.06748610239225421
2021-01-31,1,1093,0.00718694740699391,0.006873430907656657,0.00015346322179357478,0.0006305345864818198,0.03961586454451386
2021-01-31,2,1092,0.008140381339567277,0.00749211538333752,0.0001818887741825334,0.001096020614814507,0.042096476783747026
2021-01-31,3,1093,0.008271477750396465,0.007787612070923573,0.0002171863372838755,0.0015763064597482993,0.04289716582123787
2021-01-31,4,1092,0.0087986421511849,0.007893772893498779,0.0002259732876005707,0.0022000179825045077,0.04333079951817006
2021-01-31,5,1093,0.014232040460667955,0.01317150953828784,0.0010125170068381998,0.003593669247492401,0.06912578164789776
2021-02-28,1,1079,0.005603035591163729,0.00068240963804171,6.876848964646314e-05,0.0007676386681506373,0.042548943653390604
2021-02-28,2,1079,0.006577789285136764,0.0006829842467805764,0.00010396971712565308,0.0012755345157920031,0.04265233324480335
2021-02-28,3,1080,0.006436998268830249,0.0005210648187534793,9.718758162104541e-05,0.0017302973853974555,0.04476604542852603
2021-02-28,4,1079,0.006664556293455776,0.0009973030673917508,0.00011736027302620908,0.002400707563790463,0.046949026562820365
2021-02-28,5,1079,0.007884635283839618,0.0013359407025008354,0.000177334077037032,0.003877758397650184,0.06800458673741379
2021-03-31,1,1100,0.005575685869269017,0.003606236369728735,7.901920750453879e-05,0.0006289009540757771,0.02114937085437014
2021-03-31,2,1100,0.005556845282944558,0.004259018176909938,8.082287619742979e-05,0.0011059716482784148,0.022583314076153906
2021-03-31,3,1100,0.00622708671512774,0.004455363627887643,9.931055278200569e-05,0.0015403883596779731,0.02576064800622887
2021-03-31,4,1100,0.0057778781234724,0.004419118186587267,8.896737142383166e-05,0.0020958519277768286,0.02572807107484425
2021-03-31,5,1100,0.00695737347189912,0.005800990900838356,0.00017730418601572166,0.0032938228864644744,0.032657779017590274
2021-04-30,1,1088,0.003647008666105865,0.0025336488952100757,3.667953603683774e-05,0.0007285186280594523,0.01482881347286683
2021-04-30,2,1089,0.004175238682480126,0.0028574563761919916,5.5827035652041695e-05,0.0012339470489285648,0.016721128775643742
2021-04-30,3,1088,0.004910841605071943,0.003042132350949888,7.5781046473067e-05,0.001687945309293665,0.017629270006335393
2021-04-30,4,1089,0.0052887915972129555,0.002880404046324821,6.997059049860652e-05,0.0023679498950192777,0.01912655388502484
2021-04-30,5,1088,0.006352439840611466,0.001825183813493555,0.00011481712713362873,0.0037661089166047433,0.024126015823469914
2021-05-31,1,1100,0.005446491236973483,0.0052632363758907145,0.00018855244196810044,0.0007283055719972684,0.01298616879956608
2021-05-31,2,1101,0.006450227825040166,0.006253542246629251,0.0001750606119768232,0.001216805576110483,0.014441949748221751
2021-05-31,3,1100,0.00600170894530338,0.005383954549271782,8.989473144396738e-05,0.0016617456199878857,0.014654626292272068
2021-05-31,4,1101,0.006622544900272179,0.005824595821008441,0.00010318237800666773,0.0023325702533763307,0.014758083850403883
2021-05-31,5,1100,0.00919656389602383,0.008266163633240715,0.0003232211766655501,0.003909153562247399,0.021964540244056904
2021-06-30,1,1086,0.0044934222232007525,-0.002197633520722147,4.029701099651054e-05,0.0006350628871191586,0.010972766324798338
2021-06-30,2,1086,0.004651729468912794,-0.0022309944827981778,4.070325517661539e-05,0.0011097026759739866,0.011684099446275723
2021-06-30,3,1087,0.005752710607366436,-0.002934811409564058,6.0844381334293714e-05,0.001533993200142473,0.013818530338592308
2021-06-30,4,1086,0.005720917982003557,-0.0031201289194184695,6.450938913236026e-05,0.002100104646588277,0.014280543157016625
2021-06-30,5,1086,0.007820246406523805,-0.004616206263303456,0.00011507922446026524,0.003449330979462865,0.02242657397951968
2021-07-31,1,1096,0.004360146961286675,-0.0018420802841757678,3.6345696463027216e-05,0.000579024953426665,0.010186645387459888
2021-07-31,2,1096,0.0051017883598171,-0.0008557572935978565,6.046644008136243e-05,0.000987151413066755,0.012508211758975993
2021-07-31,3,1096,0.004962566360667146,-0.0005228010920762471,5.445483634344197e-05,0.0013604458370997672,0.012908767276241562
2021-07-31,4,1096,0.004850491784651053,-0.00010719890015755409,5.566954421662595e-05,0.001850812466522919,0.0127781628665344
2021-07-31,5,1096,0.0049328036758213714,0.00015579380086268576,5.874310341532263e-05,0.002968925923149789,0.014326869157277938
2021-08-31,1,1092,0.003969445601200952,0.003402609894152732,4.670433966954129e-05,0.0006198139897094158,0.009886054453293856
2021-08-31,2,1092,0.004505881623710155,0.0042969780230596505,5.82393704027245e-05,0.001098343255848804,0.011145153796427013
2021-08-31,3,1093,0.00506903983400621,0.005013183894267793,9.062094089905924e-05,0.0015117697261954972,0.012246465816900462
2021-08-31,4,1092,0.0053329895544129416,0.005073910252406846,9.984792025399372e-05,0.0020526771463691106,0.013403657243320002
2021-08-31,5,1092,0.005900262864101408,0.004946767399501985,0.00011348422795551946,0.0032501326507372564,0.014517858157394767
2021-09-30,1,1074,0.0037378622030160335,0.001870968349143185,3.446225031664521e-05,0.0005853345910245652,0.009595424981749295
2021-09-30,2,1075,0.004134145627049043,0.0021239534938412847,4.3979246070852036e-05,0.0009959115205317596,0.010547551610953438
2021-09-30,3,1074,0.004359385177510732,0.0021171229128418042,5.2252829259563883e-05,0.001359010746130333,0.01178166517841543
2021-09-30,4,1075,0.004249811028430521,0.0020853860485861566,5.2000957425421235e-05,0.0018222459572629708,0.01178236671441139
2021-09-30,5,1074,0.005170369207421809,0.0029039664958952494,9.020253043194982e-05,0.002858166885570192,0.0161570622435939
2021-10-31,1,1095,0.012117100861249558,-0.010456374430187477,0.00021986368952968117,0.0006805551308951914,0.008900760378135794
2021-10-31,2,1095,0.01278218301993389,-0.010843963492489617,0.00023017303908764568,0.0011440553925343795,0.010372222974720994
2021-10-31,3,1094,0.013148134025327567,-0.011312815348371094,0.0002406955512789594,0.0015194827876445953,0.010520533832945034
2021-10-31,4,1095,0.013440340732669268,-0.011384575349440481,0.0002783740075329753,0.0019763189445702084,0.011165496133164832
2021-10-31,5,1095,0.013618312703230866,-0.011526876722310179,0.00029348528958182094,0.00305197610652725,0.013971181515658548
2021-11-30,1,1082,0.0055769697947809635,0.003976765240197299,7.448622861357653e-05,0.0006301579364281061,0.007106245107774366
2021-11-30,2,1081,0.00696039970471137,0.00546142461241863,0.00013200499735377305,0.0011310904019041698,0.007889962782819011
2021-11-30,3,1082,0.007384204671698916,0.00660165435131934,0.00015461571228283285,0.0015577526883827056,0.008967536258555217
2021-11-30,4,1081,0.007570724853347301,0.006641396864512253,0.00015519183829617098,0.0021061018412074656,0.009389062414008838
2021-11-30,5,1082,0.007242761952452667,0.0053195471430991445,0.00015333191775848877,0.0033083665645020424,0.00886463241880372
2021-12-31,1,1101,0.00983903020243556,-0.008102534055423109,0.00017079606503459042,0.0006398242198920377,0.00690854699108944
2021-12-31,2,1101,0.011732231747684205,-0.009592688461693165,0.00020699227675516542,0.0010997292317180035,0.008537334878463802
2021-12-31,3,1100,0.012124335670131986,-0.00966251816415355,0.00022868359078095566,0.0015408717608573215,0.009419540474633765
2021-12-31,4,1101,0.013312237121420399,-0.01090811988888576,0.000297294778144462,0.002103171830679291,0.009903147602680084
2021-12-31,5,1101,0.012537405541119066,-0.010541362428033092,0.00029379578513261004,0.0034022047013523263,0.009946684964195656
2022-01-31,1,1099,0.014928211192541863,-0.013439672428302003,0.0003540614145111597,0.0006909480225083917,0.008413522713975049
2022-01-31,2,1100,0.01592216120813976,-0.013765972737941907,0.00040078666311350175,0.0011787764210139371,0.009492787678240636
2022-01-31,3,1099,0.016184783870862217,-0.013615732500118419,0.0004065463238435511,0.001613700428736325,0.00961881759376783
2022-01-31,4,1100,0.015822190543074616,-0.013416454535535277,0.00038860597810688594,0.002125237338152837,0.0094324002925222
2022-01-31,5,1099,0.014261918872318088,-0.011069508626166296,0.00035661671419331964,0.0032432084692270843,0.010334709708004238
2022-02-28,1,1089,0.010166536380292118,0.008767548222567544,0.000260093438133069,0.0007180435538322218,0.008334954608019661
2022-02-28,2,1089,0.011249942874519917,0.010022910941131665,0.00031095125587757527,0.0011196121964631223,0.008882300395921501
2022-02-28,3,1088,0.010803860552590324,0.009481066180098075,0.00028142279286032533,0.001477044532662161,0.008979080429748666
2022-02-28,4,1089,0.010809304579072223,0.008782286511126154,0.00029715680550269913,0.001989943209073818,0.00908254912977138
2022-02-28,5,1089,0.012335784810110396,0.009461349860565642,0.00036293023709482063,0.003105939226712938,0.010659978186386797
2022-03-31,1,1107,0.015233050461029659,-0.013545167139870582,0.00032661811464588375,0.0006534227599263592,0.009827349436272935
2022-03-31,2,1108,0.016235409060796617,-0.01415858304044837,0.000340294397994468,0.0011695893937344664,0.010832088801450417
2022-03-31,3,1107,0.01618799946904248,-0.01375920506330788,0.0003696368662587792,0.001602374526475222,0.010923861184139396
2022-03-31,4,1108,0.015369270869581128,-0.012710252694939993,0.0003438896464940126,0.00215690249628997,0.010778406772171048
2022-03-31,5,1107,0.0170754708433343,-0.014114200542606911,0.0005469962860613262,0.0034492359341339474,0.011305200286542414
2022-04-30,1,1097,0.008672303169166801,0.0030120145986759746,0.00015883853619626343,0.0006931145925400409,0.010266037743334636
2022-04-30,2,1097,0.009202259834566424,0.0032450136919046388,0.00018275553236960093,0.0011986495010049894,0.011542602638830267
2022-04-30,3,1096,0.009085342831738057,0.0031448266343889965,0.00017869441587118948,0.0016350845978898832,0.01107545510674889
2022-04-30,4,1097,0.008957722864840154,0.002885642666803979,0.0001906022119439023,0.0021942626828484533,0.01103366172857474
2022-04-30,5,1097,0.011148650788811833,0.0019238195139570917,0.0005526178105701962,0.0034350526949996755,0.010525565296121812
2022-05-31,1,1107,0.016747511288676336,-0.014910758826464414,0.0004147146327748042,0.0006560390808091117,0.010456615517265908
2022-05-31,2,1107,0.02027234552020236,-0.018109340553865535,0.0006732632367767331,0.001113654475782341,0.011244245933738128
2022-05-31,3,1106,0.021576483111464817,-0.019142079579577302,0.0007495497302866959,0.001551127672176285,0.01217657868851649
2022-05-31,4,1107,0.02079044056765032,-0.018471698300353667,0.0007238036686144828,0.0021289883478317114,0.012206502204152944
2022-05-31,5,1107,0.024416350668710292,-0.0217550497194073,0.001560684669825714,0.0033557365337459873,0.013209110082471671
2022-06-30,1,1095,0.012459762119892323,0.012157826485436172,0.0003275887020267418,0.000690190366088898,0.011460943447967652
2022-06-30,2,1096,0.013352191639369966,0.013094187937842077,0.0004191190420748856,0.0011912695799230297,0.012157450161643235
2022-06-30,3,1095,0.013461576963635511,0.013096264834146571,0.0004375647103994927,0.0016328864899768619,0.012135296969097847
2022-06-30,4,1096,0.013785757342297016,0.013853029168155053,0.0005058320837342464,0.0022224209632503997,0.011974710082430045
2022-06-30,5,1095,0.015139755467942566,0.01406898631087821,0.0006354137211966056,0.0034582255482064096,0.011984177848079298
2022-07-31,1,1109,0.005893219581223234,0.0032101533024000415,8.73144630375585e-05,0.0006074365237979391,0.011944494619387062
2022-07-31,2,1109,0.007044980519491876,0.004400369711298994,0.0001283601204463465,0.0010773471721382284,0.012936131779256389
2022-07-31,3,1109,0.00824738540683652,0.003723823261073205,0.00019794963458438688,0.00147070035976435,0.01479370060052386
2022-07-31,4,1109,0.007209241643944684,0.0031270964905304754,0.00015049725360659997,0.001986637962796602,0.014021184968682088
2022-07-31,5,1109,0.010272757780206188,0.0048260505008533554,0.0004853033302095815,0.00314305128570386,0.01648922580833731
2022-08-31,1,1110,0.01218136444522134,-0.010519990998862111,0.0002128098505768422,0.000631328315488202,0.012943465584844127
2022-08-31,2,1110,0.013762934750528222,-0.011301567582700659,0.0003478621979458172,0.0010875845080086863,0.014039097875801758
2022-08-31,3,1109,0.013409876027986342,-0.010813615881652678,0.0002841158842782254,0.0015159799079889227,0.01385035068143715
2022-08-31,4,1110,0.014595379496023532,-0.011999288276651364,0.00033206477748499557,0.0020452691276208915,0.015357409807683136
2022-08-31,5,1110,0.015890521511525375,-0.012418027032624384,0.00047240648832766897,0.0031372729809466837,0.016315941406133204
2022-09-30,1,1101,0.008751776492827676,0.006127039077713409,0.00017646219525897943,0.0005668089998247462,0.01286026786451249
2022-09-30,2,1100,0.009828480854954608,0.00821905456133126,0.0002437341373076351,0.0009804362161114312,0.013503306592973156
2022-09-30,3,1101,0.012015450942051305,0.010675967305454417,0.0003810600181605328,0.0013487438061793409,0.014956162280194536
2022-09-30,4,1100,0.013525702755633216,0.012673499983628227,0.00047962230231998184,0.0018293289127559456,0.015682078101199606
2022-09-30,5,1101,0.017032981453709028,0.013827511431063894,0.0008856194564144552,0.0030952313787217965,0.017597725181428815
2022-10-31,1,1117,0.015568161300524543,0.01588833483797076,0.0004272482076469061,0.0005708331381923154,0.013453608820764948
2022-10-31,2,1117,0.01588313493568754,0.01538198747836589,0.00047645037393417806,0.0009759286826762877,0.014338111558741214
2022-10-31,3,1116,0.016099021927075068,0.015682741937131813,0.00048543460105909917,0.0013549050849284581,0.015063111793693938
2022-10-31,4,1117,0.017247576087430154,0.016747403750683985,0.0005990480476141516,0.0018408069350915224,0.015762953461717827
2022-10-31,5,1117,0.017866920621268968,0.0154716652013982,0.0011184547113777133,0.002987254350041729,0.018690941997716093
2022-11-30,1,1109,0.006224517823790627,0.004691884583741934,8.88123136178469e-05,0.0006271675250866444,0.014154625478529335
2022-11-30,2,1109,0.007094265506677064,0.0051234715903792525,0.00011787388963346603,0.001043466111161068,0.015151050041592824
2022-11-30,3,1108,0.007448962811250041,0.00522898012512921,0.00013402905919134933,0.0014145685584511171,0.01558509952697612
2022-11-30,4,1109,0.007924555987605558,0.005052299376187452,0.00018274080678895195,0.001938753041150194,0.015738213160678395
2022-11-30,5,1109,0.008955793708938915,0.003235942292360413,0.0003270685581376115,0.0030721725272135924,0.017950933853744355
